gene,ligand,receptor,pair,cell_type,mean,std,n
CD3E,TGFB1,TGFBR2,TGFB1$TGFBR2,B,0.0,0.0,20
CD3E,TGFB1,ACVR1B,TGFB1$ACVR1B,B,0.0,0.0,20
CD3E,BMP2,BMPR1A,BMP2$BMPR1A,B,0.0,0.0,20
CD3E,BMP2,ACVR2A,BMP2$ACVR2A,B,0.0,0.0,20
CD3E,BMP2,BMPR2,BMP2$BMPR2,B,0.0,0.0,20
CD3E,BMP4,BMPR1A,BMP4$BMPR1A,B,0.0,0.0,20
CD3E,BMP4,ACVR2A,BMP4$ACVR2A,B,0.0,0.0,20
CD3E,BMP4,BMPR2,BMP4$BMPR2,B,0.0,0.0,20
CD3E,BMP6,BMPR1A,BMP6$BMPR1A,B,0.0,0.0,20
CD3E,GDF11,ACVR1B,GDF11$ACVR1B,B,0.0,0.0,20
CD3E,TGFA,EGFR,TGFA$EGFR,B,0.0,0.0,20
CD3E,TGFA,ERBB2,TGFA$ERBB2,B,0.0,0.0,20
CD3E,PDGFA,PDGFRA,PDGFA$PDGFRA,B,0.0,0.0,20
CD3E,PDGFA,PDGFRB,PDGFA$PDGFRB,B,0.0,0.0,20
CD3E,IGF1,ITGA6,IGF1$ITGA6,B,0.0,0.0,20
CD3E,IGF1,ITGB4,IGF1$ITGB4,B,0.0,0.0,20
CD3E,IHH,PTCH1,IHH$PTCH1,B,0.0,0.0,20
CD3E,IHH,SMO,IHH$SMO,B,0.0,0.0,20
CD3E,CCL15,CCR1,CCL15$CCR1,B,0.0,0.0,20
CD3E,CXCL12,CXCR4,CXCL12$CXCR4,B,0.0,0.0,20
CD3E,IL7,IL2RG,IL7$IL2RG,B,0.0,0.0,20
CD3E,IL15,IL2RG,IL15$IL2RG,B,0.0,0.0,20
CD3E,IL18,IL18R1,IL18$IL18R1,B,0.0,0.0,20
CD3E,IL16,CD4,IL16$CD4,B,0.0,0.0,20
CD3E,LTB,LTBR,LTB$LTBR,B,0.0,0.0,20
CD3E,TNFSF10,TNFRSF10A,TNFSF10$TNFRSF10A,B,0.0,0.0,20
CD3E,TNFSF13,TNFRSF17,TNFSF13$TNFRSF17,B,0.0,0.0,20
CD3E,TNFSF13,TNFRSF13B,TNFSF13$TNFRSF13B,B,0.0,0.0,20
CD3E,POSTN,ITGAV,POSTN$ITGAV,B,0.0,0.0,20
CD3E,POSTN,ITGB3,POSTN$ITGB3,B,0.0,0.0,20
CD3E,POSTN,ITGB5,POSTN$ITGB5,B,0.0,0.0,20
CD3E,EDN1,EDNRB,EDN1$EDNRB,B,0.0,0.0,20
CD3E,GZMA,F2R,GZMA$F2R,B,0.0,0.0,20
CD3E,GAS6,AXL,GAS6$AXL,B,0.0,0.0,20
CD3E,GAS6,MERTK,GAS6$MERTK,B,0.0,0.0,20
CD3E,GAS6,TYRO3,GAS6$TYRO3,B,0.0,0.0,20
CD3E,GRN,SORT1,GRN$SORT1,B,0.0,0.0,20
CD3E,GUCA2A,GUCY2C,GUCA2A$GUCY2C,B,0.0,0.0,20
CD3E,BTLA,TNFRSF14,BTLA$TNFRSF14,B,0.0,0.0,20
CD3E,LGALS9,HAVCR2,LGALS9$HAVCR2,B,0.0,0.0,20
CD3E,LGALS9,CD44,LGALS9$CD44,B,0.0,0.0,20
CD3E,COL6A2,CD44,COL6A2$CD44,B,0.0,0.0,20
CD3E,CDH1,CDH1,CDH1$CDH1,B,0.0,0.0,20
CD3E,CDH1,ITGAE,CDH1$ITGAE,B,0.0,0.0,20
CD3E,F11R,ITGAL,F11R$ITGAL,B,0.0,0.0,20
CD3E,F11R,F11R,F11R$F11R,B,0.0,0.0,20
CD3E,LCK,CD8A,LCK$CD8A,B,0.0,0.0,20
CD3E,HLA-DRA,CD4,HLA-DRA$CD4,B,0.0,0.0,20
CD3E,TGFB1,TGFBR2,TGFB1$TGFBR2,Endothelial,0.0,0.0,391
CD3E,TGFB1,ACVR1B,TGFB1$ACVR1B,Endothelial,0.0,0.0,391
CD3E,BMP2,BMPR1A,BMP2$BMPR1A,Endothelial,0.0,0.0,391
CD3E,BMP2,ACVR2A,BMP2$ACVR2A,Endothelial,0.0,0.0,391
CD3E,BMP2,BMPR2,BMP2$BMPR2,Endothelial,0.0,0.0,391
CD3E,BMP4,BMPR1A,BMP4$BMPR1A,Endothelial,0.0,0.0,391
CD3E,BMP4,ACVR2A,BMP4$ACVR2A,Endothelial,0.0,0.0,391
CD3E,BMP4,BMPR2,BMP4$BMPR2,Endothelial,0.0,0.0,391
CD3E,BMP6,BMPR1A,BMP6$BMPR1A,Endothelial,0.0,0.0,391
CD3E,GDF11,ACVR1B,GDF11$ACVR1B,Endothelial,0.0,0.0,391
CD3E,TGFA,EGFR,TGFA$EGFR,Endothelial,0.0,0.0,391
CD3E,TGFA,ERBB2,TGFA$ERBB2,Endothelial,0.0,0.0,391
CD3E,PDGFA,PDGFRA,PDGFA$PDGFRA,Endothelial,0.0,0.0,391
CD3E,PDGFA,PDGFRB,PDGFA$PDGFRB,Endothelial,0.0,0.0,391
CD3E,IGF1,ITGA6,IGF1$ITGA6,Endothelial,0.0,0.0,391
CD3E,IGF1,ITGB4,IGF1$ITGB4,Endothelial,0.0,0.0,391
CD3E,IHH,PTCH1,IHH$PTCH1,Endothelial,0.0,0.0,391
CD3E,IHH,SMO,IHH$SMO,Endothelial,0.0,0.0,391
CD3E,CCL15,CCR1,CCL15$CCR1,Endothelial,0.0,0.0,391
CD3E,CXCL12,CXCR4,CXCL12$CXCR4,Endothelial,0.0,0.0,391
CD3E,IL7,IL2RG,IL7$IL2RG,Endothelial,0.0,0.0,391
CD3E,IL15,IL2RG,IL15$IL2RG,Endothelial,0.0,0.0,391
CD3E,IL18,IL18R1,IL18$IL18R1,Endothelial,0.0,0.0,391
CD3E,IL16,CD4,IL16$CD4,Endothelial,0.0,0.0,391
CD3E,LTB,LTBR,LTB$LTBR,Endothelial,0.0,0.0,391
CD3E,TNFSF10,TNFRSF10A,TNFSF10$TNFRSF10A,Endothelial,0.0,0.0,391
CD3E,TNFSF13,TNFRSF17,TNFSF13$TNFRSF17,Endothelial,0.0,0.0,391
CD3E,TNFSF13,TNFRSF13B,TNFSF13$TNFRSF13B,Endothelial,0.0,0.0,391
CD3E,POSTN,ITGAV,POSTN$ITGAV,Endothelial,0.0,0.0,391
CD3E,POSTN,ITGB3,POSTN$ITGB3,Endothelial,0.0,0.0,391
CD3E,POSTN,ITGB5,POSTN$ITGB5,Endothelial,0.0,0.0,391
CD3E,EDN1,EDNRB,EDN1$EDNRB,Endothelial,0.0,0.0,391
CD3E,GZMA,F2R,GZMA$F2R,Endothelial,0.0,0.0,391
CD3E,GAS6,AXL,GAS6$AXL,Endothelial,0.0,0.0,391
CD3E,GAS6,MERTK,GAS6$MERTK,Endothelial,0.0,0.0,391
CD3E,GAS6,TYRO3,GAS6$TYRO3,Endothelial,0.0,0.0,391
CD3E,GRN,SORT1,GRN$SORT1,Endothelial,0.0,0.0,391
CD3E,GUCA2A,GUCY2C,GUCA2A$GUCY2C,Endothelial,0.0,0.0,391
CD3E,BTLA,TNFRSF14,BTLA$TNFRSF14,Endothelial,0.0,0.0,391
CD3E,LGALS9,HAVCR2,LGALS9$HAVCR2,Endothelial,0.0,0.0,391
CD3E,LGALS9,CD44,LGALS9$CD44,Endothelial,0.0,0.0,391
CD3E,COL6A2,CD44,COL6A2$CD44,Endothelial,0.0,0.0,391
CD3E,CDH1,CDH1,CDH1$CDH1,Endothelial,0.0,0.0,391
CD3E,CDH1,ITGAE,CDH1$ITGAE,Endothelial,0.0,0.0,391
CD3E,F11R,ITGAL,F11R$ITGAL,Endothelial,0.0,0.0,391
CD3E,F11R,F11R,F11R$F11R,Endothelial,0.0,0.0,391
CD3E,LCK,CD8A,LCK$CD8A,Endothelial,0.0,0.0,391
CD3E,HLA-DRA,CD4,HLA-DRA$CD4,Endothelial,0.0,0.0,391
CD3E,TGFB1,TGFBR2,TGFB1$TGFBR2,Enteric_glia,0.0,0.0,92
CD3E,TGFB1,ACVR1B,TGFB1$ACVR1B,Enteric_glia,0.0,0.0,92
CD3E,BMP2,BMPR1A,BMP2$BMPR1A,Enteric_glia,0.0,0.0,92
CD3E,BMP2,ACVR2A,BMP2$ACVR2A,Enteric_glia,0.0,0.0,92
CD3E,BMP2,BMPR2,BMP2$BMPR2,Enteric_glia,0.0,0.0,92
CD3E,BMP4,BMPR1A,BMP4$BMPR1A,Enteric_glia,0.0,0.0,92
CD3E,BMP4,ACVR2A,BMP4$ACVR2A,Enteric_glia,0.0,0.0,92
CD3E,BMP4,BMPR2,BMP4$BMPR2,Enteric_glia,0.0,0.0,92
CD3E,BMP6,BMPR1A,BMP6$BMPR1A,Enteric_glia,0.0,0.0,92
CD3E,GDF11,ACVR1B,GDF11$ACVR1B,Enteric_glia,0.0,0.0,92
CD3E,TGFA,EGFR,TGFA$EGFR,Enteric_glia,0.0,0.0,92
CD3E,TGFA,ERBB2,TGFA$ERBB2,Enteric_glia,0.0,0.0,92
CD3E,PDGFA,PDGFRA,PDGFA$PDGFRA,Enteric_glia,0.0,0.0,92
CD3E,PDGFA,PDGFRB,PDGFA$PDGFRB,Enteric_glia,0.0,0.0,92
CD3E,IGF1,ITGA6,IGF1$ITGA6,Enteric_glia,0.0,0.0,92
CD3E,IGF1,ITGB4,IGF1$ITGB4,Enteric_glia,0.0,0.0,92
CD3E,IHH,PTCH1,IHH$PTCH1,Enteric_glia,0.0,0.0,92
CD3E,IHH,SMO,IHH$SMO,Enteric_glia,0.0,0.0,92
CD3E,CCL15,CCR1,CCL15$CCR1,Enteric_glia,0.0,0.0,92
CD3E,CXCL12,CXCR4,CXCL12$CXCR4,Enteric_glia,0.0,0.0,92
CD3E,IL7,IL2RG,IL7$IL2RG,Enteric_glia,0.0,0.0,92
CD3E,IL15,IL2RG,IL15$IL2RG,Enteric_glia,0.0,0.0,92
CD3E,IL18,IL18R1,IL18$IL18R1,Enteric_glia,0.0,0.0,92
CD3E,IL16,CD4,IL16$CD4,Enteric_glia,0.0,0.0,92
CD3E,LTB,LTBR,LTB$LTBR,Enteric_glia,0.0,0.0,92
CD3E,TNFSF10,TNFRSF10A,TNFSF10$TNFRSF10A,Enteric_glia,0.0,0.0,92
CD3E,TNFSF13,TNFRSF17,TNFSF13$TNFRSF17,Enteric_glia,0.0,0.0,92
CD3E,TNFSF13,TNFRSF13B,TNFSF13$TNFRSF13B,Enteric_glia,0.0,0.0,92
CD3E,POSTN,ITGAV,POSTN$ITGAV,Enteric_glia,0.0,0.0,92
CD3E,POSTN,ITGB3,POSTN$ITGB3,Enteric_glia,0.0,0.0,92
CD3E,POSTN,ITGB5,POSTN$ITGB5,Enteric_glia,0.0,0.0,92
CD3E,EDN1,EDNRB,EDN1$EDNRB,Enteric_glia,0.0,0.0,92
CD3E,GZMA,F2R,GZMA$F2R,Enteric_glia,0.0,0.0,92
CD3E,GAS6,AXL,GAS6$AXL,Enteric_glia,0.0,0.0,92
CD3E,GAS6,MERTK,GAS6$MERTK,Enteric_glia,0.0,0.0,92
CD3E,GAS6,TYRO3,GAS6$TYRO3,Enteric_glia,0.0,0.0,92
CD3E,GRN,SORT1,GRN$SORT1,Enteric_glia,0.0,0.0,92
CD3E,GUCA2A,GUCY2C,GUCA2A$GUCY2C,Enteric_glia,0.0,0.0,92
CD3E,BTLA,TNFRSF14,BTLA$TNFRSF14,Enteric_glia,0.0,0.0,92
CD3E,LGALS9,HAVCR2,LGALS9$HAVCR2,Enteric_glia,0.0,0.0,92
CD3E,LGALS9,CD44,LGALS9$CD44,Enteric_glia,0.0,0.0,92
CD3E,COL6A2,CD44,COL6A2$CD44,Enteric_glia,0.0,0.0,92
CD3E,CDH1,CDH1,CDH1$CDH1,Enteric_glia,0.0,0.0,92
CD3E,CDH1,ITGAE,CDH1$ITGAE,Enteric_glia,0.0,0.0,92
CD3E,F11R,ITGAL,F11R$ITGAL,Enteric_glia,0.0,0.0,92
CD3E,F11R,F11R,F11R$F11R,Enteric_glia,0.0,0.0,92
CD3E,LCK,CD8A,LCK$CD8A,Enteric_glia,0.0,0.0,92
CD3E,HLA-DRA,CD4,HLA-DRA$CD4,Enteric_glia,0.0,0.0,92
CD3E,TGFB1,TGFBR2,TGFB1$TGFBR2,Fibroblast,0.0,0.0,944
CD3E,TGFB1,ACVR1B,TGFB1$ACVR1B,Fibroblast,0.0,0.0,944
CD3E,BMP2,BMPR1A,BMP2$BMPR1A,Fibroblast,0.0,0.0,944
CD3E,BMP2,ACVR2A,BMP2$ACVR2A,Fibroblast,0.0,0.0,944
CD3E,BMP2,BMPR2,BMP2$BMPR2,Fibroblast,0.0,0.0,944
CD3E,BMP4,BMPR1A,BMP4$BMPR1A,Fibroblast,0.0,0.0,944
CD3E,BMP4,ACVR2A,BMP4$ACVR2A,Fibroblast,0.0,0.0,944
CD3E,BMP4,BMPR2,BMP4$BMPR2,Fibroblast,0.0,0.0,944
CD3E,BMP6,BMPR1A,BMP6$BMPR1A,Fibroblast,0.0,0.0,944
CD3E,GDF11,ACVR1B,GDF11$ACVR1B,Fibroblast,0.0,0.0,944
CD3E,TGFA,EGFR,TGFA$EGFR,Fibroblast,0.0,0.0,944
CD3E,TGFA,ERBB2,TGFA$ERBB2,Fibroblast,0.0,0.0,944
CD3E,PDGFA,PDGFRA,PDGFA$PDGFRA,Fibroblast,0.0,0.0,944
CD3E,PDGFA,PDGFRB,PDGFA$PDGFRB,Fibroblast,0.0,0.0,944
CD3E,IGF1,ITGA6,IGF1$ITGA6,Fibroblast,0.0,0.0,944
CD3E,IGF1,ITGB4,IGF1$ITGB4,Fibroblast,0.0,0.0,944
CD3E,IHH,PTCH1,IHH$PTCH1,Fibroblast,0.0,0.0,944
CD3E,IHH,SMO,IHH$SMO,Fibroblast,0.0,0.0,944
CD3E,CCL15,CCR1,CCL15$CCR1,Fibroblast,0.0,0.0,944
CD3E,CXCL12,CXCR4,CXCL12$CXCR4,Fibroblast,0.0,0.0,944
CD3E,IL7,IL2RG,IL7$IL2RG,Fibroblast,0.0,0.0,944
CD3E,IL15,IL2RG,IL15$IL2RG,Fibroblast,0.0,0.0,944
CD3E,IL18,IL18R1,IL18$IL18R1,Fibroblast,0.0,0.0,944
CD3E,IL16,CD4,IL16$CD4,Fibroblast,0.0,0.0,944
CD3E,LTB,LTBR,LTB$LTBR,Fibroblast,0.0,0.0,944
CD3E,TNFSF10,TNFRSF10A,TNFSF10$TNFRSF10A,Fibroblast,0.0,0.0,944
CD3E,TNFSF13,TNFRSF17,TNFSF13$TNFRSF17,Fibroblast,0.0,0.0,944
CD3E,TNFSF13,TNFRSF13B,TNFSF13$TNFRSF13B,Fibroblast,0.0,0.0,944
CD3E,POSTN,ITGAV,POSTN$ITGAV,Fibroblast,0.0,0.0,944
CD3E,POSTN,ITGB3,POSTN$ITGB3,Fibroblast,0.0,0.0,944
CD3E,POSTN,ITGB5,POSTN$ITGB5,Fibroblast,0.0,0.0,944
CD3E,EDN1,EDNRB,EDN1$EDNRB,Fibroblast,0.0,0.0,944
CD3E,GZMA,F2R,GZMA$F2R,Fibroblast,0.0,0.0,944
CD3E,GAS6,AXL,GAS6$AXL,Fibroblast,0.0,0.0,944
CD3E,GAS6,MERTK,GAS6$MERTK,Fibroblast,0.0,0.0,944
CD3E,GAS6,TYRO3,GAS6$TYRO3,Fibroblast,0.0,0.0,944
CD3E,GRN,SORT1,GRN$SORT1,Fibroblast,0.0,0.0,944
CD3E,GUCA2A,GUCY2C,GUCA2A$GUCY2C,Fibroblast,0.0,0.0,944
CD3E,BTLA,TNFRSF14,BTLA$TNFRSF14,Fibroblast,0.0,0.0,944
CD3E,LGALS9,HAVCR2,LGALS9$HAVCR2,Fibroblast,0.0,0.0,944
CD3E,LGALS9,CD44,LGALS9$CD44,Fibroblast,0.0,0.0,944
CD3E,COL6A2,CD44,COL6A2$CD44,Fibroblast,0.0,0.0,944
CD3E,CDH1,CDH1,CDH1$CDH1,Fibroblast,0.0,0.0,944
CD3E,CDH1,ITGAE,CDH1$ITGAE,Fibroblast,0.0,0.0,944
CD3E,F11R,ITGAL,F11R$ITGAL,Fibroblast,0.0,0.0,944
CD3E,F11R,F11R,F11R$F11R,Fibroblast,0.0,0.0,944
CD3E,LCK,CD8A,LCK$CD8A,Fibroblast,0.0,0.0,944
CD3E,HLA-DRA,CD4,HLA-DRA$CD4,Fibroblast,0.0,0.0,944
CD3E,TGFB1,TGFBR2,TGFB1$TGFBR2,IEC,0.0,0.0,7778
CD3E,TGFB1,ACVR1B,TGFB1$ACVR1B,IEC,0.0,0.0,7778
CD3E,BMP2,BMPR1A,BMP2$BMPR1A,IEC,0.0,0.0,7778
CD3E,BMP2,ACVR2A,BMP2$ACVR2A,IEC,0.0,0.0,7778
CD3E,BMP2,BMPR2,BMP2$BMPR2,IEC,0.0,0.0,7778
CD3E,BMP4,BMPR1A,BMP4$BMPR1A,IEC,0.0,0.0,7778
CD3E,BMP4,ACVR2A,BMP4$ACVR2A,IEC,0.0,0.0,7778
CD3E,BMP4,BMPR2,BMP4$BMPR2,IEC,0.0,0.0,7778
CD3E,BMP6,BMPR1A,BMP6$BMPR1A,IEC,0.0,0.0,7778
CD3E,GDF11,ACVR1B,GDF11$ACVR1B,IEC,0.0,0.0,7778
CD3E,TGFA,EGFR,TGFA$EGFR,IEC,0.0,0.0,7778
CD3E,TGFA,ERBB2,TGFA$ERBB2,IEC,0.0,0.0,7778
CD3E,PDGFA,PDGFRA,PDGFA$PDGFRA,IEC,0.0,0.0,7778
CD3E,PDGFA,PDGFRB,PDGFA$PDGFRB,IEC,0.0,0.0,7778
CD3E,IGF1,ITGA6,IGF1$ITGA6,IEC,0.0,0.0,7778
CD3E,IGF1,ITGB4,IGF1$ITGB4,IEC,0.0,0.0,7778
CD3E,IHH,PTCH1,IHH$PTCH1,IEC,0.0,0.0,7778
CD3E,IHH,SMO,IHH$SMO,IEC,0.0,0.0,7778
CD3E,CCL15,CCR1,CCL15$CCR1,IEC,0.0,0.0,7778
CD3E,CXCL12,CXCR4,CXCL12$CXCR4,IEC,0.0,0.0,7778
CD3E,IL7,IL2RG,IL7$IL2RG,IEC,0.0,0.0,7778
CD3E,IL15,IL2RG,IL15$IL2RG,IEC,0.0,0.0,7778
CD3E,IL18,IL18R1,IL18$IL18R1,IEC,0.0,0.0,7778
CD3E,IL16,CD4,IL16$CD4,IEC,0.0,0.0,7778
CD3E,LTB,LTBR,LTB$LTBR,IEC,0.0,0.0,7778
CD3E,TNFSF10,TNFRSF10A,TNFSF10$TNFRSF10A,IEC,0.0,0.0,7778
CD3E,TNFSF13,TNFRSF17,TNFSF13$TNFRSF17,IEC,0.0,0.0,7778
CD3E,TNFSF13,TNFRSF13B,TNFSF13$TNFRSF13B,IEC,0.0,0.0,7778
CD3E,POSTN,ITGAV,POSTN$ITGAV,IEC,0.0,0.0,7778
CD3E,POSTN,ITGB3,POSTN$ITGB3,IEC,0.0,0.0,7778
CD3E,POSTN,ITGB5,POSTN$ITGB5,IEC,0.0,0.0,7778
CD3E,EDN1,EDNRB,EDN1$EDNRB,IEC,0.0,0.0,7778
CD3E,GZMA,F2R,GZMA$F2R,IEC,0.0,0.0,7778
CD3E,GAS6,AXL,GAS6$AXL,IEC,0.0,0.0,7778
CD3E,GAS6,MERTK,GAS6$MERTK,IEC,0.0,0.0,7778
CD3E,GAS6,TYRO3,GAS6$TYRO3,IEC,0.0,0.0,7778
CD3E,GRN,SORT1,GRN$SORT1,IEC,0.0,0.0,7778
CD3E,GUCA2A,GUCY2C,GUCA2A$GUCY2C,IEC,0.0,0.0,7778
CD3E,BTLA,TNFRSF14,BTLA$TNFRSF14,IEC,0.0,0.0,7778
CD3E,LGALS9,HAVCR2,LGALS9$HAVCR2,IEC,0.0,0.0,7778
CD3E,LGALS9,CD44,LGALS9$CD44,IEC,0.0,0.0,7778
CD3E,COL6A2,CD44,COL6A2$CD44,IEC,0.0,0.0,7778
CD3E,CDH1,CDH1,CDH1$CDH1,IEC,0.0,0.0,7778
CD3E,CDH1,ITGAE,CDH1$ITGAE,IEC,0.0,0.0,7778
CD3E,F11R,ITGAL,F11R$ITGAL,IEC,0.0,0.0,7778
CD3E,F11R,F11R,F11R$F11R,IEC,0.0,0.0,7778
CD3E,LCK,CD8A,LCK$CD8A,IEC,0.0,0.0,7778
CD3E,HLA-DRA,CD4,HLA-DRA$CD4,IEC,0.0,0.0,7778
CD3E,TGFB1,TGFBR2,TGFB1$TGFBR2,MAST,0.0,0.0,171
CD3E,TGFB1,ACVR1B,TGFB1$ACVR1B,MAST,0.0,0.0,171
CD3E,BMP2,BMPR1A,BMP2$BMPR1A,MAST,0.0,0.0,171
CD3E,BMP2,ACVR2A,BMP2$ACVR2A,MAST,0.0,0.0,171
CD3E,BMP2,BMPR2,BMP2$BMPR2,MAST,0.0,0.0,171
CD3E,BMP4,BMPR1A,BMP4$BMPR1A,MAST,0.0,0.0,171
CD3E,BMP4,ACVR2A,BMP4$ACVR2A,MAST,0.0,0.0,171
CD3E,BMP4,BMPR2,BMP4$BMPR2,MAST,0.0,0.0,171
CD3E,BMP6,BMPR1A,BMP6$BMPR1A,MAST,0.0,0.0,171
CD3E,GDF11,ACVR1B,GDF11$ACVR1B,MAST,0.0,0.0,171
CD3E,TGFA,EGFR,TGFA$EGFR,MAST,0.0,0.0,171
CD3E,TGFA,ERBB2,TGFA$ERBB2,MAST,0.0,0.0,171
CD3E,PDGFA,PDGFRA,PDGFA$PDGFRA,MAST,0.0,0.0,171
CD3E,PDGFA,PDGFRB,PDGFA$PDGFRB,MAST,0.0,0.0,171
CD3E,IGF1,ITGA6,IGF1$ITGA6,MAST,0.0,0.0,171
CD3E,IGF1,ITGB4,IGF1$ITGB4,MAST,0.0,0.0,171
CD3E,IHH,PTCH1,IHH$PTCH1,MAST,0.0,0.0,171
CD3E,IHH,SMO,IHH$SMO,MAST,0.0,0.0,171
CD3E,CCL15,CCR1,CCL15$CCR1,MAST,0.0,0.0,171
CD3E,CXCL12,CXCR4,CXCL12$CXCR4,MAST,0.0,0.0,171
CD3E,IL7,IL2RG,IL7$IL2RG,MAST,0.0,0.0,171
CD3E,IL15,IL2RG,IL15$IL2RG,MAST,0.0,0.0,171
CD3E,IL18,IL18R1,IL18$IL18R1,MAST,0.0,0.0,171
CD3E,IL16,CD4,IL16$CD4,MAST,0.0,0.0,171
CD3E,LTB,LTBR,LTB$LTBR,MAST,0.0,0.0,171
CD3E,TNFSF10,TNFRSF10A,TNFSF10$TNFRSF10A,MAST,0.0,0.0,171
CD3E,TNFSF13,TNFRSF17,TNFSF13$TNFRSF17,MAST,0.0,0.0,171
CD3E,TNFSF13,TNFRSF13B,TNFSF13$TNFRSF13B,MAST,0.0,0.0,171
CD3E,POSTN,ITGAV,POSTN$ITGAV,MAST,0.0,0.0,171
CD3E,POSTN,ITGB3,POSTN$ITGB3,MAST,0.0,0.0,171
CD3E,POSTN,ITGB5,POSTN$ITGB5,MAST,0.0,0.0,171
CD3E,EDN1,EDNRB,EDN1$EDNRB,MAST,0.0,0.0,171
CD3E,GZMA,F2R,GZMA$F2R,MAST,0.0,0.0,171
CD3E,GAS6,AXL,GAS6$AXL,MAST,0.0,0.0,171
CD3E,GAS6,MERTK,GAS6$MERTK,MAST,0.0,0.0,171
CD3E,GAS6,TYRO3,GAS6$TYRO3,MAST,0.0,0.0,171
CD3E,GRN,SORT1,GRN$SORT1,MAST,0.0,0.0,171
CD3E,GUCA2A,GUCY2C,GUCA2A$GUCY2C,MAST,0.0,0.0,171
CD3E,BTLA,TNFRSF14,BTLA$TNFRSF14,MAST,0.0,0.0,171
CD3E,LGALS9,HAVCR2,LGALS9$HAVCR2,MAST,0.0,0.0,171
CD3E,LGALS9,CD44,LGALS9$CD44,MAST,0.0,0.0,171
CD3E,COL6A2,CD44,COL6A2$CD44,MAST,0.0,0.0,171
CD3E,CDH1,CDH1,CDH1$CDH1,MAST,0.0,0.0,171
CD3E,CDH1,ITGAE,CDH1$ITGAE,MAST,0.0,0.0,171
CD3E,F11R,ITGAL,F11R$ITGAL,MAST,0.0,0.0,171
CD3E,F11R,F11R,F11R$F11R,MAST,0.0,0.0,171
CD3E,LCK,CD8A,LCK$CD8A,MAST,0.0,0.0,171
CD3E,HLA-DRA,CD4,HLA-DRA$CD4,MAST,0.0,0.0,171
CD3E,TGFB1,TGFBR2,TGFB1$TGFBR2,MNP,0.0,0.0,464
CD3E,TGFB1,ACVR1B,TGFB1$ACVR1B,MNP,0.0,0.0,464
CD3E,BMP2,BMPR1A,BMP2$BMPR1A,MNP,0.0,0.0,464
CD3E,BMP2,ACVR2A,BMP2$ACVR2A,MNP,0.0,0.0,464
CD3E,BMP2,BMPR2,BMP2$BMPR2,MNP,0.0,0.0,464
CD3E,BMP4,BMPR1A,BMP4$BMPR1A,MNP,0.0,0.0,464
CD3E,BMP4,ACVR2A,BMP4$ACVR2A,MNP,0.0,0.0,464
CD3E,BMP4,BMPR2,BMP4$BMPR2,MNP,0.0,0.0,464
CD3E,BMP6,BMPR1A,BMP6$BMPR1A,MNP,0.0,0.0,464
CD3E,GDF11,ACVR1B,GDF11$ACVR1B,MNP,0.0,0.0,464
CD3E,TGFA,EGFR,TGFA$EGFR,MNP,0.0,0.0,464
CD3E,TGFA,ERBB2,TGFA$ERBB2,MNP,0.0,0.0,464
CD3E,PDGFA,PDGFRA,PDGFA$PDGFRA,MNP,0.0,0.0,464
CD3E,PDGFA,PDGFRB,PDGFA$PDGFRB,MNP,0.0,0.0,464
CD3E,IGF1,ITGA6,IGF1$ITGA6,MNP,0.0,0.0,464
CD3E,IGF1,ITGB4,IGF1$ITGB4,MNP,0.0,0.0,464
CD3E,IHH,PTCH1,IHH$PTCH1,MNP,0.0,0.0,464
CD3E,IHH,SMO,IHH$SMO,MNP,0.0,0.0,464
CD3E,CCL15,CCR1,CCL15$CCR1,MNP,0.0,0.0,464
CD3E,CXCL12,CXCR4,CXCL12$CXCR4,MNP,0.0,0.0,464
CD3E,IL7,IL2RG,IL7$IL2RG,MNP,0.0,0.0,464
CD3E,IL15,IL2RG,IL15$IL2RG,MNP,0.0,0.0,464
CD3E,IL18,IL18R1,IL18$IL18R1,MNP,0.0,0.0,464
CD3E,IL16,CD4,IL16$CD4,MNP,0.0,0.0,464
CD3E,LTB,LTBR,LTB$LTBR,MNP,0.0,0.0,464
CD3E,TNFSF10,TNFRSF10A,TNFSF10$TNFRSF10A,MNP,0.0,0.0,464
CD3E,TNFSF13,TNFRSF17,TNFSF13$TNFRSF17,MNP,0.0,0.0,464
CD3E,TNFSF13,TNFRSF13B,TNFSF13$TNFRSF13B,MNP,0.0,0.0,464
CD3E,POSTN,ITGAV,POSTN$ITGAV,MNP,0.0,0.0,464
CD3E,POSTN,ITGB3,POSTN$ITGB3,MNP,0.0,0.0,464
CD3E,POSTN,ITGB5,POSTN$ITGB5,MNP,0.0,0.0,464
CD3E,EDN1,EDNRB,EDN1$EDNRB,MNP,0.0,0.0,464
CD3E,GZMA,F2R,GZMA$F2R,MNP,0.0,0.0,464
CD3E,GAS6,AXL,GAS6$AXL,MNP,0.0,0.0,464
CD3E,GAS6,MERTK,GAS6$MERTK,MNP,0.0,0.0,464
CD3E,GAS6,TYRO3,GAS6$TYRO3,MNP,0.0,0.0,464
CD3E,GRN,SORT1,GRN$SORT1,MNP,0.0,0.0,464
CD3E,GUCA2A,GUCY2C,GUCA2A$GUCY2C,MNP,0.0,0.0,464
CD3E,BTLA,TNFRSF14,BTLA$TNFRSF14,MNP,0.0,0.0,464
CD3E,LGALS9,HAVCR2,LGALS9$HAVCR2,MNP,0.0,0.0,464
CD3E,LGALS9,CD44,LGALS9$CD44,MNP,0.0,0.0,464
CD3E,COL6A2,CD44,COL6A2$CD44,MNP,0.0,0.0,464
CD3E,CDH1,CDH1,CDH1$CDH1,MNP,0.0,0.0,464
CD3E,CDH1,ITGAE,CDH1$ITGAE,MNP,0.0,0.0,464
CD3E,F11R,ITGAL,F11R$ITGAL,MNP,0.0,0.0,464
CD3E,F11R,F11R,F11R$F11R,MNP,0.0,0.0,464
CD3E,LCK,CD8A,LCK$CD8A,MNP,0.0,0.0,464
CD3E,HLA-DRA,CD4,HLA-DRA$CD4,MNP,0.0,0.0,464
CD3E,TGFB1,TGFBR2,TGFB1$TGFBR2,Muscularis_mucosa,0.0,0.0,92
CD3E,TGFB1,ACVR1B,TGFB1$ACVR1B,Muscularis_mucosa,0.0,0.0,92
CD3E,BMP2,BMPR1A,BMP2$BMPR1A,Muscularis_mucosa,0.0,0.0,92
CD3E,BMP2,ACVR2A,BMP2$ACVR2A,Muscularis_mucosa,0.0,0.0,92
CD3E,BMP2,BMPR2,BMP2$BMPR2,Muscularis_mucosa,0.0,0.0,92
CD3E,BMP4,BMPR1A,BMP4$BMPR1A,Muscularis_mucosa,0.0,0.0,92
CD3E,BMP4,ACVR2A,BMP4$ACVR2A,Muscularis_mucosa,0.0,0.0,92
CD3E,BMP4,BMPR2,BMP4$BMPR2,Muscularis_mucosa,0.0,0.0,92
CD3E,BMP6,BMPR1A,BMP6$BMPR1A,Muscularis_mucosa,0.0,0.0,92
CD3E,GDF11,ACVR1B,GDF11$ACVR1B,Muscularis_mucosa,0.0,0.0,92
CD3E,TGFA,EGFR,TGFA$EGFR,Muscularis_mucosa,0.0,0.0,92
CD3E,TGFA,ERBB2,TGFA$ERBB2,Muscularis_mucosa,0.0,0.0,92
CD3E,PDGFA,PDGFRA,PDGFA$PDGFRA,Muscularis_mucosa,0.0,0.0,92
CD3E,PDGFA,PDGFRB,PDGFA$PDGFRB,Muscularis_mucosa,0.0,0.0,92
CD3E,IGF1,ITGA6,IGF1$ITGA6,Muscularis_mucosa,0.0,0.0,92
CD3E,IGF1,ITGB4,IGF1$ITGB4,Muscularis_mucosa,0.0,0.0,92
CD3E,IHH,PTCH1,IHH$PTCH1,Muscularis_mucosa,0.0,0.0,92
CD3E,IHH,SMO,IHH$SMO,Muscularis_mucosa,0.0,0.0,92
CD3E,CCL15,CCR1,CCL15$CCR1,Muscularis_mucosa,0.0,0.0,92
CD3E,CXCL12,CXCR4,CXCL12$CXCR4,Muscularis_mucosa,0.0,0.0,92
CD3E,IL7,IL2RG,IL7$IL2RG,Muscularis_mucosa,0.0,0.0,92
CD3E,IL15,IL2RG,IL15$IL2RG,Muscularis_mucosa,0.0,0.0,92
CD3E,IL18,IL18R1,IL18$IL18R1,Muscularis_mucosa,0.0,0.0,92
CD3E,IL16,CD4,IL16$CD4,Muscularis_mucosa,0.0,0.0,92
CD3E,LTB,LTBR,LTB$LTBR,Muscularis_mucosa,0.0,0.0,92
CD3E,TNFSF10,TNFRSF10A,TNFSF10$TNFRSF10A,Muscularis_mucosa,0.0,0.0,92
CD3E,TNFSF13,TNFRSF17,TNFSF13$TNFRSF17,Muscularis_mucosa,0.0,0.0,92
CD3E,TNFSF13,TNFRSF13B,TNFSF13$TNFRSF13B,Muscularis_mucosa,0.0,0.0,92
CD3E,POSTN,ITGAV,POSTN$ITGAV,Muscularis_mucosa,0.0,0.0,92
CD3E,POSTN,ITGB3,POSTN$ITGB3,Muscularis_mucosa,0.0,0.0,92
CD3E,POSTN,ITGB5,POSTN$ITGB5,Muscularis_mucosa,0.0,0.0,92
CD3E,EDN1,EDNRB,EDN1$EDNRB,Muscularis_mucosa,0.0,0.0,92
CD3E,GZMA,F2R,GZMA$F2R,Muscularis_mucosa,0.0,0.0,92
CD3E,GAS6,AXL,GAS6$AXL,Muscularis_mucosa,0.0,0.0,92
CD3E,GAS6,MERTK,GAS6$MERTK,Muscularis_mucosa,0.0,0.0,92
CD3E,GAS6,TYRO3,GAS6$TYRO3,Muscularis_mucosa,0.0,0.0,92
CD3E,GRN,SORT1,GRN$SORT1,Muscularis_mucosa,0.0,0.0,92
CD3E,GUCA2A,GUCY2C,GUCA2A$GUCY2C,Muscularis_mucosa,0.0,0.0,92
CD3E,BTLA,TNFRSF14,BTLA$TNFRSF14,Muscularis_mucosa,0.0,0.0,92
CD3E,LGALS9,HAVCR2,LGALS9$HAVCR2,Muscularis_mucosa,0.0,0.0,92
CD3E,LGALS9,CD44,LGALS9$CD44,Muscularis_mucosa,0.0,0.0,92
CD3E,COL6A2,CD44,COL6A2$CD44,Muscularis_mucosa,0.0,0.0,92
CD3E,CDH1,CDH1,CDH1$CDH1,Muscularis_mucosa,0.0,0.0,92
CD3E,CDH1,ITGAE,CDH1$ITGAE,Muscularis_mucosa,0.0,0.0,92
CD3E,F11R,ITGAL,F11R$ITGAL,Muscularis_mucosa,0.0,0.0,92
CD3E,F11R,F11R,F11R$F11R,Muscularis_mucosa,0.0,0.0,92
CD3E,LCK,CD8A,LCK$CD8A,Muscularis_mucosa,0.0,0.0,92
CD3E,HLA-DRA,CD4,HLA-DRA$CD4,Muscularis_mucosa,0.0,0.0,92
CD3E,TGFB1,TGFBR2,TGFB1$TGFBR2,Myofibroblast,0.0,0.0,219
CD3E,TGFB1,ACVR1B,TGFB1$ACVR1B,Myofibroblast,0.0,0.0,219
CD3E,BMP2,BMPR1A,BMP2$BMPR1A,Myofibroblast,0.0,0.0,219
CD3E,BMP2,ACVR2A,BMP2$ACVR2A,Myofibroblast,0.0,0.0,219
CD3E,BMP2,BMPR2,BMP2$BMPR2,Myofibroblast,0.0,0.0,219
CD3E,BMP4,BMPR1A,BMP4$BMPR1A,Myofibroblast,0.0,0.0,219
CD3E,BMP4,ACVR2A,BMP4$ACVR2A,Myofibroblast,0.0,0.0,219
CD3E,BMP4,BMPR2,BMP4$BMPR2,Myofibroblast,0.0,0.0,219
CD3E,BMP6,BMPR1A,BMP6$BMPR1A,Myofibroblast,0.0,0.0,219
CD3E,GDF11,ACVR1B,GDF11$ACVR1B,Myofibroblast,0.0,0.0,219
CD3E,TGFA,EGFR,TGFA$EGFR,Myofibroblast,0.0,0.0,219
CD3E,TGFA,ERBB2,TGFA$ERBB2,Myofibroblast,0.0,0.0,219
CD3E,PDGFA,PDGFRA,PDGFA$PDGFRA,Myofibroblast,0.0,0.0,219
CD3E,PDGFA,PDGFRB,PDGFA$PDGFRB,Myofibroblast,0.0,0.0,219
CD3E,IGF1,ITGA6,IGF1$ITGA6,Myofibroblast,0.0,0.0,219
CD3E,IGF1,ITGB4,IGF1$ITGB4,Myofibroblast,0.0,0.0,219
CD3E,IHH,PTCH1,IHH$PTCH1,Myofibroblast,0.0,0.0,219
CD3E,IHH,SMO,IHH$SMO,Myofibroblast,0.0,0.0,219
CD3E,CCL15,CCR1,CCL15$CCR1,Myofibroblast,0.0,0.0,219
CD3E,CXCL12,CXCR4,CXCL12$CXCR4,Myofibroblast,0.0,0.0,219
CD3E,IL7,IL2RG,IL7$IL2RG,Myofibroblast,0.0,0.0,219
CD3E,IL15,IL2RG,IL15$IL2RG,Myofibroblast,0.0,0.0,219
CD3E,IL18,IL18R1,IL18$IL18R1,Myofibroblast,0.0,0.0,219
CD3E,IL16,CD4,IL16$CD4,Myofibroblast,0.0,0.0,219
CD3E,LTB,LTBR,LTB$LTBR,Myofibroblast,0.0,0.0,219
CD3E,TNFSF10,TNFRSF10A,TNFSF10$TNFRSF10A,Myofibroblast,0.0,0.0,219
CD3E,TNFSF13,TNFRSF17,TNFSF13$TNFRSF17,Myofibroblast,0.0,0.0,219
CD3E,TNFSF13,TNFRSF13B,TNFSF13$TNFRSF13B,Myofibroblast,0.0,0.0,219
CD3E,POSTN,ITGAV,POSTN$ITGAV,Myofibroblast,0.0,0.0,219
CD3E,POSTN,ITGB3,POSTN$ITGB3,Myofibroblast,0.0,0.0,219
CD3E,POSTN,ITGB5,POSTN$ITGB5,Myofibroblast,0.0,0.0,219
CD3E,EDN1,EDNRB,EDN1$EDNRB,Myofibroblast,0.0,0.0,219
CD3E,GZMA,F2R,GZMA$F2R,Myofibroblast,0.0,0.0,219
CD3E,GAS6,AXL,GAS6$AXL,Myofibroblast,0.0,0.0,219
CD3E,GAS6,MERTK,GAS6$MERTK,Myofibroblast,0.0,0.0,219
CD3E,GAS6,TYRO3,GAS6$TYRO3,Myofibroblast,0.0,0.0,219
CD3E,GRN,SORT1,GRN$SORT1,Myofibroblast,0.0,0.0,219
CD3E,GUCA2A,GUCY2C,GUCA2A$GUCY2C,Myofibroblast,0.0,0.0,219
CD3E,BTLA,TNFRSF14,BTLA$TNFRSF14,Myofibroblast,0.0,0.0,219
CD3E,LGALS9,HAVCR2,LGALS9$HAVCR2,Myofibroblast,0.0,0.0,219
CD3E,LGALS9,CD44,LGALS9$CD44,Myofibroblast,0.0,0.0,219
CD3E,COL6A2,CD44,COL6A2$CD44,Myofibroblast,0.0,0.0,219
CD3E,CDH1,CDH1,CDH1$CDH1,Myofibroblast,0.0,0.0,219
CD3E,CDH1,ITGAE,CDH1$ITGAE,Myofibroblast,0.0,0.0,219
CD3E,F11R,ITGAL,F11R$ITGAL,Myofibroblast,0.0,0.0,219
CD3E,F11R,F11R,F11R$F11R,Myofibroblast,0.0,0.0,219
CD3E,LCK,CD8A,LCK$CD8A,Myofibroblast,0.0,0.0,219
CD3E,HLA-DRA,CD4,HLA-DRA$CD4,Myofibroblast,0.0,0.0,219
CD3E,TGFB1,TGFBR2,TGFB1$TGFBR2,Pericyte,0.0,0.0,109
CD3E,TGFB1,ACVR1B,TGFB1$ACVR1B,Pericyte,0.0,0.0,109
CD3E,BMP2,BMPR1A,BMP2$BMPR1A,Pericyte,0.0,0.0,109
CD3E,BMP2,ACVR2A,BMP2$ACVR2A,Pericyte,0.0,0.0,109
CD3E,BMP2,BMPR2,BMP2$BMPR2,Pericyte,0.0,0.0,109
CD3E,BMP4,BMPR1A,BMP4$BMPR1A,Pericyte,0.0,0.0,109
CD3E,BMP4,ACVR2A,BMP4$ACVR2A,Pericyte,0.0,0.0,109
CD3E,BMP4,BMPR2,BMP4$BMPR2,Pericyte,0.0,0.0,109
CD3E,BMP6,BMPR1A,BMP6$BMPR1A,Pericyte,0.0,0.0,109
CD3E,GDF11,ACVR1B,GDF11$ACVR1B,Pericyte,0.0,0.0,109
CD3E,TGFA,EGFR,TGFA$EGFR,Pericyte,0.0,0.0,109
CD3E,TGFA,ERBB2,TGFA$ERBB2,Pericyte,0.0,0.0,109
CD3E,PDGFA,PDGFRA,PDGFA$PDGFRA,Pericyte,0.0,0.0,109
CD3E,PDGFA,PDGFRB,PDGFA$PDGFRB,Pericyte,0.0,0.0,109
CD3E,IGF1,ITGA6,IGF1$ITGA6,Pericyte,0.0,0.0,109
CD3E,IGF1,ITGB4,IGF1$ITGB4,Pericyte,0.0,0.0,109
CD3E,IHH,PTCH1,IHH$PTCH1,Pericyte,0.0,0.0,109
CD3E,IHH,SMO,IHH$SMO,Pericyte,0.0,0.0,109
CD3E,CCL15,CCR1,CCL15$CCR1,Pericyte,0.0,0.0,109
CD3E,CXCL12,CXCR4,CXCL12$CXCR4,Pericyte,0.0,0.0,109
CD3E,IL7,IL2RG,IL7$IL2RG,Pericyte,0.0,0.0,109
CD3E,IL15,IL2RG,IL15$IL2RG,Pericyte,0.0,0.0,109
CD3E,IL18,IL18R1,IL18$IL18R1,Pericyte,0.0,0.0,109
CD3E,IL16,CD4,IL16$CD4,Pericyte,0.0,0.0,109
CD3E,LTB,LTBR,LTB$LTBR,Pericyte,0.0,0.0,109
CD3E,TNFSF10,TNFRSF10A,TNFSF10$TNFRSF10A,Pericyte,0.0,0.0,109
CD3E,TNFSF13,TNFRSF17,TNFSF13$TNFRSF17,Pericyte,0.0,0.0,109
CD3E,TNFSF13,TNFRSF13B,TNFSF13$TNFRSF13B,Pericyte,0.0,0.0,109
CD3E,POSTN,ITGAV,POSTN$ITGAV,Pericyte,0.0,0.0,109
CD3E,POSTN,ITGB3,POSTN$ITGB3,Pericyte,0.0,0.0,109
CD3E,POSTN,ITGB5,POSTN$ITGB5,Pericyte,0.0,0.0,109
CD3E,EDN1,EDNRB,EDN1$EDNRB,Pericyte,0.0,0.0,109
CD3E,GZMA,F2R,GZMA$F2R,Pericyte,0.0,0.0,109
CD3E,GAS6,AXL,GAS6$AXL,Pericyte,0.0,0.0,109
CD3E,GAS6,MERTK,GAS6$MERTK,Pericyte,0.0,0.0,109
CD3E,GAS6,TYRO3,GAS6$TYRO3,Pericyte,0.0,0.0,109
CD3E,GRN,SORT1,GRN$SORT1,Pericyte,0.0,0.0,109
CD3E,GUCA2A,GUCY2C,GUCA2A$GUCY2C,Pericyte,0.0,0.0,109
CD3E,BTLA,TNFRSF14,BTLA$TNFRSF14,Pericyte,0.0,0.0,109
CD3E,LGALS9,HAVCR2,LGALS9$HAVCR2,Pericyte,0.0,0.0,109
CD3E,LGALS9,CD44,LGALS9$CD44,Pericyte,0.0,0.0,109
CD3E,COL6A2,CD44,COL6A2$CD44,Pericyte,0.0,0.0,109
CD3E,CDH1,CDH1,CDH1$CDH1,Pericyte,0.0,0.0,109
CD3E,CDH1,ITGAE,CDH1$ITGAE,Pericyte,0.0,0.0,109
CD3E,F11R,ITGAL,F11R$ITGAL,Pericyte,0.0,0.0,109
CD3E,F11R,F11R,F11R$F11R,Pericyte,0.0,0.0,109
CD3E,LCK,CD8A,LCK$CD8A,Pericyte,0.0,0.0,109
CD3E,HLA-DRA,CD4,HLA-DRA$CD4,Pericyte,0.0,0.0,109
CD3E,TGFB1,TGFBR2,TGFB1$TGFBR2,Plasma,0.0,0.0,1230
CD3E,TGFB1,ACVR1B,TGFB1$ACVR1B,Plasma,0.0,0.0,1230
CD3E,BMP2,BMPR1A,BMP2$BMPR1A,Plasma,0.0,0.0,1230
CD3E,BMP2,ACVR2A,BMP2$ACVR2A,Plasma,0.0,0.0,1230
CD3E,BMP2,BMPR2,BMP2$BMPR2,Plasma,0.0,0.0,1230
CD3E,BMP4,BMPR1A,BMP4$BMPR1A,Plasma,0.0,0.0,1230
CD3E,BMP4,ACVR2A,BMP4$ACVR2A,Plasma,0.0,0.0,1230
CD3E,BMP4,BMPR2,BMP4$BMPR2,Plasma,0.0,0.0,1230
CD3E,BMP6,BMPR1A,BMP6$BMPR1A,Plasma,0.0,0.0,1230
CD3E,GDF11,ACVR1B,GDF11$ACVR1B,Plasma,0.0,0.0,1230
CD3E,TGFA,EGFR,TGFA$EGFR,Plasma,0.0,0.0,1230
CD3E,TGFA,ERBB2,TGFA$ERBB2,Plasma,0.0,0.0,1230
CD3E,PDGFA,PDGFRA,PDGFA$PDGFRA,Plasma,0.0,0.0,1230
CD3E,PDGFA,PDGFRB,PDGFA$PDGFRB,Plasma,0.0,0.0,1230
CD3E,IGF1,ITGA6,IGF1$ITGA6,Plasma,0.0,0.0,1230
CD3E,IGF1,ITGB4,IGF1$ITGB4,Plasma,0.0,0.0,1230
CD3E,IHH,PTCH1,IHH$PTCH1,Plasma,0.0,0.0,1230
CD3E,IHH,SMO,IHH$SMO,Plasma,0.0,0.0,1230
CD3E,CCL15,CCR1,CCL15$CCR1,Plasma,0.0,0.0,1230
CD3E,CXCL12,CXCR4,CXCL12$CXCR4,Plasma,0.0,0.0,1230
CD3E,IL7,IL2RG,IL7$IL2RG,Plasma,0.0,0.0,1230
CD3E,IL15,IL2RG,IL15$IL2RG,Plasma,0.0,0.0,1230
CD3E,IL18,IL18R1,IL18$IL18R1,Plasma,0.0,0.0,1230
CD3E,IL16,CD4,IL16$CD4,Plasma,0.0,0.0,1230
CD3E,LTB,LTBR,LTB$LTBR,Plasma,0.0,0.0,1230
CD3E,TNFSF10,TNFRSF10A,TNFSF10$TNFRSF10A,Plasma,0.0,0.0,1230
CD3E,TNFSF13,TNFRSF17,TNFSF13$TNFRSF17,Plasma,0.0,0.0,1230
CD3E,TNFSF13,TNFRSF13B,TNFSF13$TNFRSF13B,Plasma,0.0,0.0,1230
CD3E,POSTN,ITGAV,POSTN$ITGAV,Plasma,0.0,0.0,1230
CD3E,POSTN,ITGB3,POSTN$ITGB3,Plasma,0.0,0.0,1230
CD3E,POSTN,ITGB5,POSTN$ITGB5,Plasma,0.0,0.0,1230
CD3E,EDN1,EDNRB,EDN1$EDNRB,Plasma,0.0,0.0,1230
CD3E,GZMA,F2R,GZMA$F2R,Plasma,0.0,0.0,1230
CD3E,GAS6,AXL,GAS6$AXL,Plasma,0.0,0.0,1230
CD3E,GAS6,MERTK,GAS6$MERTK,Plasma,0.0,0.0,1230
CD3E,GAS6,TYRO3,GAS6$TYRO3,Plasma,0.0,0.0,1230
CD3E,GRN,SORT1,GRN$SORT1,Plasma,0.0,0.0,1230
CD3E,GUCA2A,GUCY2C,GUCA2A$GUCY2C,Plasma,0.0,0.0,1230
CD3E,BTLA,TNFRSF14,BTLA$TNFRSF14,Plasma,0.0,0.0,1230
CD3E,LGALS9,HAVCR2,LGALS9$HAVCR2,Plasma,0.0,0.0,1230
CD3E,LGALS9,CD44,LGALS9$CD44,Plasma,0.0,0.0,1230
CD3E,COL6A2,CD44,COL6A2$CD44,Plasma,0.0,0.0,1230
CD3E,CDH1,CDH1,CDH1$CDH1,Plasma,0.0,0.0,1230
CD3E,CDH1,ITGAE,CDH1$ITGAE,Plasma,0.0,0.0,1230
CD3E,F11R,ITGAL,F11R$ITGAL,Plasma,0.0,0.0,1230
CD3E,F11R,F11R,F11R$F11R,Plasma,0.0,0.0,1230
CD3E,LCK,CD8A,LCK$CD8A,Plasma,0.0,0.0,1230
CD3E,HLA-DRA,CD4,HLA-DRA$CD4,Plasma,0.0,0.0,1230
CD3E,TGFB1,TGFBR2,TGFB1$TGFBR2,T,2.8696065e-06,1.4402944e-07,632
CD3E,TGFB1,ACVR1B,TGFB1$ACVR1B,T,4.0960664e-08,9.937402e-10,632
CD3E,BMP2,BMPR1A,BMP2$BMPR1A,T,-4.018956e-07,5.9836966e-09,632
CD3E,BMP2,ACVR2A,BMP2$ACVR2A,T,6.289846e-06,1.579755e-07,632
CD3E,BMP2,BMPR2,BMP2$BMPR2,T,1.9520765e-05,7.8937023e-07,632
CD3E,BMP4,BMPR1A,BMP4$BMPR1A,T,-1.2293785e-06,2.9533007e-07,632
CD3E,BMP4,ACVR2A,BMP4$ACVR2A,T,-1.5679485e-09,3.5988235e-10,632
CD3E,BMP4,BMPR2,BMP4$BMPR2,T,3.941477e-07,2.5812033e-08,632
CD3E,BMP6,BMPR1A,BMP6$BMPR1A,T,-2.251194e-07,4.3242685e-09,632
CD3E,GDF11,ACVR1B,GDF11$ACVR1B,T,5.5033915e-08,5.2628085e-10,632
CD3E,TGFA,EGFR,TGFA$EGFR,T,-4.9993716e-08,1.6164524e-09,632
CD3E,TGFA,ERBB2,TGFA$ERBB2,T,5.302868e-07,2.0508558e-08,632
CD3E,PDGFA,PDGFRA,PDGFA$PDGFRA,T,2.8266859e-06,4.5599858e-08,632
CD3E,PDGFA,PDGFRB,PDGFA$PDGFRB,T,2.6984596e-06,4.012751e-08,632
CD3E,IGF1,ITGA6,IGF1$ITGA6,T,1.03126325e-08,2.2493181e-10,632
CD3E,IGF1,ITGB4,IGF1$ITGB4,T,3.3976068e-08,3.1086467e-09,632
CD3E,IHH,PTCH1,IHH$PTCH1,T,7.298956e-05,1.4922572e-06,632
CD3E,IHH,SMO,IHH$SMO,T,-1.4852137e-07,5.37804e-08,632
CD3E,CCL15,CCR1,CCL15$CCR1,T,1.9239595e-08,2.3380112e-10,632
CD3E,CXCL12,CXCR4,CXCL12$CXCR4,T,-2.6230843e-08,9.029041e-09,632
CD3E,IL7,IL2RG,IL7$IL2RG,T,3.9592294e-05,1.5892833e-06,632
CD3E,IL15,IL2RG,IL15$IL2RG,T,5.381175e-06,1.5204978e-07,632
CD3E,IL18,IL18R1,IL18$IL18R1,T,-6.309935e-07,2.1867859e-08,632
CD3E,IL16,CD4,IL16$CD4,T,0.00020085381,8.8864645e-06,632
CD3E,LTB,LTBR,LTB$LTBR,T,3.2808165e-07,6.078277e-08,632
CD3E,TNFSF10,TNFRSF10A,TNFSF10$TNFRSF10A,T,-6.378328e-07,1.5901549e-08,632
CD3E,TNFSF13,TNFRSF17,TNFSF13$TNFRSF17,T,-4.395832e-06,1.6959888e-07,632
CD3E,TNFSF13,TNFRSF13B,TNFSF13$TNFRSF13B,T,-6.5072486e-06,6.646836e-08,632
CD3E,POSTN,ITGAV,POSTN$ITGAV,T,-5.6728686e-06,9.507771e-08,632
CD3E,POSTN,ITGB3,POSTN$ITGB3,T,3.2569238e-07,5.12596e-09,632
CD3E,POSTN,ITGB5,POSTN$ITGB5,T,-6.601427e-06,4.876351e-07,632
CD3E,EDN1,EDNRB,EDN1$EDNRB,T,1.6107055e-07,4.505084e-09,632
CD3E,GZMA,F2R,GZMA$F2R,T,-5.066212e-07,4.441158e-09,632
CD3E,GAS6,AXL,GAS6$AXL,T,-8.4115665e-05,1.1057668e-06,632
CD3E,GAS6,MERTK,GAS6$MERTK,T,-7.0052956e-06,1.9748459e-06,632
CD3E,GAS6,TYRO3,GAS6$TYRO3,T,-5.2540245e-06,1.3184679e-07,632
CD3E,GRN,SORT1,GRN$SORT1,T,8.8100154e-05,3.2426508e-06,632
CD3E,GUCA2A,GUCY2C,GUCA2A$GUCY2C,T,0.0010127468,3.6359004e-05,632
CD3E,BTLA,TNFRSF14,BTLA$TNFRSF14,T,9.392917e-07,1.1138339e-08,632
CD3E,LGALS9,HAVCR2,LGALS9$HAVCR2,T,-2.8155225e-06,6.864767e-07,632
CD3E,LGALS9,CD44,LGALS9$CD44,T,0.0002488721,1.2012329e-05,632
CD3E,COL6A2,CD44,COL6A2$CD44,T,2.5304234e-07,1.197507e-08,632
CD3E,CDH1,CDH1,CDH1$CDH1,T,-4.9516483e-08,5.920308e-09,632
CD3E,CDH1,ITGAE,CDH1$ITGAE,T,2.0857829e-06,1.8674973e-08,632
CD3E,F11R,ITGAL,F11R$ITGAL,T,1.2587098e-05,1.2878822e-07,632
CD3E,F11R,F11R,F11R$F11R,T,9.914275e-09,2.8825584e-10,632
CD3E,LCK,CD8A,LCK$CD8A,T,1.3253523e-05,1.480867e-07,632
CD3E,HLA-DRA,CD4,HLA-DRA$CD4,T,-3.871044e-06,1.7633393e-07,632
CD4,TGFB1,TGFBR1,TGFB1$TGFBR1,B,0.0,0.0,20
CD4,TGFB1,TGFBR2,TGFB1$TGFBR2,B,0.0,0.0,20
CD4,TGFB2,TGFBR1,TGFB2$TGFBR1,B,0.0,0.0,20
CD4,TGFB2,TGFBR2,TGFB2$TGFBR2,B,0.0,0.0,20
CD4,TGFB3,TGFBR1,TGFB3$TGFBR1,B,0.0,0.0,20
CD4,TGFB3,TGFBR2,TGFB3$TGFBR2,B,0.0,0.0,20
CD4,BMP2,BMPR1A,BMP2$BMPR1A,B,0.0,0.0,20
CD4,BMP2,BMPR2,BMP2$BMPR2,B,0.0,0.0,20
CD4,BMP4,BMPR1A,BMP4$BMPR1A,B,0.0,0.0,20
CD4,BMP4,BMPR2,BMP4$BMPR2,B,0.0,0.0,20
CD4,BMP6,BMPR1A,BMP6$BMPR1A,B,0.0,0.0,20
CD4,BMP7,BMPR2,BMP7$BMPR2,B,0.0,0.0,20
CD4,BMP7,BMPR1A,BMP7$BMPR1A,B,0.0,0.0,20
CD4,GDF11,TGFBR1,GDF11$TGFBR1,B,0.0,0.0,20
CD4,MSTN,TGFBR1,MSTN$TGFBR1,B,0.0,0.0,20
CD4,TGFA,EGFR,TGFA$EGFR,B,0.0,0.0,20
CD4,PDGFA,PDGFRA,PDGFA$PDGFRA,B,0.0,0.0,20
CD4,PDGFA,PDGFRB,PDGFA$PDGFRB,B,0.0,0.0,20
CD4,PDGFB,PDGFRA,PDGFB$PDGFRA,B,0.0,0.0,20
CD4,PDGFB,PDGFRB,PDGFB$PDGFRB,B,0.0,0.0,20
CD4,PDGFC,PDGFRA,PDGFC$PDGFRA,B,0.0,0.0,20
CD4,PDGFD,PDGFRB,PDGFD$PDGFRB,B,0.0,0.0,20
CD4,VEGFA,KDR,VEGFA$KDR,B,0.0,0.0,20
CD4,IGF1,ITGAV,IGF1$ITGAV,B,0.0,0.0,20
CD4,IHH,PTCH1,IHH$PTCH1,B,0.0,0.0,20
CD4,IHH,SMO,IHH$SMO,B,0.0,0.0,20
CD4,SHH,PTCH1,SHH$PTCH1,B,0.0,0.0,20
CD4,CCL8,CCR1,CCL8$CCR1,B,0.0,0.0,20
CD4,CCL7,CCR1,CCL7$CCR1,B,0.0,0.0,20
CD4,CCL13,CCR1,CCL13$CCR1,B,0.0,0.0,20
CD4,CCL14,CCR1,CCL14$CCR1,B,0.0,0.0,20
CD4,CCL15,CCR1,CCL15$CCR1,B,0.0,0.0,20
CD4,CCL16,CCR1,CCL16$CCR1,B,0.0,0.0,20
CD4,CXCL12,ACKR3,CXCL12$ACKR3,B,0.0,0.0,20
CD4,IL13,IL13RA1,IL13$IL13RA1,B,0.0,0.0,20
CD4,LIF,IL6ST,LIF$IL6ST,B,0.0,0.0,20
CD4,IL18,IL18R1,IL18$IL18R1,B,0.0,0.0,20
CD4,IL18,IL18RAP,IL18$IL18RAP,B,0.0,0.0,20
CD4,IL34,CSF1R,IL34$CSF1R,B,0.0,0.0,20
CD4,CSF1,CSF1R,CSF1$CSF1R,B,0.0,0.0,20
CD4,IFNG,IFNGR1,IFNG$IFNGR1,B,0.0,0.0,20
CD4,LTA,TNFRSF14,LTA$TNFRSF14,B,0.0,0.0,20
CD4,LTB,LTBR,LTB$LTBR,B,0.0,0.0,20
CD4,TNFSF14,TNFRSF14,TNFSF14$TNFRSF14,B,0.0,0.0,20
CD4,TNFSF10,TNFRSF10A,TNFSF10$TNFRSF10A,B,0.0,0.0,20
CD4,TNFSF13,TNFRSF17,TNFSF13$TNFRSF17,B,0.0,0.0,20
CD4,CD40LG,ITGB2,CD40LG$ITGB2,B,0.0,0.0,20
CD4,ANGPTL2,TLR4,ANGPTL2$TLR4,B,0.0,0.0,20
CD4,ANGPTL3,ITGAV,ANGPTL3$ITGAV,B,0.0,0.0,20
CD4,POSTN,ITGAV,POSTN$ITGAV,B,0.0,0.0,20
CD4,POSTN,ITGB3,POSTN$ITGB3,B,0.0,0.0,20
CD4,POSTN,ITGB5,POSTN$ITGB5,B,0.0,0.0,20
CD4,C4A,C3AR1,C4A$C3AR1,B,0.0,0.0,20
CD4,EDN1,EDNRB,EDN1$EDNRB,B,0.0,0.0,20
CD4,GZMA,F2RL3,GZMA$F2RL3,B,0.0,0.0,20
CD4,KITLG,KIT,KITLG$KIT,B,0.0,0.0,20
CD4,SEMA3A,NRP1,SEMA3A$NRP1,B,0.0,0.0,20
CD4,SEMA3C,NRP1,SEMA3C$NRP1,B,0.0,0.0,20
CD4,SEMA3D,NRP1,SEMA3D$NRP1,B,0.0,0.0,20
CD4,SEMA3C,NRP2,SEMA3C$NRP2,B,0.0,0.0,20
CD4,GAS6,AXL,GAS6$AXL,B,0.0,0.0,20
CD4,GAS6,MERTK,GAS6$MERTK,B,0.0,0.0,20
CD4,GAS6,TYRO3,GAS6$TYRO3,B,0.0,0.0,20
CD4,GRN,SORT1,GRN$SORT1,B,0.0,0.0,20
CD4,GUCA2A,GUCY2C,GUCA2A$GUCY2C,B,0.0,0.0,20
CD4,PMCH,MERTK,PMCH$MERTK,B,0.0,0.0,20
CD4,PROS1,AXL,PROS1$AXL,B,0.0,0.0,20
CD4,BTLA,TNFRSF14,BTLA$TNFRSF14,B,0.0,0.0,20
CD4,LGALS9,HAVCR2,LGALS9$HAVCR2,B,0.0,0.0,20
CD4,LGALS9,CD44,LGALS9$CD44,B,0.0,0.0,20
CD4,COL6A2,ITGAV,COL6A2$ITGAV,B,0.0,0.0,20
CD4,COL6A2,CD44,COL6A2$CD44,B,0.0,0.0,20
CD4,FCER2,ITGB2,FCER2$ITGB2,B,0.0,0.0,20
CD4,ICAM1,ITGB2,ICAM1$ITGB2,B,0.0,0.0,20
CD4,ICAM2,ITGB2,ICAM2$ITGB2,B,0.0,0.0,20
CD4,ITGB2,ICAM1,ITGB2$ICAM1,B,0.0,0.0,20
CD4,ITGB2,ICAM2,ITGB2$ICAM2,B,0.0,0.0,20
CD4,F11R,ITGB2,F11R$ITGB2,B,0.0,0.0,20
CD4,PECAM1,PECAM1,PECAM1$PECAM1,B,0.0,0.0,20
CD4,SEMA4D,PLXNB2,SEMA4D$PLXNB2,B,0.0,0.0,20
CD4,SEMA4C,PLXNB2,SEMA4C$PLXNB2,B,0.0,0.0,20
CD4,THY1,ITGB2,THY1$ITGB2,B,0.0,0.0,20
CD4,TGFB1,TGFBR1,TGFB1$TGFBR1,Endothelial,0.0,0.0,391
CD4,TGFB1,TGFBR2,TGFB1$TGFBR2,Endothelial,0.0,0.0,391
CD4,TGFB2,TGFBR1,TGFB2$TGFBR1,Endothelial,0.0,0.0,391
CD4,TGFB2,TGFBR2,TGFB2$TGFBR2,Endothelial,0.0,0.0,391
CD4,TGFB3,TGFBR1,TGFB3$TGFBR1,Endothelial,0.0,0.0,391
CD4,TGFB3,TGFBR2,TGFB3$TGFBR2,Endothelial,0.0,0.0,391
CD4,BMP2,BMPR1A,BMP2$BMPR1A,Endothelial,0.0,0.0,391
CD4,BMP2,BMPR2,BMP2$BMPR2,Endothelial,0.0,0.0,391
CD4,BMP4,BMPR1A,BMP4$BMPR1A,Endothelial,0.0,0.0,391
CD4,BMP4,BMPR2,BMP4$BMPR2,Endothelial,0.0,0.0,391
CD4,BMP6,BMPR1A,BMP6$BMPR1A,Endothelial,0.0,0.0,391
CD4,BMP7,BMPR2,BMP7$BMPR2,Endothelial,0.0,0.0,391
CD4,BMP7,BMPR1A,BMP7$BMPR1A,Endothelial,0.0,0.0,391
CD4,GDF11,TGFBR1,GDF11$TGFBR1,Endothelial,0.0,0.0,391
CD4,MSTN,TGFBR1,MSTN$TGFBR1,Endothelial,0.0,0.0,391
CD4,TGFA,EGFR,TGFA$EGFR,Endothelial,0.0,0.0,391
CD4,PDGFA,PDGFRA,PDGFA$PDGFRA,Endothelial,0.0,0.0,391
CD4,PDGFA,PDGFRB,PDGFA$PDGFRB,Endothelial,0.0,0.0,391
CD4,PDGFB,PDGFRA,PDGFB$PDGFRA,Endothelial,0.0,0.0,391
CD4,PDGFB,PDGFRB,PDGFB$PDGFRB,Endothelial,0.0,0.0,391
CD4,PDGFC,PDGFRA,PDGFC$PDGFRA,Endothelial,0.0,0.0,391
CD4,PDGFD,PDGFRB,PDGFD$PDGFRB,Endothelial,0.0,0.0,391
CD4,VEGFA,KDR,VEGFA$KDR,Endothelial,0.0,0.0,391
CD4,IGF1,ITGAV,IGF1$ITGAV,Endothelial,0.0,0.0,391
CD4,IHH,PTCH1,IHH$PTCH1,Endothelial,0.0,0.0,391
CD4,IHH,SMO,IHH$SMO,Endothelial,0.0,0.0,391
CD4,SHH,PTCH1,SHH$PTCH1,Endothelial,0.0,0.0,391
CD4,CCL8,CCR1,CCL8$CCR1,Endothelial,0.0,0.0,391
CD4,CCL7,CCR1,CCL7$CCR1,Endothelial,0.0,0.0,391
CD4,CCL13,CCR1,CCL13$CCR1,Endothelial,0.0,0.0,391
CD4,CCL14,CCR1,CCL14$CCR1,Endothelial,0.0,0.0,391
CD4,CCL15,CCR1,CCL15$CCR1,Endothelial,0.0,0.0,391
CD4,CCL16,CCR1,CCL16$CCR1,Endothelial,0.0,0.0,391
CD4,CXCL12,ACKR3,CXCL12$ACKR3,Endothelial,0.0,0.0,391
CD4,IL13,IL13RA1,IL13$IL13RA1,Endothelial,0.0,0.0,391
CD4,LIF,IL6ST,LIF$IL6ST,Endothelial,0.0,0.0,391
CD4,IL18,IL18R1,IL18$IL18R1,Endothelial,0.0,0.0,391
CD4,IL18,IL18RAP,IL18$IL18RAP,Endothelial,0.0,0.0,391
CD4,IL34,CSF1R,IL34$CSF1R,Endothelial,0.0,0.0,391
CD4,CSF1,CSF1R,CSF1$CSF1R,Endothelial,0.0,0.0,391
CD4,IFNG,IFNGR1,IFNG$IFNGR1,Endothelial,0.0,0.0,391
CD4,LTA,TNFRSF14,LTA$TNFRSF14,Endothelial,0.0,0.0,391
CD4,LTB,LTBR,LTB$LTBR,Endothelial,0.0,0.0,391
CD4,TNFSF14,TNFRSF14,TNFSF14$TNFRSF14,Endothelial,0.0,0.0,391
CD4,TNFSF10,TNFRSF10A,TNFSF10$TNFRSF10A,Endothelial,0.0,0.0,391
CD4,TNFSF13,TNFRSF17,TNFSF13$TNFRSF17,Endothelial,0.0,0.0,391
CD4,CD40LG,ITGB2,CD40LG$ITGB2,Endothelial,0.0,0.0,391
CD4,ANGPTL2,TLR4,ANGPTL2$TLR4,Endothelial,0.0,0.0,391
CD4,ANGPTL3,ITGAV,ANGPTL3$ITGAV,Endothelial,0.0,0.0,391
CD4,POSTN,ITGAV,POSTN$ITGAV,Endothelial,0.0,0.0,391
CD4,POSTN,ITGB3,POSTN$ITGB3,Endothelial,0.0,0.0,391
CD4,POSTN,ITGB5,POSTN$ITGB5,Endothelial,0.0,0.0,391
CD4,C4A,C3AR1,C4A$C3AR1,Endothelial,0.0,0.0,391
CD4,EDN1,EDNRB,EDN1$EDNRB,Endothelial,0.0,0.0,391
CD4,GZMA,F2RL3,GZMA$F2RL3,Endothelial,0.0,0.0,391
CD4,KITLG,KIT,KITLG$KIT,Endothelial,0.0,0.0,391
CD4,SEMA3A,NRP1,SEMA3A$NRP1,Endothelial,0.0,0.0,391
CD4,SEMA3C,NRP1,SEMA3C$NRP1,Endothelial,0.0,0.0,391
CD4,SEMA3D,NRP1,SEMA3D$NRP1,Endothelial,0.0,0.0,391
CD4,SEMA3C,NRP2,SEMA3C$NRP2,Endothelial,0.0,0.0,391
CD4,GAS6,AXL,GAS6$AXL,Endothelial,0.0,0.0,391
CD4,GAS6,MERTK,GAS6$MERTK,Endothelial,0.0,0.0,391
CD4,GAS6,TYRO3,GAS6$TYRO3,Endothelial,0.0,0.0,391
CD4,GRN,SORT1,GRN$SORT1,Endothelial,0.0,0.0,391
CD4,GUCA2A,GUCY2C,GUCA2A$GUCY2C,Endothelial,0.0,0.0,391
CD4,PMCH,MERTK,PMCH$MERTK,Endothelial,0.0,0.0,391
CD4,PROS1,AXL,PROS1$AXL,Endothelial,0.0,0.0,391
CD4,BTLA,TNFRSF14,BTLA$TNFRSF14,Endothelial,0.0,0.0,391
CD4,LGALS9,HAVCR2,LGALS9$HAVCR2,Endothelial,0.0,0.0,391
CD4,LGALS9,CD44,LGALS9$CD44,Endothelial,0.0,0.0,391
CD4,COL6A2,ITGAV,COL6A2$ITGAV,Endothelial,0.0,0.0,391
CD4,COL6A2,CD44,COL6A2$CD44,Endothelial,0.0,0.0,391
CD4,FCER2,ITGB2,FCER2$ITGB2,Endothelial,0.0,0.0,391
CD4,ICAM1,ITGB2,ICAM1$ITGB2,Endothelial,0.0,0.0,391
CD4,ICAM2,ITGB2,ICAM2$ITGB2,Endothelial,0.0,0.0,391
CD4,ITGB2,ICAM1,ITGB2$ICAM1,Endothelial,0.0,0.0,391
CD4,ITGB2,ICAM2,ITGB2$ICAM2,Endothelial,0.0,0.0,391
CD4,F11R,ITGB2,F11R$ITGB2,Endothelial,0.0,0.0,391
CD4,PECAM1,PECAM1,PECAM1$PECAM1,Endothelial,0.0,0.0,391
CD4,SEMA4D,PLXNB2,SEMA4D$PLXNB2,Endothelial,0.0,0.0,391
CD4,SEMA4C,PLXNB2,SEMA4C$PLXNB2,Endothelial,0.0,0.0,391
CD4,THY1,ITGB2,THY1$ITGB2,Endothelial,0.0,0.0,391
CD4,TGFB1,TGFBR1,TGFB1$TGFBR1,Enteric_glia,0.0,0.0,92
CD4,TGFB1,TGFBR2,TGFB1$TGFBR2,Enteric_glia,0.0,0.0,92
CD4,TGFB2,TGFBR1,TGFB2$TGFBR1,Enteric_glia,0.0,0.0,92
CD4,TGFB2,TGFBR2,TGFB2$TGFBR2,Enteric_glia,0.0,0.0,92
CD4,TGFB3,TGFBR1,TGFB3$TGFBR1,Enteric_glia,0.0,0.0,92
CD4,TGFB3,TGFBR2,TGFB3$TGFBR2,Enteric_glia,0.0,0.0,92
CD4,BMP2,BMPR1A,BMP2$BMPR1A,Enteric_glia,0.0,0.0,92
CD4,BMP2,BMPR2,BMP2$BMPR2,Enteric_glia,0.0,0.0,92
CD4,BMP4,BMPR1A,BMP4$BMPR1A,Enteric_glia,0.0,0.0,92
CD4,BMP4,BMPR2,BMP4$BMPR2,Enteric_glia,0.0,0.0,92
CD4,BMP6,BMPR1A,BMP6$BMPR1A,Enteric_glia,0.0,0.0,92
CD4,BMP7,BMPR2,BMP7$BMPR2,Enteric_glia,0.0,0.0,92
CD4,BMP7,BMPR1A,BMP7$BMPR1A,Enteric_glia,0.0,0.0,92
CD4,GDF11,TGFBR1,GDF11$TGFBR1,Enteric_glia,0.0,0.0,92
CD4,MSTN,TGFBR1,MSTN$TGFBR1,Enteric_glia,0.0,0.0,92
CD4,TGFA,EGFR,TGFA$EGFR,Enteric_glia,0.0,0.0,92
CD4,PDGFA,PDGFRA,PDGFA$PDGFRA,Enteric_glia,0.0,0.0,92
CD4,PDGFA,PDGFRB,PDGFA$PDGFRB,Enteric_glia,0.0,0.0,92
CD4,PDGFB,PDGFRA,PDGFB$PDGFRA,Enteric_glia,0.0,0.0,92
CD4,PDGFB,PDGFRB,PDGFB$PDGFRB,Enteric_glia,0.0,0.0,92
CD4,PDGFC,PDGFRA,PDGFC$PDGFRA,Enteric_glia,0.0,0.0,92
CD4,PDGFD,PDGFRB,PDGFD$PDGFRB,Enteric_glia,0.0,0.0,92
CD4,VEGFA,KDR,VEGFA$KDR,Enteric_glia,0.0,0.0,92
CD4,IGF1,ITGAV,IGF1$ITGAV,Enteric_glia,0.0,0.0,92
CD4,IHH,PTCH1,IHH$PTCH1,Enteric_glia,0.0,0.0,92
CD4,IHH,SMO,IHH$SMO,Enteric_glia,0.0,0.0,92
CD4,SHH,PTCH1,SHH$PTCH1,Enteric_glia,0.0,0.0,92
CD4,CCL8,CCR1,CCL8$CCR1,Enteric_glia,0.0,0.0,92
CD4,CCL7,CCR1,CCL7$CCR1,Enteric_glia,0.0,0.0,92
CD4,CCL13,CCR1,CCL13$CCR1,Enteric_glia,0.0,0.0,92
CD4,CCL14,CCR1,CCL14$CCR1,Enteric_glia,0.0,0.0,92
CD4,CCL15,CCR1,CCL15$CCR1,Enteric_glia,0.0,0.0,92
CD4,CCL16,CCR1,CCL16$CCR1,Enteric_glia,0.0,0.0,92
CD4,CXCL12,ACKR3,CXCL12$ACKR3,Enteric_glia,0.0,0.0,92
CD4,IL13,IL13RA1,IL13$IL13RA1,Enteric_glia,0.0,0.0,92
CD4,LIF,IL6ST,LIF$IL6ST,Enteric_glia,0.0,0.0,92
CD4,IL18,IL18R1,IL18$IL18R1,Enteric_glia,0.0,0.0,92
CD4,IL18,IL18RAP,IL18$IL18RAP,Enteric_glia,0.0,0.0,92
CD4,IL34,CSF1R,IL34$CSF1R,Enteric_glia,0.0,0.0,92
CD4,CSF1,CSF1R,CSF1$CSF1R,Enteric_glia,0.0,0.0,92
CD4,IFNG,IFNGR1,IFNG$IFNGR1,Enteric_glia,0.0,0.0,92
CD4,LTA,TNFRSF14,LTA$TNFRSF14,Enteric_glia,0.0,0.0,92
CD4,LTB,LTBR,LTB$LTBR,Enteric_glia,0.0,0.0,92
CD4,TNFSF14,TNFRSF14,TNFSF14$TNFRSF14,Enteric_glia,0.0,0.0,92
CD4,TNFSF10,TNFRSF10A,TNFSF10$TNFRSF10A,Enteric_glia,0.0,0.0,92
CD4,TNFSF13,TNFRSF17,TNFSF13$TNFRSF17,Enteric_glia,0.0,0.0,92
CD4,CD40LG,ITGB2,CD40LG$ITGB2,Enteric_glia,0.0,0.0,92
CD4,ANGPTL2,TLR4,ANGPTL2$TLR4,Enteric_glia,0.0,0.0,92
CD4,ANGPTL3,ITGAV,ANGPTL3$ITGAV,Enteric_glia,0.0,0.0,92
CD4,POSTN,ITGAV,POSTN$ITGAV,Enteric_glia,0.0,0.0,92
CD4,POSTN,ITGB3,POSTN$ITGB3,Enteric_glia,0.0,0.0,92
CD4,POSTN,ITGB5,POSTN$ITGB5,Enteric_glia,0.0,0.0,92
CD4,C4A,C3AR1,C4A$C3AR1,Enteric_glia,0.0,0.0,92
CD4,EDN1,EDNRB,EDN1$EDNRB,Enteric_glia,0.0,0.0,92
CD4,GZMA,F2RL3,GZMA$F2RL3,Enteric_glia,0.0,0.0,92
CD4,KITLG,KIT,KITLG$KIT,Enteric_glia,0.0,0.0,92
CD4,SEMA3A,NRP1,SEMA3A$NRP1,Enteric_glia,0.0,0.0,92
CD4,SEMA3C,NRP1,SEMA3C$NRP1,Enteric_glia,0.0,0.0,92
CD4,SEMA3D,NRP1,SEMA3D$NRP1,Enteric_glia,0.0,0.0,92
CD4,SEMA3C,NRP2,SEMA3C$NRP2,Enteric_glia,0.0,0.0,92
CD4,GAS6,AXL,GAS6$AXL,Enteric_glia,0.0,0.0,92
CD4,GAS6,MERTK,GAS6$MERTK,Enteric_glia,0.0,0.0,92
CD4,GAS6,TYRO3,GAS6$TYRO3,Enteric_glia,0.0,0.0,92
CD4,GRN,SORT1,GRN$SORT1,Enteric_glia,0.0,0.0,92
CD4,GUCA2A,GUCY2C,GUCA2A$GUCY2C,Enteric_glia,0.0,0.0,92
CD4,PMCH,MERTK,PMCH$MERTK,Enteric_glia,0.0,0.0,92
CD4,PROS1,AXL,PROS1$AXL,Enteric_glia,0.0,0.0,92
CD4,BTLA,TNFRSF14,BTLA$TNFRSF14,Enteric_glia,0.0,0.0,92
CD4,LGALS9,HAVCR2,LGALS9$HAVCR2,Enteric_glia,0.0,0.0,92
CD4,LGALS9,CD44,LGALS9$CD44,Enteric_glia,0.0,0.0,92
CD4,COL6A2,ITGAV,COL6A2$ITGAV,Enteric_glia,0.0,0.0,92
CD4,COL6A2,CD44,COL6A2$CD44,Enteric_glia,0.0,0.0,92
CD4,FCER2,ITGB2,FCER2$ITGB2,Enteric_glia,0.0,0.0,92
CD4,ICAM1,ITGB2,ICAM1$ITGB2,Enteric_glia,0.0,0.0,92
CD4,ICAM2,ITGB2,ICAM2$ITGB2,Enteric_glia,0.0,0.0,92
CD4,ITGB2,ICAM1,ITGB2$ICAM1,Enteric_glia,0.0,0.0,92
CD4,ITGB2,ICAM2,ITGB2$ICAM2,Enteric_glia,0.0,0.0,92
CD4,F11R,ITGB2,F11R$ITGB2,Enteric_glia,0.0,0.0,92
CD4,PECAM1,PECAM1,PECAM1$PECAM1,Enteric_glia,0.0,0.0,92
CD4,SEMA4D,PLXNB2,SEMA4D$PLXNB2,Enteric_glia,0.0,0.0,92
CD4,SEMA4C,PLXNB2,SEMA4C$PLXNB2,Enteric_glia,0.0,0.0,92
CD4,THY1,ITGB2,THY1$ITGB2,Enteric_glia,0.0,0.0,92
CD4,TGFB1,TGFBR1,TGFB1$TGFBR1,Fibroblast,0.0,0.0,944
CD4,TGFB1,TGFBR2,TGFB1$TGFBR2,Fibroblast,0.0,0.0,944
CD4,TGFB2,TGFBR1,TGFB2$TGFBR1,Fibroblast,0.0,0.0,944
CD4,TGFB2,TGFBR2,TGFB2$TGFBR2,Fibroblast,0.0,0.0,944
CD4,TGFB3,TGFBR1,TGFB3$TGFBR1,Fibroblast,0.0,0.0,944
CD4,TGFB3,TGFBR2,TGFB3$TGFBR2,Fibroblast,0.0,0.0,944
CD4,BMP2,BMPR1A,BMP2$BMPR1A,Fibroblast,0.0,0.0,944
CD4,BMP2,BMPR2,BMP2$BMPR2,Fibroblast,0.0,0.0,944
CD4,BMP4,BMPR1A,BMP4$BMPR1A,Fibroblast,0.0,0.0,944
CD4,BMP4,BMPR2,BMP4$BMPR2,Fibroblast,0.0,0.0,944
CD4,BMP6,BMPR1A,BMP6$BMPR1A,Fibroblast,0.0,0.0,944
CD4,BMP7,BMPR2,BMP7$BMPR2,Fibroblast,0.0,0.0,944
CD4,BMP7,BMPR1A,BMP7$BMPR1A,Fibroblast,0.0,0.0,944
CD4,GDF11,TGFBR1,GDF11$TGFBR1,Fibroblast,0.0,0.0,944
CD4,MSTN,TGFBR1,MSTN$TGFBR1,Fibroblast,0.0,0.0,944
CD4,TGFA,EGFR,TGFA$EGFR,Fibroblast,0.0,0.0,944
CD4,PDGFA,PDGFRA,PDGFA$PDGFRA,Fibroblast,0.0,0.0,944
CD4,PDGFA,PDGFRB,PDGFA$PDGFRB,Fibroblast,0.0,0.0,944
CD4,PDGFB,PDGFRA,PDGFB$PDGFRA,Fibroblast,0.0,0.0,944
CD4,PDGFB,PDGFRB,PDGFB$PDGFRB,Fibroblast,0.0,0.0,944
CD4,PDGFC,PDGFRA,PDGFC$PDGFRA,Fibroblast,0.0,0.0,944
CD4,PDGFD,PDGFRB,PDGFD$PDGFRB,Fibroblast,0.0,0.0,944
CD4,VEGFA,KDR,VEGFA$KDR,Fibroblast,0.0,0.0,944
CD4,IGF1,ITGAV,IGF1$ITGAV,Fibroblast,0.0,0.0,944
CD4,IHH,PTCH1,IHH$PTCH1,Fibroblast,0.0,0.0,944
CD4,IHH,SMO,IHH$SMO,Fibroblast,0.0,0.0,944
CD4,SHH,PTCH1,SHH$PTCH1,Fibroblast,0.0,0.0,944
CD4,CCL8,CCR1,CCL8$CCR1,Fibroblast,0.0,0.0,944
CD4,CCL7,CCR1,CCL7$CCR1,Fibroblast,0.0,0.0,944
CD4,CCL13,CCR1,CCL13$CCR1,Fibroblast,0.0,0.0,944
CD4,CCL14,CCR1,CCL14$CCR1,Fibroblast,0.0,0.0,944
CD4,CCL15,CCR1,CCL15$CCR1,Fibroblast,0.0,0.0,944
CD4,CCL16,CCR1,CCL16$CCR1,Fibroblast,0.0,0.0,944
CD4,CXCL12,ACKR3,CXCL12$ACKR3,Fibroblast,0.0,0.0,944
CD4,IL13,IL13RA1,IL13$IL13RA1,Fibroblast,0.0,0.0,944
CD4,LIF,IL6ST,LIF$IL6ST,Fibroblast,0.0,0.0,944
CD4,IL18,IL18R1,IL18$IL18R1,Fibroblast,0.0,0.0,944
CD4,IL18,IL18RAP,IL18$IL18RAP,Fibroblast,0.0,0.0,944
CD4,IL34,CSF1R,IL34$CSF1R,Fibroblast,0.0,0.0,944
CD4,CSF1,CSF1R,CSF1$CSF1R,Fibroblast,0.0,0.0,944
CD4,IFNG,IFNGR1,IFNG$IFNGR1,Fibroblast,0.0,0.0,944
CD4,LTA,TNFRSF14,LTA$TNFRSF14,Fibroblast,0.0,0.0,944
CD4,LTB,LTBR,LTB$LTBR,Fibroblast,0.0,0.0,944
CD4,TNFSF14,TNFRSF14,TNFSF14$TNFRSF14,Fibroblast,0.0,0.0,944
CD4,TNFSF10,TNFRSF10A,TNFSF10$TNFRSF10A,Fibroblast,0.0,0.0,944
CD4,TNFSF13,TNFRSF17,TNFSF13$TNFRSF17,Fibroblast,0.0,0.0,944
CD4,CD40LG,ITGB2,CD40LG$ITGB2,Fibroblast,0.0,0.0,944
CD4,ANGPTL2,TLR4,ANGPTL2$TLR4,Fibroblast,0.0,0.0,944
CD4,ANGPTL3,ITGAV,ANGPTL3$ITGAV,Fibroblast,0.0,0.0,944
CD4,POSTN,ITGAV,POSTN$ITGAV,Fibroblast,0.0,0.0,944
CD4,POSTN,ITGB3,POSTN$ITGB3,Fibroblast,0.0,0.0,944
CD4,POSTN,ITGB5,POSTN$ITGB5,Fibroblast,0.0,0.0,944
CD4,C4A,C3AR1,C4A$C3AR1,Fibroblast,0.0,0.0,944
CD4,EDN1,EDNRB,EDN1$EDNRB,Fibroblast,0.0,0.0,944
CD4,GZMA,F2RL3,GZMA$F2RL3,Fibroblast,0.0,0.0,944
CD4,KITLG,KIT,KITLG$KIT,Fibroblast,0.0,0.0,944
CD4,SEMA3A,NRP1,SEMA3A$NRP1,Fibroblast,0.0,0.0,944
CD4,SEMA3C,NRP1,SEMA3C$NRP1,Fibroblast,0.0,0.0,944
CD4,SEMA3D,NRP1,SEMA3D$NRP1,Fibroblast,0.0,0.0,944
CD4,SEMA3C,NRP2,SEMA3C$NRP2,Fibroblast,0.0,0.0,944
CD4,GAS6,AXL,GAS6$AXL,Fibroblast,0.0,0.0,944
CD4,GAS6,MERTK,GAS6$MERTK,Fibroblast,0.0,0.0,944
CD4,GAS6,TYRO3,GAS6$TYRO3,Fibroblast,0.0,0.0,944
CD4,GRN,SORT1,GRN$SORT1,Fibroblast,0.0,0.0,944
CD4,GUCA2A,GUCY2C,GUCA2A$GUCY2C,Fibroblast,0.0,0.0,944
CD4,PMCH,MERTK,PMCH$MERTK,Fibroblast,0.0,0.0,944
CD4,PROS1,AXL,PROS1$AXL,Fibroblast,0.0,0.0,944
CD4,BTLA,TNFRSF14,BTLA$TNFRSF14,Fibroblast,0.0,0.0,944
CD4,LGALS9,HAVCR2,LGALS9$HAVCR2,Fibroblast,0.0,0.0,944
CD4,LGALS9,CD44,LGALS9$CD44,Fibroblast,0.0,0.0,944
CD4,COL6A2,ITGAV,COL6A2$ITGAV,Fibroblast,0.0,0.0,944
CD4,COL6A2,CD44,COL6A2$CD44,Fibroblast,0.0,0.0,944
CD4,FCER2,ITGB2,FCER2$ITGB2,Fibroblast,0.0,0.0,944
CD4,ICAM1,ITGB2,ICAM1$ITGB2,Fibroblast,0.0,0.0,944
CD4,ICAM2,ITGB2,ICAM2$ITGB2,Fibroblast,0.0,0.0,944
CD4,ITGB2,ICAM1,ITGB2$ICAM1,Fibroblast,0.0,0.0,944
CD4,ITGB2,ICAM2,ITGB2$ICAM2,Fibroblast,0.0,0.0,944
CD4,F11R,ITGB2,F11R$ITGB2,Fibroblast,0.0,0.0,944
CD4,PECAM1,PECAM1,PECAM1$PECAM1,Fibroblast,0.0,0.0,944
CD4,SEMA4D,PLXNB2,SEMA4D$PLXNB2,Fibroblast,0.0,0.0,944
CD4,SEMA4C,PLXNB2,SEMA4C$PLXNB2,Fibroblast,0.0,0.0,944
CD4,THY1,ITGB2,THY1$ITGB2,Fibroblast,0.0,0.0,944
CD4,TGFB1,TGFBR1,TGFB1$TGFBR1,IEC,0.0,0.0,7778
CD4,TGFB1,TGFBR2,TGFB1$TGFBR2,IEC,0.0,0.0,7778
CD4,TGFB2,TGFBR1,TGFB2$TGFBR1,IEC,0.0,0.0,7778
CD4,TGFB2,TGFBR2,TGFB2$TGFBR2,IEC,0.0,0.0,7778
CD4,TGFB3,TGFBR1,TGFB3$TGFBR1,IEC,0.0,0.0,7778
CD4,TGFB3,TGFBR2,TGFB3$TGFBR2,IEC,0.0,0.0,7778
CD4,BMP2,BMPR1A,BMP2$BMPR1A,IEC,0.0,0.0,7778
CD4,BMP2,BMPR2,BMP2$BMPR2,IEC,0.0,0.0,7778
CD4,BMP4,BMPR1A,BMP4$BMPR1A,IEC,0.0,0.0,7778
CD4,BMP4,BMPR2,BMP4$BMPR2,IEC,0.0,0.0,7778
CD4,BMP6,BMPR1A,BMP6$BMPR1A,IEC,0.0,0.0,7778
CD4,BMP7,BMPR2,BMP7$BMPR2,IEC,0.0,0.0,7778
CD4,BMP7,BMPR1A,BMP7$BMPR1A,IEC,0.0,0.0,7778
CD4,GDF11,TGFBR1,GDF11$TGFBR1,IEC,0.0,0.0,7778
CD4,MSTN,TGFBR1,MSTN$TGFBR1,IEC,0.0,0.0,7778
CD4,TGFA,EGFR,TGFA$EGFR,IEC,0.0,0.0,7778
CD4,PDGFA,PDGFRA,PDGFA$PDGFRA,IEC,0.0,0.0,7778
CD4,PDGFA,PDGFRB,PDGFA$PDGFRB,IEC,0.0,0.0,7778
CD4,PDGFB,PDGFRA,PDGFB$PDGFRA,IEC,0.0,0.0,7778
CD4,PDGFB,PDGFRB,PDGFB$PDGFRB,IEC,0.0,0.0,7778
CD4,PDGFC,PDGFRA,PDGFC$PDGFRA,IEC,0.0,0.0,7778
CD4,PDGFD,PDGFRB,PDGFD$PDGFRB,IEC,0.0,0.0,7778
CD4,VEGFA,KDR,VEGFA$KDR,IEC,0.0,0.0,7778
CD4,IGF1,ITGAV,IGF1$ITGAV,IEC,0.0,0.0,7778
CD4,IHH,PTCH1,IHH$PTCH1,IEC,0.0,0.0,7778
CD4,IHH,SMO,IHH$SMO,IEC,0.0,0.0,7778
CD4,SHH,PTCH1,SHH$PTCH1,IEC,0.0,0.0,7778
CD4,CCL8,CCR1,CCL8$CCR1,IEC,0.0,0.0,7778
CD4,CCL7,CCR1,CCL7$CCR1,IEC,0.0,0.0,7778
CD4,CCL13,CCR1,CCL13$CCR1,IEC,0.0,0.0,7778
CD4,CCL14,CCR1,CCL14$CCR1,IEC,0.0,0.0,7778
CD4,CCL15,CCR1,CCL15$CCR1,IEC,0.0,0.0,7778
CD4,CCL16,CCR1,CCL16$CCR1,IEC,0.0,0.0,7778
CD4,CXCL12,ACKR3,CXCL12$ACKR3,IEC,0.0,0.0,7778
CD4,IL13,IL13RA1,IL13$IL13RA1,IEC,0.0,0.0,7778
CD4,LIF,IL6ST,LIF$IL6ST,IEC,0.0,0.0,7778
CD4,IL18,IL18R1,IL18$IL18R1,IEC,0.0,0.0,7778
CD4,IL18,IL18RAP,IL18$IL18RAP,IEC,0.0,0.0,7778
CD4,IL34,CSF1R,IL34$CSF1R,IEC,0.0,0.0,7778
CD4,CSF1,CSF1R,CSF1$CSF1R,IEC,0.0,0.0,7778
CD4,IFNG,IFNGR1,IFNG$IFNGR1,IEC,0.0,0.0,7778
CD4,LTA,TNFRSF14,LTA$TNFRSF14,IEC,0.0,0.0,7778
CD4,LTB,LTBR,LTB$LTBR,IEC,0.0,0.0,7778
CD4,TNFSF14,TNFRSF14,TNFSF14$TNFRSF14,IEC,0.0,0.0,7778
CD4,TNFSF10,TNFRSF10A,TNFSF10$TNFRSF10A,IEC,0.0,0.0,7778
CD4,TNFSF13,TNFRSF17,TNFSF13$TNFRSF17,IEC,0.0,0.0,7778
CD4,CD40LG,ITGB2,CD40LG$ITGB2,IEC,0.0,0.0,7778
CD4,ANGPTL2,TLR4,ANGPTL2$TLR4,IEC,0.0,0.0,7778
CD4,ANGPTL3,ITGAV,ANGPTL3$ITGAV,IEC,0.0,0.0,7778
CD4,POSTN,ITGAV,POSTN$ITGAV,IEC,0.0,0.0,7778
CD4,POSTN,ITGB3,POSTN$ITGB3,IEC,0.0,0.0,7778
CD4,POSTN,ITGB5,POSTN$ITGB5,IEC,0.0,0.0,7778
CD4,C4A,C3AR1,C4A$C3AR1,IEC,0.0,0.0,7778
CD4,EDN1,EDNRB,EDN1$EDNRB,IEC,0.0,0.0,7778
CD4,GZMA,F2RL3,GZMA$F2RL3,IEC,0.0,0.0,7778
CD4,KITLG,KIT,KITLG$KIT,IEC,0.0,0.0,7778
CD4,SEMA3A,NRP1,SEMA3A$NRP1,IEC,0.0,0.0,7778
CD4,SEMA3C,NRP1,SEMA3C$NRP1,IEC,0.0,0.0,7778
CD4,SEMA3D,NRP1,SEMA3D$NRP1,IEC,0.0,0.0,7778
CD4,SEMA3C,NRP2,SEMA3C$NRP2,IEC,0.0,0.0,7778
CD4,GAS6,AXL,GAS6$AXL,IEC,0.0,0.0,7778
CD4,GAS6,MERTK,GAS6$MERTK,IEC,0.0,0.0,7778
CD4,GAS6,TYRO3,GAS6$TYRO3,IEC,0.0,0.0,7778
CD4,GRN,SORT1,GRN$SORT1,IEC,0.0,0.0,7778
CD4,GUCA2A,GUCY2C,GUCA2A$GUCY2C,IEC,0.0,0.0,7778
CD4,PMCH,MERTK,PMCH$MERTK,IEC,0.0,0.0,7778
CD4,PROS1,AXL,PROS1$AXL,IEC,0.0,0.0,7778
CD4,BTLA,TNFRSF14,BTLA$TNFRSF14,IEC,0.0,0.0,7778
CD4,LGALS9,HAVCR2,LGALS9$HAVCR2,IEC,0.0,0.0,7778
CD4,LGALS9,CD44,LGALS9$CD44,IEC,0.0,0.0,7778
CD4,COL6A2,ITGAV,COL6A2$ITGAV,IEC,0.0,0.0,7778
CD4,COL6A2,CD44,COL6A2$CD44,IEC,0.0,0.0,7778
CD4,FCER2,ITGB2,FCER2$ITGB2,IEC,0.0,0.0,7778
CD4,ICAM1,ITGB2,ICAM1$ITGB2,IEC,0.0,0.0,7778
CD4,ICAM2,ITGB2,ICAM2$ITGB2,IEC,0.0,0.0,7778
CD4,ITGB2,ICAM1,ITGB2$ICAM1,IEC,0.0,0.0,7778
CD4,ITGB2,ICAM2,ITGB2$ICAM2,IEC,0.0,0.0,7778
CD4,F11R,ITGB2,F11R$ITGB2,IEC,0.0,0.0,7778
CD4,PECAM1,PECAM1,PECAM1$PECAM1,IEC,0.0,0.0,7778
CD4,SEMA4D,PLXNB2,SEMA4D$PLXNB2,IEC,0.0,0.0,7778
CD4,SEMA4C,PLXNB2,SEMA4C$PLXNB2,IEC,0.0,0.0,7778
CD4,THY1,ITGB2,THY1$ITGB2,IEC,0.0,0.0,7778
CD4,TGFB1,TGFBR1,TGFB1$TGFBR1,MAST,0.0,0.0,171
CD4,TGFB1,TGFBR2,TGFB1$TGFBR2,MAST,0.0,0.0,171
CD4,TGFB2,TGFBR1,TGFB2$TGFBR1,MAST,0.0,0.0,171
CD4,TGFB2,TGFBR2,TGFB2$TGFBR2,MAST,0.0,0.0,171
CD4,TGFB3,TGFBR1,TGFB3$TGFBR1,MAST,0.0,0.0,171
CD4,TGFB3,TGFBR2,TGFB3$TGFBR2,MAST,0.0,0.0,171
CD4,BMP2,BMPR1A,BMP2$BMPR1A,MAST,0.0,0.0,171
CD4,BMP2,BMPR2,BMP2$BMPR2,MAST,0.0,0.0,171
CD4,BMP4,BMPR1A,BMP4$BMPR1A,MAST,0.0,0.0,171
CD4,BMP4,BMPR2,BMP4$BMPR2,MAST,0.0,0.0,171
CD4,BMP6,BMPR1A,BMP6$BMPR1A,MAST,0.0,0.0,171
CD4,BMP7,BMPR2,BMP7$BMPR2,MAST,0.0,0.0,171
CD4,BMP7,BMPR1A,BMP7$BMPR1A,MAST,0.0,0.0,171
CD4,GDF11,TGFBR1,GDF11$TGFBR1,MAST,0.0,0.0,171
CD4,MSTN,TGFBR1,MSTN$TGFBR1,MAST,0.0,0.0,171
CD4,TGFA,EGFR,TGFA$EGFR,MAST,0.0,0.0,171
CD4,PDGFA,PDGFRA,PDGFA$PDGFRA,MAST,0.0,0.0,171
CD4,PDGFA,PDGFRB,PDGFA$PDGFRB,MAST,0.0,0.0,171
CD4,PDGFB,PDGFRA,PDGFB$PDGFRA,MAST,0.0,0.0,171
CD4,PDGFB,PDGFRB,PDGFB$PDGFRB,MAST,0.0,0.0,171
CD4,PDGFC,PDGFRA,PDGFC$PDGFRA,MAST,0.0,0.0,171
CD4,PDGFD,PDGFRB,PDGFD$PDGFRB,MAST,0.0,0.0,171
CD4,VEGFA,KDR,VEGFA$KDR,MAST,0.0,0.0,171
CD4,IGF1,ITGAV,IGF1$ITGAV,MAST,0.0,0.0,171
CD4,IHH,PTCH1,IHH$PTCH1,MAST,0.0,0.0,171
CD4,IHH,SMO,IHH$SMO,MAST,0.0,0.0,171
CD4,SHH,PTCH1,SHH$PTCH1,MAST,0.0,0.0,171
CD4,CCL8,CCR1,CCL8$CCR1,MAST,0.0,0.0,171
CD4,CCL7,CCR1,CCL7$CCR1,MAST,0.0,0.0,171
CD4,CCL13,CCR1,CCL13$CCR1,MAST,0.0,0.0,171
CD4,CCL14,CCR1,CCL14$CCR1,MAST,0.0,0.0,171
CD4,CCL15,CCR1,CCL15$CCR1,MAST,0.0,0.0,171
CD4,CCL16,CCR1,CCL16$CCR1,MAST,0.0,0.0,171
CD4,CXCL12,ACKR3,CXCL12$ACKR3,MAST,0.0,0.0,171
CD4,IL13,IL13RA1,IL13$IL13RA1,MAST,0.0,0.0,171
CD4,LIF,IL6ST,LIF$IL6ST,MAST,0.0,0.0,171
CD4,IL18,IL18R1,IL18$IL18R1,MAST,0.0,0.0,171
CD4,IL18,IL18RAP,IL18$IL18RAP,MAST,0.0,0.0,171
CD4,IL34,CSF1R,IL34$CSF1R,MAST,0.0,0.0,171
CD4,CSF1,CSF1R,CSF1$CSF1R,MAST,0.0,0.0,171
CD4,IFNG,IFNGR1,IFNG$IFNGR1,MAST,0.0,0.0,171
CD4,LTA,TNFRSF14,LTA$TNFRSF14,MAST,0.0,0.0,171
CD4,LTB,LTBR,LTB$LTBR,MAST,0.0,0.0,171
CD4,TNFSF14,TNFRSF14,TNFSF14$TNFRSF14,MAST,0.0,0.0,171
CD4,TNFSF10,TNFRSF10A,TNFSF10$TNFRSF10A,MAST,0.0,0.0,171
CD4,TNFSF13,TNFRSF17,TNFSF13$TNFRSF17,MAST,0.0,0.0,171
CD4,CD40LG,ITGB2,CD40LG$ITGB2,MAST,0.0,0.0,171
CD4,ANGPTL2,TLR4,ANGPTL2$TLR4,MAST,0.0,0.0,171
CD4,ANGPTL3,ITGAV,ANGPTL3$ITGAV,MAST,0.0,0.0,171
CD4,POSTN,ITGAV,POSTN$ITGAV,MAST,0.0,0.0,171
CD4,POSTN,ITGB3,POSTN$ITGB3,MAST,0.0,0.0,171
CD4,POSTN,ITGB5,POSTN$ITGB5,MAST,0.0,0.0,171
CD4,C4A,C3AR1,C4A$C3AR1,MAST,0.0,0.0,171
CD4,EDN1,EDNRB,EDN1$EDNRB,MAST,0.0,0.0,171
CD4,GZMA,F2RL3,GZMA$F2RL3,MAST,0.0,0.0,171
CD4,KITLG,KIT,KITLG$KIT,MAST,0.0,0.0,171
CD4,SEMA3A,NRP1,SEMA3A$NRP1,MAST,0.0,0.0,171
CD4,SEMA3C,NRP1,SEMA3C$NRP1,MAST,0.0,0.0,171
CD4,SEMA3D,NRP1,SEMA3D$NRP1,MAST,0.0,0.0,171
CD4,SEMA3C,NRP2,SEMA3C$NRP2,MAST,0.0,0.0,171
CD4,GAS6,AXL,GAS6$AXL,MAST,0.0,0.0,171
CD4,GAS6,MERTK,GAS6$MERTK,MAST,0.0,0.0,171
CD4,GAS6,TYRO3,GAS6$TYRO3,MAST,0.0,0.0,171
CD4,GRN,SORT1,GRN$SORT1,MAST,0.0,0.0,171
CD4,GUCA2A,GUCY2C,GUCA2A$GUCY2C,MAST,0.0,0.0,171
CD4,PMCH,MERTK,PMCH$MERTK,MAST,0.0,0.0,171
CD4,PROS1,AXL,PROS1$AXL,MAST,0.0,0.0,171
CD4,BTLA,TNFRSF14,BTLA$TNFRSF14,MAST,0.0,0.0,171
CD4,LGALS9,HAVCR2,LGALS9$HAVCR2,MAST,0.0,0.0,171
CD4,LGALS9,CD44,LGALS9$CD44,MAST,0.0,0.0,171
CD4,COL6A2,ITGAV,COL6A2$ITGAV,MAST,0.0,0.0,171
CD4,COL6A2,CD44,COL6A2$CD44,MAST,0.0,0.0,171
CD4,FCER2,ITGB2,FCER2$ITGB2,MAST,0.0,0.0,171
CD4,ICAM1,ITGB2,ICAM1$ITGB2,MAST,0.0,0.0,171
CD4,ICAM2,ITGB2,ICAM2$ITGB2,MAST,0.0,0.0,171
CD4,ITGB2,ICAM1,ITGB2$ICAM1,MAST,0.0,0.0,171
CD4,ITGB2,ICAM2,ITGB2$ICAM2,MAST,0.0,0.0,171
CD4,F11R,ITGB2,F11R$ITGB2,MAST,0.0,0.0,171
CD4,PECAM1,PECAM1,PECAM1$PECAM1,MAST,0.0,0.0,171
CD4,SEMA4D,PLXNB2,SEMA4D$PLXNB2,MAST,0.0,0.0,171
CD4,SEMA4C,PLXNB2,SEMA4C$PLXNB2,MAST,0.0,0.0,171
CD4,THY1,ITGB2,THY1$ITGB2,MAST,0.0,0.0,171
CD4,TGFB1,TGFBR1,TGFB1$TGFBR1,MNP,9.74179e-07,1.0455427e-08,464
CD4,TGFB1,TGFBR2,TGFB1$TGFBR2,MNP,9.848511e-08,2.7466018e-09,464
CD4,TGFB2,TGFBR1,TGFB2$TGFBR1,MNP,-4.4094983e-10,1.2306175e-11,464
CD4,TGFB2,TGFBR2,TGFB2$TGFBR2,MNP,5.888542e-08,1.4050127e-09,464
CD4,TGFB3,TGFBR1,TGFB3$TGFBR1,MNP,5.1892504e-09,1.2450202e-09,464
CD4,TGFB3,TGFBR2,TGFB3$TGFBR2,MNP,-1.1099282e-07,8.5656526e-10,464
CD4,BMP2,BMPR1A,BMP2$BMPR1A,MNP,-2.3272698e-07,8.174757e-09,464
CD4,BMP2,BMPR2,BMP2$BMPR2,MNP,8.879403e-06,1.5260606e-07,464
CD4,BMP4,BMPR1A,BMP4$BMPR1A,MNP,-7.720955e-08,1.0567658e-09,464
CD4,BMP4,BMPR2,BMP4$BMPR2,MNP,-1.3067896e-06,4.6384354e-08,464
CD4,BMP6,BMPR1A,BMP6$BMPR1A,MNP,-1.0149418e-09,1.4466345e-10,464
CD4,BMP7,BMPR2,BMP7$BMPR2,MNP,2.585876e-07,5.380334e-09,464
CD4,BMP7,BMPR1A,BMP7$BMPR1A,MNP,-3.139147e-08,6.955391e-10,464
CD4,GDF11,TGFBR1,GDF11$TGFBR1,MNP,1.3357381e-08,1.0377175e-09,464
CD4,MSTN,TGFBR1,MSTN$TGFBR1,MNP,2.3485906e-07,8.4435126e-09,464
CD4,TGFA,EGFR,TGFA$EGFR,MNP,2.2812591e-07,4.1151893e-08,464
CD4,PDGFA,PDGFRA,PDGFA$PDGFRA,MNP,-4.9853764e-08,4.6118562e-09,464
CD4,PDGFA,PDGFRB,PDGFA$PDGFRB,MNP,2.3205389e-07,2.5695273e-08,464
CD4,PDGFB,PDGFRA,PDGFB$PDGFRA,MNP,-1.5209935e-07,6.295882e-09,464
CD4,PDGFB,PDGFRB,PDGFB$PDGFRB,MNP,1.2633143e-08,4.9024473e-10,464
CD4,PDGFC,PDGFRA,PDGFC$PDGFRA,MNP,2.0504127e-07,6.9124844e-09,464
CD4,PDGFD,PDGFRB,PDGFD$PDGFRB,MNP,2.1084857e-07,5.0266076e-09,464
CD4,VEGFA,KDR,VEGFA$KDR,MNP,2.4849868e-07,8.880639e-09,464
CD4,IGF1,ITGAV,IGF1$ITGAV,MNP,9.144713e-07,3.2885815e-08,464
CD4,IHH,PTCH1,IHH$PTCH1,MNP,-3.2572823e-06,2.069709e-07,464
CD4,IHH,SMO,IHH$SMO,MNP,6.713752e-07,1.47971315e-08,464
CD4,SHH,PTCH1,SHH$PTCH1,MNP,5.8386817e-08,1.5818591e-09,464
CD4,CCL8,CCR1,CCL8$CCR1,MNP,2.431205e-07,1.7697916e-08,464
CD4,CCL7,CCR1,CCL7$CCR1,MNP,4.3693397e-08,5.8050176e-10,464
CD4,CCL13,CCR1,CCL13$CCR1,MNP,3.1779493e-07,9.451244e-09,464
CD4,CCL14,CCR1,CCL14$CCR1,MNP,-6.7812186e-07,2.0270525e-08,464
CD4,CCL15,CCR1,CCL15$CCR1,MNP,-2.379439e-06,6.5187905e-08,464
CD4,CCL16,CCR1,CCL16$CCR1,MNP,5.4575344e-07,3.096784e-08,464
CD4,CXCL12,ACKR3,CXCL12$ACKR3,MNP,9.247304e-07,3.9379145e-08,464
CD4,IL13,IL13RA1,IL13$IL13RA1,MNP,4.306766e-09,3.843424e-10,464
CD4,LIF,IL6ST,LIF$IL6ST,MNP,-5.351222e-06,1.4228671e-07,464
CD4,IL18,IL18R1,IL18$IL18R1,MNP,-4.5662054e-07,6.5819328e-09,464
CD4,IL18,IL18RAP,IL18$IL18RAP,MNP,1.3568776e-07,1.5408473e-08,464
CD4,IL34,CSF1R,IL34$CSF1R,MNP,-1.6050639e-07,1.3200802e-08,464
CD4,CSF1,CSF1R,CSF1$CSF1R,MNP,2.5982754e-05,1.1017396e-06,464
CD4,IFNG,IFNGR1,IFNG$IFNGR1,MNP,-2.3502265e-07,4.6432906e-09,464
CD4,LTA,TNFRSF14,LTA$TNFRSF14,MNP,-7.705172e-08,7.595623e-10,464
CD4,LTB,LTBR,LTB$LTBR,MNP,-1.6013244e-06,1.71819e-08,464
CD4,TNFSF14,TNFRSF14,TNFSF14$TNFRSF14,MNP,-2.145302e-07,3.3034555e-09,464
CD4,TNFSF10,TNFRSF10A,TNFSF10$TNFRSF10A,MNP,-1.5166036e-06,1.6588608e-08,464
CD4,TNFSF13,TNFRSF17,TNFSF13$TNFRSF17,MNP,5.3660284e-07,2.0095383e-08,464
CD4,CD40LG,ITGB2,CD40LG$ITGB2,MNP,-1.9774193e-06,8.371122e-08,464
CD4,ANGPTL2,TLR4,ANGPTL2$TLR4,MNP,9.948723e-07,4.364671e-08,464
CD4,ANGPTL3,ITGAV,ANGPTL3$ITGAV,MNP,-2.5182436e-08,2.465029e-10,464
CD4,POSTN,ITGAV,POSTN$ITGAV,MNP,-4.266867e-06,9.1002455e-08,464
CD4,POSTN,ITGB3,POSTN$ITGB3,MNP,-1.7070587e-06,1.4062451e-07,464
CD4,POSTN,ITGB5,POSTN$ITGB5,MNP,2.9165623e-05,4.107639e-07,464
CD4,C4A,C3AR1,C4A$C3AR1,MNP,-2.064411e-07,2.6469015e-08,464
CD4,EDN1,EDNRB,EDN1$EDNRB,MNP,-3.5831825e-08,3.6759236e-09,464
CD4,GZMA,F2RL3,GZMA$F2RL3,MNP,1.485173e-07,5.6351324e-09,464
CD4,KITLG,KIT,KITLG$KIT,MNP,2.180731e-07,2.5512887e-09,464
CD4,SEMA3A,NRP1,SEMA3A$NRP1,MNP,6.6512885e-06,2.7053784e-07,464
CD4,SEMA3C,NRP1,SEMA3C$NRP1,MNP,3.537859e-05,1.0389242e-06,464
CD4,SEMA3D,NRP1,SEMA3D$NRP1,MNP,-1.2809719e-06,2.61421e-08,464
CD4,SEMA3C,NRP2,SEMA3C$NRP2,MNP,-3.3908466e-07,7.923683e-09,464
CD4,GAS6,AXL,GAS6$AXL,MNP,6.0130504e-05,2.804942e-06,464
CD4,GAS6,MERTK,GAS6$MERTK,MNP,2.161238e-05,3.9309145e-07,464
CD4,GAS6,TYRO3,GAS6$TYRO3,MNP,2.4159551e-06,7.955879e-08,464
CD4,GRN,SORT1,GRN$SORT1,MNP,-3.3421597e-06,1.3581491e-07,464
CD4,GUCA2A,GUCY2C,GUCA2A$GUCY2C,MNP,7.664024e-06,1.09521544e-07,464
CD4,PMCH,MERTK,PMCH$MERTK,MNP,-8.3056236e-08,6.795209e-09,464
CD4,PROS1,AXL,PROS1$AXL,MNP,9.478179e-06,3.297088e-07,464
CD4,BTLA,TNFRSF14,BTLA$TNFRSF14,MNP,-3.2210352e-07,6.990193e-08,464
CD4,LGALS9,HAVCR2,LGALS9$HAVCR2,MNP,-9.126818e-06,1.9941204e-07,464
CD4,LGALS9,CD44,LGALS9$CD44,MNP,9.010723e-06,2.754991e-07,464
CD4,COL6A2,ITGAV,COL6A2$ITGAV,MNP,6.252049e-07,9.206934e-09,464
CD4,COL6A2,CD44,COL6A2$CD44,MNP,-4.0717208e-07,1.6661058e-08,464
CD4,FCER2,ITGB2,FCER2$ITGB2,MNP,2.4690362e-07,9.744231e-09,464
CD4,ICAM1,ITGB2,ICAM1$ITGB2,MNP,2.5262847e-07,5.0799795e-09,464
CD4,ICAM2,ITGB2,ICAM2$ITGB2,MNP,1.5133678e-07,3.1425855e-09,464
CD4,ITGB2,ICAM1,ITGB2$ICAM1,MNP,1.7290947e-07,5.901836e-09,464
CD4,ITGB2,ICAM2,ITGB2$ICAM2,MNP,4.9188636e-10,7.760799e-12,464
CD4,F11R,ITGB2,F11R$ITGB2,MNP,-1.3202414e-06,3.0035128e-08,464
CD4,PECAM1,PECAM1,PECAM1$PECAM1,MNP,-7.50466e-08,7.3806325e-09,464
CD4,SEMA4D,PLXNB2,SEMA4D$PLXNB2,MNP,6.6740483e-07,1.0792415e-08,464
CD4,SEMA4C,PLXNB2,SEMA4C$PLXNB2,MNP,9.4045276e-07,2.760977e-08,464
CD4,THY1,ITGB2,THY1$ITGB2,MNP,-2.0346712e-07,3.7998635e-09,464
CD4,TGFB1,TGFBR1,TGFB1$TGFBR1,Muscularis_mucosa,0.0,0.0,92
CD4,TGFB1,TGFBR2,TGFB1$TGFBR2,Muscularis_mucosa,0.0,0.0,92
CD4,TGFB2,TGFBR1,TGFB2$TGFBR1,Muscularis_mucosa,0.0,0.0,92
CD4,TGFB2,TGFBR2,TGFB2$TGFBR2,Muscularis_mucosa,0.0,0.0,92
CD4,TGFB3,TGFBR1,TGFB3$TGFBR1,Muscularis_mucosa,0.0,0.0,92
CD4,TGFB3,TGFBR2,TGFB3$TGFBR2,Muscularis_mucosa,0.0,0.0,92
CD4,BMP2,BMPR1A,BMP2$BMPR1A,Muscularis_mucosa,0.0,0.0,92
CD4,BMP2,BMPR2,BMP2$BMPR2,Muscularis_mucosa,0.0,0.0,92
CD4,BMP4,BMPR1A,BMP4$BMPR1A,Muscularis_mucosa,0.0,0.0,92
CD4,BMP4,BMPR2,BMP4$BMPR2,Muscularis_mucosa,0.0,0.0,92
CD4,BMP6,BMPR1A,BMP6$BMPR1A,Muscularis_mucosa,0.0,0.0,92
CD4,BMP7,BMPR2,BMP7$BMPR2,Muscularis_mucosa,0.0,0.0,92
CD4,BMP7,BMPR1A,BMP7$BMPR1A,Muscularis_mucosa,0.0,0.0,92
CD4,GDF11,TGFBR1,GDF11$TGFBR1,Muscularis_mucosa,0.0,0.0,92
CD4,MSTN,TGFBR1,MSTN$TGFBR1,Muscularis_mucosa,0.0,0.0,92
CD4,TGFA,EGFR,TGFA$EGFR,Muscularis_mucosa,0.0,0.0,92
CD4,PDGFA,PDGFRA,PDGFA$PDGFRA,Muscularis_mucosa,0.0,0.0,92
CD4,PDGFA,PDGFRB,PDGFA$PDGFRB,Muscularis_mucosa,0.0,0.0,92
CD4,PDGFB,PDGFRA,PDGFB$PDGFRA,Muscularis_mucosa,0.0,0.0,92
CD4,PDGFB,PDGFRB,PDGFB$PDGFRB,Muscularis_mucosa,0.0,0.0,92
CD4,PDGFC,PDGFRA,PDGFC$PDGFRA,Muscularis_mucosa,0.0,0.0,92
CD4,PDGFD,PDGFRB,PDGFD$PDGFRB,Muscularis_mucosa,0.0,0.0,92
CD4,VEGFA,KDR,VEGFA$KDR,Muscularis_mucosa,0.0,0.0,92
CD4,IGF1,ITGAV,IGF1$ITGAV,Muscularis_mucosa,0.0,0.0,92
CD4,IHH,PTCH1,IHH$PTCH1,Muscularis_mucosa,0.0,0.0,92
CD4,IHH,SMO,IHH$SMO,Muscularis_mucosa,0.0,0.0,92
CD4,SHH,PTCH1,SHH$PTCH1,Muscularis_mucosa,0.0,0.0,92
CD4,CCL8,CCR1,CCL8$CCR1,Muscularis_mucosa,0.0,0.0,92
CD4,CCL7,CCR1,CCL7$CCR1,Muscularis_mucosa,0.0,0.0,92
CD4,CCL13,CCR1,CCL13$CCR1,Muscularis_mucosa,0.0,0.0,92
CD4,CCL14,CCR1,CCL14$CCR1,Muscularis_mucosa,0.0,0.0,92
CD4,CCL15,CCR1,CCL15$CCR1,Muscularis_mucosa,0.0,0.0,92
CD4,CCL16,CCR1,CCL16$CCR1,Muscularis_mucosa,0.0,0.0,92
CD4,CXCL12,ACKR3,CXCL12$ACKR3,Muscularis_mucosa,0.0,0.0,92
CD4,IL13,IL13RA1,IL13$IL13RA1,Muscularis_mucosa,0.0,0.0,92
CD4,LIF,IL6ST,LIF$IL6ST,Muscularis_mucosa,0.0,0.0,92
CD4,IL18,IL18R1,IL18$IL18R1,Muscularis_mucosa,0.0,0.0,92
CD4,IL18,IL18RAP,IL18$IL18RAP,Muscularis_mucosa,0.0,0.0,92
CD4,IL34,CSF1R,IL34$CSF1R,Muscularis_mucosa,0.0,0.0,92
CD4,CSF1,CSF1R,CSF1$CSF1R,Muscularis_mucosa,0.0,0.0,92
CD4,IFNG,IFNGR1,IFNG$IFNGR1,Muscularis_mucosa,0.0,0.0,92
CD4,LTA,TNFRSF14,LTA$TNFRSF14,Muscularis_mucosa,0.0,0.0,92
CD4,LTB,LTBR,LTB$LTBR,Muscularis_mucosa,0.0,0.0,92
CD4,TNFSF14,TNFRSF14,TNFSF14$TNFRSF14,Muscularis_mucosa,0.0,0.0,92
CD4,TNFSF10,TNFRSF10A,TNFSF10$TNFRSF10A,Muscularis_mucosa,0.0,0.0,92
CD4,TNFSF13,TNFRSF17,TNFSF13$TNFRSF17,Muscularis_mucosa,0.0,0.0,92
CD4,CD40LG,ITGB2,CD40LG$ITGB2,Muscularis_mucosa,0.0,0.0,92
CD4,ANGPTL2,TLR4,ANGPTL2$TLR4,Muscularis_mucosa,0.0,0.0,92
CD4,ANGPTL3,ITGAV,ANGPTL3$ITGAV,Muscularis_mucosa,0.0,0.0,92
CD4,POSTN,ITGAV,POSTN$ITGAV,Muscularis_mucosa,0.0,0.0,92
CD4,POSTN,ITGB3,POSTN$ITGB3,Muscularis_mucosa,0.0,0.0,92
CD4,POSTN,ITGB5,POSTN$ITGB5,Muscularis_mucosa,0.0,0.0,92
CD4,C4A,C3AR1,C4A$C3AR1,Muscularis_mucosa,0.0,0.0,92
CD4,EDN1,EDNRB,EDN1$EDNRB,Muscularis_mucosa,0.0,0.0,92
CD4,GZMA,F2RL3,GZMA$F2RL3,Muscularis_mucosa,0.0,0.0,92
CD4,KITLG,KIT,KITLG$KIT,Muscularis_mucosa,0.0,0.0,92
CD4,SEMA3A,NRP1,SEMA3A$NRP1,Muscularis_mucosa,0.0,0.0,92
CD4,SEMA3C,NRP1,SEMA3C$NRP1,Muscularis_mucosa,0.0,0.0,92
CD4,SEMA3D,NRP1,SEMA3D$NRP1,Muscularis_mucosa,0.0,0.0,92
CD4,SEMA3C,NRP2,SEMA3C$NRP2,Muscularis_mucosa,0.0,0.0,92
CD4,GAS6,AXL,GAS6$AXL,Muscularis_mucosa,0.0,0.0,92
CD4,GAS6,MERTK,GAS6$MERTK,Muscularis_mucosa,0.0,0.0,92
CD4,GAS6,TYRO3,GAS6$TYRO3,Muscularis_mucosa,0.0,0.0,92
CD4,GRN,SORT1,GRN$SORT1,Muscularis_mucosa,0.0,0.0,92
CD4,GUCA2A,GUCY2C,GUCA2A$GUCY2C,Muscularis_mucosa,0.0,0.0,92
CD4,PMCH,MERTK,PMCH$MERTK,Muscularis_mucosa,0.0,0.0,92
CD4,PROS1,AXL,PROS1$AXL,Muscularis_mucosa,0.0,0.0,92
CD4,BTLA,TNFRSF14,BTLA$TNFRSF14,Muscularis_mucosa,0.0,0.0,92
CD4,LGALS9,HAVCR2,LGALS9$HAVCR2,Muscularis_mucosa,0.0,0.0,92
CD4,LGALS9,CD44,LGALS9$CD44,Muscularis_mucosa,0.0,0.0,92
CD4,COL6A2,ITGAV,COL6A2$ITGAV,Muscularis_mucosa,0.0,0.0,92
CD4,COL6A2,CD44,COL6A2$CD44,Muscularis_mucosa,0.0,0.0,92
CD4,FCER2,ITGB2,FCER2$ITGB2,Muscularis_mucosa,0.0,0.0,92
CD4,ICAM1,ITGB2,ICAM1$ITGB2,Muscularis_mucosa,0.0,0.0,92
CD4,ICAM2,ITGB2,ICAM2$ITGB2,Muscularis_mucosa,0.0,0.0,92
CD4,ITGB2,ICAM1,ITGB2$ICAM1,Muscularis_mucosa,0.0,0.0,92
CD4,ITGB2,ICAM2,ITGB2$ICAM2,Muscularis_mucosa,0.0,0.0,92
CD4,F11R,ITGB2,F11R$ITGB2,Muscularis_mucosa,0.0,0.0,92
CD4,PECAM1,PECAM1,PECAM1$PECAM1,Muscularis_mucosa,0.0,0.0,92
CD4,SEMA4D,PLXNB2,SEMA4D$PLXNB2,Muscularis_mucosa,0.0,0.0,92
CD4,SEMA4C,PLXNB2,SEMA4C$PLXNB2,Muscularis_mucosa,0.0,0.0,92
CD4,THY1,ITGB2,THY1$ITGB2,Muscularis_mucosa,0.0,0.0,92
CD4,TGFB1,TGFBR1,TGFB1$TGFBR1,Myofibroblast,0.0,0.0,219
CD4,TGFB1,TGFBR2,TGFB1$TGFBR2,Myofibroblast,0.0,0.0,219
CD4,TGFB2,TGFBR1,TGFB2$TGFBR1,Myofibroblast,0.0,0.0,219
CD4,TGFB2,TGFBR2,TGFB2$TGFBR2,Myofibroblast,0.0,0.0,219
CD4,TGFB3,TGFBR1,TGFB3$TGFBR1,Myofibroblast,0.0,0.0,219
CD4,TGFB3,TGFBR2,TGFB3$TGFBR2,Myofibroblast,0.0,0.0,219
CD4,BMP2,BMPR1A,BMP2$BMPR1A,Myofibroblast,0.0,0.0,219
CD4,BMP2,BMPR2,BMP2$BMPR2,Myofibroblast,0.0,0.0,219
CD4,BMP4,BMPR1A,BMP4$BMPR1A,Myofibroblast,0.0,0.0,219
CD4,BMP4,BMPR2,BMP4$BMPR2,Myofibroblast,0.0,0.0,219
CD4,BMP6,BMPR1A,BMP6$BMPR1A,Myofibroblast,0.0,0.0,219
CD4,BMP7,BMPR2,BMP7$BMPR2,Myofibroblast,0.0,0.0,219
CD4,BMP7,BMPR1A,BMP7$BMPR1A,Myofibroblast,0.0,0.0,219
CD4,GDF11,TGFBR1,GDF11$TGFBR1,Myofibroblast,0.0,0.0,219
CD4,MSTN,TGFBR1,MSTN$TGFBR1,Myofibroblast,0.0,0.0,219
CD4,TGFA,EGFR,TGFA$EGFR,Myofibroblast,0.0,0.0,219
CD4,PDGFA,PDGFRA,PDGFA$PDGFRA,Myofibroblast,0.0,0.0,219
CD4,PDGFA,PDGFRB,PDGFA$PDGFRB,Myofibroblast,0.0,0.0,219
CD4,PDGFB,PDGFRA,PDGFB$PDGFRA,Myofibroblast,0.0,0.0,219
CD4,PDGFB,PDGFRB,PDGFB$PDGFRB,Myofibroblast,0.0,0.0,219
CD4,PDGFC,PDGFRA,PDGFC$PDGFRA,Myofibroblast,0.0,0.0,219
CD4,PDGFD,PDGFRB,PDGFD$PDGFRB,Myofibroblast,0.0,0.0,219
CD4,VEGFA,KDR,VEGFA$KDR,Myofibroblast,0.0,0.0,219
CD4,IGF1,ITGAV,IGF1$ITGAV,Myofibroblast,0.0,0.0,219
CD4,IHH,PTCH1,IHH$PTCH1,Myofibroblast,0.0,0.0,219
CD4,IHH,SMO,IHH$SMO,Myofibroblast,0.0,0.0,219
CD4,SHH,PTCH1,SHH$PTCH1,Myofibroblast,0.0,0.0,219
CD4,CCL8,CCR1,CCL8$CCR1,Myofibroblast,0.0,0.0,219
CD4,CCL7,CCR1,CCL7$CCR1,Myofibroblast,0.0,0.0,219
CD4,CCL13,CCR1,CCL13$CCR1,Myofibroblast,0.0,0.0,219
CD4,CCL14,CCR1,CCL14$CCR1,Myofibroblast,0.0,0.0,219
CD4,CCL15,CCR1,CCL15$CCR1,Myofibroblast,0.0,0.0,219
CD4,CCL16,CCR1,CCL16$CCR1,Myofibroblast,0.0,0.0,219
CD4,CXCL12,ACKR3,CXCL12$ACKR3,Myofibroblast,0.0,0.0,219
CD4,IL13,IL13RA1,IL13$IL13RA1,Myofibroblast,0.0,0.0,219
CD4,LIF,IL6ST,LIF$IL6ST,Myofibroblast,0.0,0.0,219
CD4,IL18,IL18R1,IL18$IL18R1,Myofibroblast,0.0,0.0,219
CD4,IL18,IL18RAP,IL18$IL18RAP,Myofibroblast,0.0,0.0,219
CD4,IL34,CSF1R,IL34$CSF1R,Myofibroblast,0.0,0.0,219
CD4,CSF1,CSF1R,CSF1$CSF1R,Myofibroblast,0.0,0.0,219
CD4,IFNG,IFNGR1,IFNG$IFNGR1,Myofibroblast,0.0,0.0,219
CD4,LTA,TNFRSF14,LTA$TNFRSF14,Myofibroblast,0.0,0.0,219
CD4,LTB,LTBR,LTB$LTBR,Myofibroblast,0.0,0.0,219
CD4,TNFSF14,TNFRSF14,TNFSF14$TNFRSF14,Myofibroblast,0.0,0.0,219
CD4,TNFSF10,TNFRSF10A,TNFSF10$TNFRSF10A,Myofibroblast,0.0,0.0,219
CD4,TNFSF13,TNFRSF17,TNFSF13$TNFRSF17,Myofibroblast,0.0,0.0,219
CD4,CD40LG,ITGB2,CD40LG$ITGB2,Myofibroblast,0.0,0.0,219
CD4,ANGPTL2,TLR4,ANGPTL2$TLR4,Myofibroblast,0.0,0.0,219
CD4,ANGPTL3,ITGAV,ANGPTL3$ITGAV,Myofibroblast,0.0,0.0,219
CD4,POSTN,ITGAV,POSTN$ITGAV,Myofibroblast,0.0,0.0,219
CD4,POSTN,ITGB3,POSTN$ITGB3,Myofibroblast,0.0,0.0,219
CD4,POSTN,ITGB5,POSTN$ITGB5,Myofibroblast,0.0,0.0,219
CD4,C4A,C3AR1,C4A$C3AR1,Myofibroblast,0.0,0.0,219
CD4,EDN1,EDNRB,EDN1$EDNRB,Myofibroblast,0.0,0.0,219
CD4,GZMA,F2RL3,GZMA$F2RL3,Myofibroblast,0.0,0.0,219
CD4,KITLG,KIT,KITLG$KIT,Myofibroblast,0.0,0.0,219
CD4,SEMA3A,NRP1,SEMA3A$NRP1,Myofibroblast,0.0,0.0,219
CD4,SEMA3C,NRP1,SEMA3C$NRP1,Myofibroblast,0.0,0.0,219
CD4,SEMA3D,NRP1,SEMA3D$NRP1,Myofibroblast,0.0,0.0,219
CD4,SEMA3C,NRP2,SEMA3C$NRP2,Myofibroblast,0.0,0.0,219
CD4,GAS6,AXL,GAS6$AXL,Myofibroblast,0.0,0.0,219
CD4,GAS6,MERTK,GAS6$MERTK,Myofibroblast,0.0,0.0,219
CD4,GAS6,TYRO3,GAS6$TYRO3,Myofibroblast,0.0,0.0,219
CD4,GRN,SORT1,GRN$SORT1,Myofibroblast,0.0,0.0,219
CD4,GUCA2A,GUCY2C,GUCA2A$GUCY2C,Myofibroblast,0.0,0.0,219
CD4,PMCH,MERTK,PMCH$MERTK,Myofibroblast,0.0,0.0,219
CD4,PROS1,AXL,PROS1$AXL,Myofibroblast,0.0,0.0,219
CD4,BTLA,TNFRSF14,BTLA$TNFRSF14,Myofibroblast,0.0,0.0,219
CD4,LGALS9,HAVCR2,LGALS9$HAVCR2,Myofibroblast,0.0,0.0,219
CD4,LGALS9,CD44,LGALS9$CD44,Myofibroblast,0.0,0.0,219
CD4,COL6A2,ITGAV,COL6A2$ITGAV,Myofibroblast,0.0,0.0,219
CD4,COL6A2,CD44,COL6A2$CD44,Myofibroblast,0.0,0.0,219
CD4,FCER2,ITGB2,FCER2$ITGB2,Myofibroblast,0.0,0.0,219
CD4,ICAM1,ITGB2,ICAM1$ITGB2,Myofibroblast,0.0,0.0,219
CD4,ICAM2,ITGB2,ICAM2$ITGB2,Myofibroblast,0.0,0.0,219
CD4,ITGB2,ICAM1,ITGB2$ICAM1,Myofibroblast,0.0,0.0,219
CD4,ITGB2,ICAM2,ITGB2$ICAM2,Myofibroblast,0.0,0.0,219
CD4,F11R,ITGB2,F11R$ITGB2,Myofibroblast,0.0,0.0,219
CD4,PECAM1,PECAM1,PECAM1$PECAM1,Myofibroblast,0.0,0.0,219
CD4,SEMA4D,PLXNB2,SEMA4D$PLXNB2,Myofibroblast,0.0,0.0,219
CD4,SEMA4C,PLXNB2,SEMA4C$PLXNB2,Myofibroblast,0.0,0.0,219
CD4,THY1,ITGB2,THY1$ITGB2,Myofibroblast,0.0,0.0,219
CD4,TGFB1,TGFBR1,TGFB1$TGFBR1,Pericyte,0.0,0.0,109
CD4,TGFB1,TGFBR2,TGFB1$TGFBR2,Pericyte,0.0,0.0,109
CD4,TGFB2,TGFBR1,TGFB2$TGFBR1,Pericyte,0.0,0.0,109
CD4,TGFB2,TGFBR2,TGFB2$TGFBR2,Pericyte,0.0,0.0,109
CD4,TGFB3,TGFBR1,TGFB3$TGFBR1,Pericyte,0.0,0.0,109
CD4,TGFB3,TGFBR2,TGFB3$TGFBR2,Pericyte,0.0,0.0,109
CD4,BMP2,BMPR1A,BMP2$BMPR1A,Pericyte,0.0,0.0,109
CD4,BMP2,BMPR2,BMP2$BMPR2,Pericyte,0.0,0.0,109
CD4,BMP4,BMPR1A,BMP4$BMPR1A,Pericyte,0.0,0.0,109
CD4,BMP4,BMPR2,BMP4$BMPR2,Pericyte,0.0,0.0,109
CD4,BMP6,BMPR1A,BMP6$BMPR1A,Pericyte,0.0,0.0,109
CD4,BMP7,BMPR2,BMP7$BMPR2,Pericyte,0.0,0.0,109
CD4,BMP7,BMPR1A,BMP7$BMPR1A,Pericyte,0.0,0.0,109
CD4,GDF11,TGFBR1,GDF11$TGFBR1,Pericyte,0.0,0.0,109
CD4,MSTN,TGFBR1,MSTN$TGFBR1,Pericyte,0.0,0.0,109
CD4,TGFA,EGFR,TGFA$EGFR,Pericyte,0.0,0.0,109
CD4,PDGFA,PDGFRA,PDGFA$PDGFRA,Pericyte,0.0,0.0,109
CD4,PDGFA,PDGFRB,PDGFA$PDGFRB,Pericyte,0.0,0.0,109
CD4,PDGFB,PDGFRA,PDGFB$PDGFRA,Pericyte,0.0,0.0,109
CD4,PDGFB,PDGFRB,PDGFB$PDGFRB,Pericyte,0.0,0.0,109
CD4,PDGFC,PDGFRA,PDGFC$PDGFRA,Pericyte,0.0,0.0,109
CD4,PDGFD,PDGFRB,PDGFD$PDGFRB,Pericyte,0.0,0.0,109
CD4,VEGFA,KDR,VEGFA$KDR,Pericyte,0.0,0.0,109
CD4,IGF1,ITGAV,IGF1$ITGAV,Pericyte,0.0,0.0,109
CD4,IHH,PTCH1,IHH$PTCH1,Pericyte,0.0,0.0,109
CD4,IHH,SMO,IHH$SMO,Pericyte,0.0,0.0,109
CD4,SHH,PTCH1,SHH$PTCH1,Pericyte,0.0,0.0,109
CD4,CCL8,CCR1,CCL8$CCR1,Pericyte,0.0,0.0,109
CD4,CCL7,CCR1,CCL7$CCR1,Pericyte,0.0,0.0,109
CD4,CCL13,CCR1,CCL13$CCR1,Pericyte,0.0,0.0,109
CD4,CCL14,CCR1,CCL14$CCR1,Pericyte,0.0,0.0,109
CD4,CCL15,CCR1,CCL15$CCR1,Pericyte,0.0,0.0,109
CD4,CCL16,CCR1,CCL16$CCR1,Pericyte,0.0,0.0,109
CD4,CXCL12,ACKR3,CXCL12$ACKR3,Pericyte,0.0,0.0,109
CD4,IL13,IL13RA1,IL13$IL13RA1,Pericyte,0.0,0.0,109
CD4,LIF,IL6ST,LIF$IL6ST,Pericyte,0.0,0.0,109
CD4,IL18,IL18R1,IL18$IL18R1,Pericyte,0.0,0.0,109
CD4,IL18,IL18RAP,IL18$IL18RAP,Pericyte,0.0,0.0,109
CD4,IL34,CSF1R,IL34$CSF1R,Pericyte,0.0,0.0,109
CD4,CSF1,CSF1R,CSF1$CSF1R,Pericyte,0.0,0.0,109
CD4,IFNG,IFNGR1,IFNG$IFNGR1,Pericyte,0.0,0.0,109
CD4,LTA,TNFRSF14,LTA$TNFRSF14,Pericyte,0.0,0.0,109
CD4,LTB,LTBR,LTB$LTBR,Pericyte,0.0,0.0,109
CD4,TNFSF14,TNFRSF14,TNFSF14$TNFRSF14,Pericyte,0.0,0.0,109
CD4,TNFSF10,TNFRSF10A,TNFSF10$TNFRSF10A,Pericyte,0.0,0.0,109
CD4,TNFSF13,TNFRSF17,TNFSF13$TNFRSF17,Pericyte,0.0,0.0,109
CD4,CD40LG,ITGB2,CD40LG$ITGB2,Pericyte,0.0,0.0,109
CD4,ANGPTL2,TLR4,ANGPTL2$TLR4,Pericyte,0.0,0.0,109
CD4,ANGPTL3,ITGAV,ANGPTL3$ITGAV,Pericyte,0.0,0.0,109
CD4,POSTN,ITGAV,POSTN$ITGAV,Pericyte,0.0,0.0,109
CD4,POSTN,ITGB3,POSTN$ITGB3,Pericyte,0.0,0.0,109
CD4,POSTN,ITGB5,POSTN$ITGB5,Pericyte,0.0,0.0,109
CD4,C4A,C3AR1,C4A$C3AR1,Pericyte,0.0,0.0,109
CD4,EDN1,EDNRB,EDN1$EDNRB,Pericyte,0.0,0.0,109
CD4,GZMA,F2RL3,GZMA$F2RL3,Pericyte,0.0,0.0,109
CD4,KITLG,KIT,KITLG$KIT,Pericyte,0.0,0.0,109
CD4,SEMA3A,NRP1,SEMA3A$NRP1,Pericyte,0.0,0.0,109
CD4,SEMA3C,NRP1,SEMA3C$NRP1,Pericyte,0.0,0.0,109
CD4,SEMA3D,NRP1,SEMA3D$NRP1,Pericyte,0.0,0.0,109
CD4,SEMA3C,NRP2,SEMA3C$NRP2,Pericyte,0.0,0.0,109
CD4,GAS6,AXL,GAS6$AXL,Pericyte,0.0,0.0,109
CD4,GAS6,MERTK,GAS6$MERTK,Pericyte,0.0,0.0,109
CD4,GAS6,TYRO3,GAS6$TYRO3,Pericyte,0.0,0.0,109
CD4,GRN,SORT1,GRN$SORT1,Pericyte,0.0,0.0,109
CD4,GUCA2A,GUCY2C,GUCA2A$GUCY2C,Pericyte,0.0,0.0,109
CD4,PMCH,MERTK,PMCH$MERTK,Pericyte,0.0,0.0,109
CD4,PROS1,AXL,PROS1$AXL,Pericyte,0.0,0.0,109
CD4,BTLA,TNFRSF14,BTLA$TNFRSF14,Pericyte,0.0,0.0,109
CD4,LGALS9,HAVCR2,LGALS9$HAVCR2,Pericyte,0.0,0.0,109
CD4,LGALS9,CD44,LGALS9$CD44,Pericyte,0.0,0.0,109
CD4,COL6A2,ITGAV,COL6A2$ITGAV,Pericyte,0.0,0.0,109
CD4,COL6A2,CD44,COL6A2$CD44,Pericyte,0.0,0.0,109
CD4,FCER2,ITGB2,FCER2$ITGB2,Pericyte,0.0,0.0,109
CD4,ICAM1,ITGB2,ICAM1$ITGB2,Pericyte,0.0,0.0,109
CD4,ICAM2,ITGB2,ICAM2$ITGB2,Pericyte,0.0,0.0,109
CD4,ITGB2,ICAM1,ITGB2$ICAM1,Pericyte,0.0,0.0,109
CD4,ITGB2,ICAM2,ITGB2$ICAM2,Pericyte,0.0,0.0,109
CD4,F11R,ITGB2,F11R$ITGB2,Pericyte,0.0,0.0,109
CD4,PECAM1,PECAM1,PECAM1$PECAM1,Pericyte,0.0,0.0,109
CD4,SEMA4D,PLXNB2,SEMA4D$PLXNB2,Pericyte,0.0,0.0,109
CD4,SEMA4C,PLXNB2,SEMA4C$PLXNB2,Pericyte,0.0,0.0,109
CD4,THY1,ITGB2,THY1$ITGB2,Pericyte,0.0,0.0,109
CD4,TGFB1,TGFBR1,TGFB1$TGFBR1,Plasma,0.0,0.0,1230
CD4,TGFB1,TGFBR2,TGFB1$TGFBR2,Plasma,0.0,0.0,1230
CD4,TGFB2,TGFBR1,TGFB2$TGFBR1,Plasma,0.0,0.0,1230
CD4,TGFB2,TGFBR2,TGFB2$TGFBR2,Plasma,0.0,0.0,1230
CD4,TGFB3,TGFBR1,TGFB3$TGFBR1,Plasma,0.0,0.0,1230
CD4,TGFB3,TGFBR2,TGFB3$TGFBR2,Plasma,0.0,0.0,1230
CD4,BMP2,BMPR1A,BMP2$BMPR1A,Plasma,0.0,0.0,1230
CD4,BMP2,BMPR2,BMP2$BMPR2,Plasma,0.0,0.0,1230
CD4,BMP4,BMPR1A,BMP4$BMPR1A,Plasma,0.0,0.0,1230
CD4,BMP4,BMPR2,BMP4$BMPR2,Plasma,0.0,0.0,1230
CD4,BMP6,BMPR1A,BMP6$BMPR1A,Plasma,0.0,0.0,1230
CD4,BMP7,BMPR2,BMP7$BMPR2,Plasma,0.0,0.0,1230
CD4,BMP7,BMPR1A,BMP7$BMPR1A,Plasma,0.0,0.0,1230
CD4,GDF11,TGFBR1,GDF11$TGFBR1,Plasma,0.0,0.0,1230
CD4,MSTN,TGFBR1,MSTN$TGFBR1,Plasma,0.0,0.0,1230
CD4,TGFA,EGFR,TGFA$EGFR,Plasma,0.0,0.0,1230
CD4,PDGFA,PDGFRA,PDGFA$PDGFRA,Plasma,0.0,0.0,1230
CD4,PDGFA,PDGFRB,PDGFA$PDGFRB,Plasma,0.0,0.0,1230
CD4,PDGFB,PDGFRA,PDGFB$PDGFRA,Plasma,0.0,0.0,1230
CD4,PDGFB,PDGFRB,PDGFB$PDGFRB,Plasma,0.0,0.0,1230
CD4,PDGFC,PDGFRA,PDGFC$PDGFRA,Plasma,0.0,0.0,1230
CD4,PDGFD,PDGFRB,PDGFD$PDGFRB,Plasma,0.0,0.0,1230
CD4,VEGFA,KDR,VEGFA$KDR,Plasma,0.0,0.0,1230
CD4,IGF1,ITGAV,IGF1$ITGAV,Plasma,0.0,0.0,1230
CD4,IHH,PTCH1,IHH$PTCH1,Plasma,0.0,0.0,1230
CD4,IHH,SMO,IHH$SMO,Plasma,0.0,0.0,1230
CD4,SHH,PTCH1,SHH$PTCH1,Plasma,0.0,0.0,1230
CD4,CCL8,CCR1,CCL8$CCR1,Plasma,0.0,0.0,1230
CD4,CCL7,CCR1,CCL7$CCR1,Plasma,0.0,0.0,1230
CD4,CCL13,CCR1,CCL13$CCR1,Plasma,0.0,0.0,1230
CD4,CCL14,CCR1,CCL14$CCR1,Plasma,0.0,0.0,1230
CD4,CCL15,CCR1,CCL15$CCR1,Plasma,0.0,0.0,1230
CD4,CCL16,CCR1,CCL16$CCR1,Plasma,0.0,0.0,1230
CD4,CXCL12,ACKR3,CXCL12$ACKR3,Plasma,0.0,0.0,1230
CD4,IL13,IL13RA1,IL13$IL13RA1,Plasma,0.0,0.0,1230
CD4,LIF,IL6ST,LIF$IL6ST,Plasma,0.0,0.0,1230
CD4,IL18,IL18R1,IL18$IL18R1,Plasma,0.0,0.0,1230
CD4,IL18,IL18RAP,IL18$IL18RAP,Plasma,0.0,0.0,1230
CD4,IL34,CSF1R,IL34$CSF1R,Plasma,0.0,0.0,1230
CD4,CSF1,CSF1R,CSF1$CSF1R,Plasma,0.0,0.0,1230
CD4,IFNG,IFNGR1,IFNG$IFNGR1,Plasma,0.0,0.0,1230
CD4,LTA,TNFRSF14,LTA$TNFRSF14,Plasma,0.0,0.0,1230
CD4,LTB,LTBR,LTB$LTBR,Plasma,0.0,0.0,1230
CD4,TNFSF14,TNFRSF14,TNFSF14$TNFRSF14,Plasma,0.0,0.0,1230
CD4,TNFSF10,TNFRSF10A,TNFSF10$TNFRSF10A,Plasma,0.0,0.0,1230
CD4,TNFSF13,TNFRSF17,TNFSF13$TNFRSF17,Plasma,0.0,0.0,1230
CD4,CD40LG,ITGB2,CD40LG$ITGB2,Plasma,0.0,0.0,1230
CD4,ANGPTL2,TLR4,ANGPTL2$TLR4,Plasma,0.0,0.0,1230
CD4,ANGPTL3,ITGAV,ANGPTL3$ITGAV,Plasma,0.0,0.0,1230
CD4,POSTN,ITGAV,POSTN$ITGAV,Plasma,0.0,0.0,1230
CD4,POSTN,ITGB3,POSTN$ITGB3,Plasma,0.0,0.0,1230
CD4,POSTN,ITGB5,POSTN$ITGB5,Plasma,0.0,0.0,1230
CD4,C4A,C3AR1,C4A$C3AR1,Plasma,0.0,0.0,1230
CD4,EDN1,EDNRB,EDN1$EDNRB,Plasma,0.0,0.0,1230
CD4,GZMA,F2RL3,GZMA$F2RL3,Plasma,0.0,0.0,1230
CD4,KITLG,KIT,KITLG$KIT,Plasma,0.0,0.0,1230
CD4,SEMA3A,NRP1,SEMA3A$NRP1,Plasma,0.0,0.0,1230
CD4,SEMA3C,NRP1,SEMA3C$NRP1,Plasma,0.0,0.0,1230
CD4,SEMA3D,NRP1,SEMA3D$NRP1,Plasma,0.0,0.0,1230
CD4,SEMA3C,NRP2,SEMA3C$NRP2,Plasma,0.0,0.0,1230
CD4,GAS6,AXL,GAS6$AXL,Plasma,0.0,0.0,1230
CD4,GAS6,MERTK,GAS6$MERTK,Plasma,0.0,0.0,1230
CD4,GAS6,TYRO3,GAS6$TYRO3,Plasma,0.0,0.0,1230
CD4,GRN,SORT1,GRN$SORT1,Plasma,0.0,0.0,1230
CD4,GUCA2A,GUCY2C,GUCA2A$GUCY2C,Plasma,0.0,0.0,1230
CD4,PMCH,MERTK,PMCH$MERTK,Plasma,0.0,0.0,1230
CD4,PROS1,AXL,PROS1$AXL,Plasma,0.0,0.0,1230
CD4,BTLA,TNFRSF14,BTLA$TNFRSF14,Plasma,0.0,0.0,1230
CD4,LGALS9,HAVCR2,LGALS9$HAVCR2,Plasma,0.0,0.0,1230
CD4,LGALS9,CD44,LGALS9$CD44,Plasma,0.0,0.0,1230
CD4,COL6A2,ITGAV,COL6A2$ITGAV,Plasma,0.0,0.0,1230
CD4,COL6A2,CD44,COL6A2$CD44,Plasma,0.0,0.0,1230
CD4,FCER2,ITGB2,FCER2$ITGB2,Plasma,0.0,0.0,1230
CD4,ICAM1,ITGB2,ICAM1$ITGB2,Plasma,0.0,0.0,1230
CD4,ICAM2,ITGB2,ICAM2$ITGB2,Plasma,0.0,0.0,1230
CD4,ITGB2,ICAM1,ITGB2$ICAM1,Plasma,0.0,0.0,1230
CD4,ITGB2,ICAM2,ITGB2$ICAM2,Plasma,0.0,0.0,1230
CD4,F11R,ITGB2,F11R$ITGB2,Plasma,0.0,0.0,1230
CD4,PECAM1,PECAM1,PECAM1$PECAM1,Plasma,0.0,0.0,1230
CD4,SEMA4D,PLXNB2,SEMA4D$PLXNB2,Plasma,0.0,0.0,1230
CD4,SEMA4C,PLXNB2,SEMA4C$PLXNB2,Plasma,0.0,0.0,1230
CD4,THY1,ITGB2,THY1$ITGB2,Plasma,0.0,0.0,1230
CD4,TGFB1,TGFBR1,TGFB1$TGFBR1,T,0.0,0.0,632
CD4,TGFB1,TGFBR2,TGFB1$TGFBR2,T,0.0,0.0,632
CD4,TGFB2,TGFBR1,TGFB2$TGFBR1,T,0.0,0.0,632
CD4,TGFB2,TGFBR2,TGFB2$TGFBR2,T,0.0,0.0,632
CD4,TGFB3,TGFBR1,TGFB3$TGFBR1,T,0.0,0.0,632
CD4,TGFB3,TGFBR2,TGFB3$TGFBR2,T,0.0,0.0,632
CD4,BMP2,BMPR1A,BMP2$BMPR1A,T,0.0,0.0,632
CD4,BMP2,BMPR2,BMP2$BMPR2,T,0.0,0.0,632
CD4,BMP4,BMPR1A,BMP4$BMPR1A,T,0.0,0.0,632
CD4,BMP4,BMPR2,BMP4$BMPR2,T,0.0,0.0,632
CD4,BMP6,BMPR1A,BMP6$BMPR1A,T,0.0,0.0,632
CD4,BMP7,BMPR2,BMP7$BMPR2,T,0.0,0.0,632
CD4,BMP7,BMPR1A,BMP7$BMPR1A,T,0.0,0.0,632
CD4,GDF11,TGFBR1,GDF11$TGFBR1,T,0.0,0.0,632
CD4,MSTN,TGFBR1,MSTN$TGFBR1,T,0.0,0.0,632
CD4,TGFA,EGFR,TGFA$EGFR,T,0.0,0.0,632
CD4,PDGFA,PDGFRA,PDGFA$PDGFRA,T,0.0,0.0,632
CD4,PDGFA,PDGFRB,PDGFA$PDGFRB,T,0.0,0.0,632
CD4,PDGFB,PDGFRA,PDGFB$PDGFRA,T,0.0,0.0,632
CD4,PDGFB,PDGFRB,PDGFB$PDGFRB,T,0.0,0.0,632
CD4,PDGFC,PDGFRA,PDGFC$PDGFRA,T,0.0,0.0,632
CD4,PDGFD,PDGFRB,PDGFD$PDGFRB,T,0.0,0.0,632
CD4,VEGFA,KDR,VEGFA$KDR,T,0.0,0.0,632
CD4,IGF1,ITGAV,IGF1$ITGAV,T,0.0,0.0,632
CD4,IHH,PTCH1,IHH$PTCH1,T,0.0,0.0,632
CD4,IHH,SMO,IHH$SMO,T,0.0,0.0,632
CD4,SHH,PTCH1,SHH$PTCH1,T,0.0,0.0,632
CD4,CCL8,CCR1,CCL8$CCR1,T,0.0,0.0,632
CD4,CCL7,CCR1,CCL7$CCR1,T,0.0,0.0,632
CD4,CCL13,CCR1,CCL13$CCR1,T,0.0,0.0,632
CD4,CCL14,CCR1,CCL14$CCR1,T,0.0,0.0,632
CD4,CCL15,CCR1,CCL15$CCR1,T,0.0,0.0,632
CD4,CCL16,CCR1,CCL16$CCR1,T,0.0,0.0,632
CD4,CXCL12,ACKR3,CXCL12$ACKR3,T,0.0,0.0,632
CD4,IL13,IL13RA1,IL13$IL13RA1,T,0.0,0.0,632
CD4,LIF,IL6ST,LIF$IL6ST,T,0.0,0.0,632
CD4,IL18,IL18R1,IL18$IL18R1,T,0.0,0.0,632
CD4,IL18,IL18RAP,IL18$IL18RAP,T,0.0,0.0,632
CD4,IL34,CSF1R,IL34$CSF1R,T,0.0,0.0,632
CD4,CSF1,CSF1R,CSF1$CSF1R,T,0.0,0.0,632
CD4,IFNG,IFNGR1,IFNG$IFNGR1,T,0.0,0.0,632
CD4,LTA,TNFRSF14,LTA$TNFRSF14,T,0.0,0.0,632
CD4,LTB,LTBR,LTB$LTBR,T,0.0,0.0,632
CD4,TNFSF14,TNFRSF14,TNFSF14$TNFRSF14,T,0.0,0.0,632
CD4,TNFSF10,TNFRSF10A,TNFSF10$TNFRSF10A,T,0.0,0.0,632
CD4,TNFSF13,TNFRSF17,TNFSF13$TNFRSF17,T,0.0,0.0,632
CD4,CD40LG,ITGB2,CD40LG$ITGB2,T,0.0,0.0,632
CD4,ANGPTL2,TLR4,ANGPTL2$TLR4,T,0.0,0.0,632
CD4,ANGPTL3,ITGAV,ANGPTL3$ITGAV,T,0.0,0.0,632
CD4,POSTN,ITGAV,POSTN$ITGAV,T,0.0,0.0,632
CD4,POSTN,ITGB3,POSTN$ITGB3,T,0.0,0.0,632
CD4,POSTN,ITGB5,POSTN$ITGB5,T,0.0,0.0,632
CD4,C4A,C3AR1,C4A$C3AR1,T,0.0,0.0,632
CD4,EDN1,EDNRB,EDN1$EDNRB,T,0.0,0.0,632
CD4,GZMA,F2RL3,GZMA$F2RL3,T,0.0,0.0,632
CD4,KITLG,KIT,KITLG$KIT,T,0.0,0.0,632
CD4,SEMA3A,NRP1,SEMA3A$NRP1,T,0.0,0.0,632
CD4,SEMA3C,NRP1,SEMA3C$NRP1,T,0.0,0.0,632
CD4,SEMA3D,NRP1,SEMA3D$NRP1,T,0.0,0.0,632
CD4,SEMA3C,NRP2,SEMA3C$NRP2,T,0.0,0.0,632
CD4,GAS6,AXL,GAS6$AXL,T,0.0,0.0,632
CD4,GAS6,MERTK,GAS6$MERTK,T,0.0,0.0,632
CD4,GAS6,TYRO3,GAS6$TYRO3,T,0.0,0.0,632
CD4,GRN,SORT1,GRN$SORT1,T,0.0,0.0,632
CD4,GUCA2A,GUCY2C,GUCA2A$GUCY2C,T,0.0,0.0,632
CD4,PMCH,MERTK,PMCH$MERTK,T,0.0,0.0,632
CD4,PROS1,AXL,PROS1$AXL,T,0.0,0.0,632
CD4,BTLA,TNFRSF14,BTLA$TNFRSF14,T,0.0,0.0,632
CD4,LGALS9,HAVCR2,LGALS9$HAVCR2,T,0.0,0.0,632
CD4,LGALS9,CD44,LGALS9$CD44,T,0.0,0.0,632
CD4,COL6A2,ITGAV,COL6A2$ITGAV,T,0.0,0.0,632
CD4,COL6A2,CD44,COL6A2$CD44,T,0.0,0.0,632
CD4,FCER2,ITGB2,FCER2$ITGB2,T,0.0,0.0,632
CD4,ICAM1,ITGB2,ICAM1$ITGB2,T,0.0,0.0,632
CD4,ICAM2,ITGB2,ICAM2$ITGB2,T,0.0,0.0,632
CD4,ITGB2,ICAM1,ITGB2$ICAM1,T,0.0,0.0,632
CD4,ITGB2,ICAM2,ITGB2$ICAM2,T,0.0,0.0,632
CD4,F11R,ITGB2,F11R$ITGB2,T,0.0,0.0,632
CD4,PECAM1,PECAM1,PECAM1$PECAM1,T,0.0,0.0,632
CD4,SEMA4D,PLXNB2,SEMA4D$PLXNB2,T,0.0,0.0,632
CD4,SEMA4C,PLXNB2,SEMA4C$PLXNB2,T,0.0,0.0,632
CD4,THY1,ITGB2,THY1$ITGB2,T,0.0,0.0,632
