,Metabolite,C_p,Z,Z_pval,Z_FDR,C_np,pval_np,FDR_np,selected
0,"(3a,5b,7a)-23-Carboxy-7-hydroxy-24-norcholan-3-yl-b-D-Glucopyranosiduronic acid",24222.138518256004,3.927059944033711,4.299527771141895e-05,5.4597178046246284e-05,342.95830428796097,0.034965035,0.039397222055515775,True
1,17a-Ethynylestradiol,43819.62157602684,10.09108476937868,3.024861569444217e-24,7.014171755232967e-24,21144.959793665854,0.000999001,0.001389914394720741,True
2,"1b,3a,12a-Trihydroxy-5b-cholanoic acid",24222.138518256004,3.927059944033711,4.299527771141895e-05,5.4597178046246284e-05,342.95830428796097,0.034965035,0.039397222055515775,True
3,2-Hydroxychlorpropamide,52434.21642940854,22.86612356895888,5.0509115088209987e-116,2.6069220690689023e-115,13055.938042818028,0.000999001,0.001389914394720741,True
4,25-Hydroxycholesterol,35418.24673169674,34.80178141133188,1.1429628464954888e-265,9.624950286277801e-265,236939.99476707337,0.000999001,0.001389914394720741,True
5,"3',4'-Dihydrodiol",38135.539964190364,9.549943227394854,6.488369091114672e-22,1.483055792254782e-21,21553.820538229473,0.000999001,0.001389914394720741,True
6,3-Sulfodeoxycholic acid,24222.138518256004,3.927059944033711,4.299527771141895e-05,5.4597178046246284e-05,342.95830428796097,0.034965035,0.039397222055515775,True
7,"3alpha,7alpha-Dihydroxycoprostanic acid",24222.138518256004,3.927059944033711,4.299527771141895e-05,5.4597178046246284e-05,342.95830428796097,0.034965035,0.039397222055515775,True
8,3b-Hydroxy-5-cholenoic acid,24222.138518256004,3.927059944033711,4.299527771141895e-05,5.4597178046246284e-05,342.95830428796097,0.034965035,0.039397222055515775,True
9,4'-Hydroxydiclofenac,46999.569940235706,9.002086980370967,1.1073349604858052e-19,2.495402727855336e-19,90783.41466997394,0.000999001,0.001389914394720741,True
10,4-Hydroxycyclophosphamide,12119.386213232427,11.908444622555676,5.347684420299319e-33,1.4502195038099848e-32,1363.6114226138593,0.000999001,0.001389914394720741,True
11,4-Hydroxyvalsartan,-782.1719794502973,-0.29247967279255643,0.6150400502431903,0.6189082266598142,0.0,0.2157842,0.21714134036370042,False
12,4-ene-Valproic acid,22513.09422974293,11.518236281197924,5.338708660137683e-31,1.4003170256098842e-30,134434.5371879842,0.000999001,0.001389914394720741,True
13,5-Hydroxyomeprazole,24877.64603628346,6.910493230190688,2.4148574435200725e-12,4.154593451217328e-12,2333.847227788581,0.000999001,0.001389914394720741,True
14,5-Methyltetrahydrofolic acid,15545.201395821192,15.27463245345638,5.643128328148555e-53,2.099768680241323e-52,53.522675351184716,0.006993007,0.009246951292368992,True
15,8-Hydroxycarvedilol,12119.386213232427,11.908444622555676,5.347684420299319e-33,1.4502195038099848e-32,1363.6114226138593,0.000999001,0.001389914394720741,True
16,ADP,7975.907647148504,4.122872287269799,1.8708858886663232e-05,2.8508737351105878e-05,30901.4520159057,0.000999001,0.001389914394720741,True
17,Acetate,57195.811441561396,18.428645592057126,3.8698274981256954e-76,1.629401051842398e-75,1265207.6413699868,0.000999001,0.001389914394720741,True
18,Acetyl-L-Carnitine,2706.9707630474,1.1061414230206434,0.13433265599068905,0.15136073914443837,9532.956410900273,0.000999001,0.001389914394720741,True
19,Acetylcholine,7192.823318578693,7.067630048426017,7.880101355011655e-13,1.3855123261558954e-12,26.61920390497926,0.04395604,0.04850321802599677,True
20,Adenine,7624.315427321268,7.491611906221787,3.401642053560974e-14,6.115311556963549e-14,3770.339588931713,0.000999001,0.001389914394720741,True
21,Adenosine,41724.00782774824,40.99778882410061,0.0,0.0,444750.7553044885,0.000999001,0.001389914394720741,True
22,Adenosine diphosphate ribose,94832.85722848843,93.1822626026354,0.0,0.0,41621.50175761456,0.000999001,0.001389914394720741,True
23,Adenosine triphosphate,60490.01377243194,18.729330739939964,1.427410928828442e-78,6.172587800339209e-78,639675.2071170791,0.000999001,0.001389914394720741,True
24,Adenosylcobalamin,8699.66773450567,8.548247380538225,6.2485818689935655e-18,1.298406622128533e-17,3679.5602034631765,0.000999001,0.001389914394720741,True
25,Amiloride-sensitive sodium transport,51661.899573907256,26.18369345028032,2.037898244548066e-151,1.1645132825988948e-150,18363.361870081557,0.000999001,0.001389914394720741,True
26,Ammonium,-352.3854036126148,-0.34625202884746753,0.6354233416284217,0.6354233416284217,0.0,0.2037962,0.20769038777442494,False
27,Anion exchange,11286.458186117512,4.733655891563255,1.102557265519694e-06,1.7127103153703984e-06,53631.08622630344,0.000999001,0.001389914394720741,True
28,Betaine,1670.3074870770783,1.641235278959919,0.05037429254648242,0.0579847971758071,77.27047946168432,0.16283716,0.16701247447576278,False
29,Bilirubin,5569.446169264573,2.082597991258993,0.018643941237758126,0.021616163753922463,15351.744023997097,0.000999001,0.001389914394720741,True
30,Butyrate,12520.976487960525,12.303045096821851,4.361136818759633e-35,1.3681997862775322e-34,76253.54078229412,0.000999001,0.001389914394720741,True
31,Cadmium,51062.25297074369,50.1734989797679,0.0,0.0,52079.162937316854,0.000999001,0.001389914394720741,True
32,Calcidiol,13348.727631691905,6.238669271011589,2.2065445639207598e-10,3.716285581340227e-10,3856.1383327379185,0.000999001,0.001389914394720741,True
33,Calcium,8699.66773450567,8.548247380538225,6.2485818689935655e-18,1.298406622128533e-17,3679.5602034631765,0.000999001,0.001389914394720741,True
34,Calcium release-activated calcium transport,14361.641365978412,7.005596231851466,1.2296811202391148e-12,2.1385758612854173e-12,80670.64517661312,0.000999001,0.001389914394720741,True
35,Chenodeoxycholic acid,24222.138518256004,3.927059944033711,4.299527771141895e-05,5.4597178046246284e-05,342.95830428796097,0.034965035,0.039397222055515775,True
36,Chenodeoxycholic acid 3-sulfate,24222.138518256004,3.927059944033711,4.299527771141895e-05,5.4597178046246284e-05,342.95830428796097,0.034965035,0.039397222055515775,True
37,Chloride,58110.678667626154,17.051275711135833,1.70993516785825e-65,6.672917728227317e-65,620803.0826574693,0.000999001,0.001389914394720741,True
38,Chloride ion,14765.42108825495,3.9483397338162063,3.934753629043424e-05,5.4597178046246284e-05,40760.37193490255,0.000999001,0.001389914394720741,True
39,Chloride_bicarbonate anion exchange,-206.82685838083813,-0.2032269742172413,0.5805211848220411,0.603402176638143,0.0,0.057942055,0.061804858843485515,False
40,Cholesterol,79838.93324232461,22.17759698293201,2.8259004994368133e-109,1.4129502497184067e-108,145426.11449019046,0.000999001,0.001389914394720741,True
41,Cholic acid,44627.19287347979,3.8664586187606824,5.521359542366834e-05,6.956043517942469e-05,167493.65090509795,0.000999001,0.001389914394720741,True
42,Choline,17061.707334776584,3.331839434687484,0.00043137008696665993,0.0005189414580050045,9920.10741224703,0.000999001,0.001389914394720741,True
43,Citric acid,27882.41713719746,27.397115215189938,1.4841989130473372e-165,9.498873043502958e-165,225722.16666308593,0.000999001,0.001389914394720741,True
44,Cobalamin,8699.66773450567,8.548247380538225,6.2485818689935655e-18,1.298406622128533e-17,3679.5602034631765,0.000999001,0.001389914394720741,True
45,Coprocholic acid,24222.138518256004,3.927059944033711,4.299527771141895e-05,5.4597178046246284e-05,342.95830428796097,0.034965035,0.039397222055515775,True
46,Cortisol,20766.60226196944,8.932884690717916,2.075210971538463e-19,4.486942641164244e-19,1684.779939798797,0.000999001,0.001389914394720741,True
47,Creatine,3858.83046950855,3.7916663554958037,7.48199305254796e-05,9.35249131568495e-05,9467.096133102368,0.000999001,0.001389914394720741,True
48,Cyclic AMP,3607.260676603333,3.544475211092085,0.0001966977476439386,0.00024024152383992503,6254.367883865243,0.000999001,0.001389914394720741,True
49,Cytidine,41724.00782774824,40.99778882410061,0.0,0.0,444750.7553044885,0.000999001,0.001389914394720741,True
50,D-Aspartate,27769.6181301869,10.43416266435967,8.656670297840387e-26,2.0672645487380028e-25,8198.991679193245,0.000999001,0.001389914394720741,True
51,D-Fructose,-147.6216232585124,-0.14505222415854516,0.5576651805770755,0.598835093237128,0.0,0.05394605,0.057928646170852964,False
52,D-Galactose,161434.70341597236,36.424354311262086,8.763015585985208e-291,7.789347187542407e-290,588330.3159057085,0.000999001,0.001389914394720741,True
53,D-Glucose,193454.6017400617,26.717019332698744,1.492814378808062e-157,8.8463074299737e-157,629671.9608978854,0.000999001,0.001389914394720741,True
54,D-Lactate,12520.976487960525,12.303045096821851,4.361136818759633e-35,1.3681997862775322e-34,76253.54078229412,0.000999001,0.001389914394720741,True
55,D-Maltose,77563.40669949216,76.21339209482227,0.0,0.0,318006.04988512804,0.000999001,0.001389914394720741,True
56,D-Mannose,161434.70341597236,36.424354311262086,8.763015585985208e-291,7.789347187542407e-290,588330.3159057085,0.000999001,0.001389914394720741,True
57,D-Xylose,77563.40669949216,76.21339209482227,0.0,0.0,318006.04988512804,0.000999001,0.001389914394720741,True
58,Debrisoquine,-227.1721123122348,-0.22321811283689671,0.5883171222221895,0.603402176638143,0.0,0.06593406,0.06895065307617188,False
59,Dehydroascorbic acid,156753.02159625464,41.801449366617554,0.0,0.0,588610.5214798597,0.000999001,0.001389914394720741,True
60,Dehydroepiandrosterone,-782.1719794502973,-0.29247967279255643,0.6150400502431903,0.6189082266598142,0.0,0.2157842,0.21714134036370042,False
61,Deoxycholic acid,24222.138518256004,3.927059944033711,4.299527771141895e-05,5.4597178046246284e-05,342.95830428796097,0.034965035,0.039397222055515775,True
62,Digoxin,-205.5714990927596,-0.20199346483809702,0.5800390834077096,0.603402176638143,0.0,0.06293706,0.06624953527199595,False
63,Docosahexaenoic acid,156753.02159625464,41.801449366617554,0.0,0.0,588610.5214798597,0.000999001,0.001389914394720741,True
64,Dopamine,11683.35681267414,2.2445333921226522,0.012399051466150935,0.014480644048059486,10028.20223762323,0.000999001,0.001389914394720741,True
65,E-3179,12119.386213232427,11.908444622555676,5.347684420299319e-33,1.4502195038099848e-32,1363.6114226138593,0.000999001,0.001389914394720741,True
66,Estradiol,66016.17084325218,8.127615435904312,2.1890880983519797e-16,4.3781761967039593e-16,251971.16571073286,0.000999001,0.001389914394720741,True
67,Estriol,12119.386213232427,11.908444622555676,5.347684420299319e-33,1.4502195038099848e-32,1363.6114226138593,0.000999001,0.001389914394720741,True
68,Estrone,-205.5714990927596,-0.20199346483809702,0.5800390834077096,0.603402176638143,0.0,0.06293706,0.06624953527199595,False
69,Estrone sulfate,12885.462130331889,4.818295524098138,7.239490315970971e-07,1.1356063240738778e-06,157.72209003815942,0.002997003,0.004063732922077179,True
70,Ethanol,62279.477433538545,30.53047689338243,5.135619415916848e-205,4.1084955327334786e-204,522014.6051684612,0.000999001,0.001389914394720741,True
71,Fatty acid,207537.27601146587,56.77308530576406,0.0,0.0,627184.5146817815,0.000999001,0.001389914394720741,True
72,Folic acid,58636.74836148671,7.731969091332613,5.2947829539197424e-15,9.737531869277688e-15,33336.07350266259,0.000999001,0.001389914394720741,True
73,Folinic acid,11200.047827039643,3.6297772860956545,0.00014183293213099147,0.00017591681504619097,40579.329822624204,0.000999001,0.001389914394720741,True
74,Fusidic Acid,7962.222534341787,7.823637637618014,2.5659194971001688e-15,4.773803715535198e-15,15236.302261945759,0.000999001,0.001389914394720741,True
75,GABA,11836.166141978427,4.985538274058345,3.089477274393253e-07,4.943163639029205e-07,223.4925372483147,0.026973026,0.0353744601617094,True
76,Glucosamine,95337.53321344483,21.068818811408736,7.68590565869402e-99,3.513556872545838e-98,114116.43096698212,0.000999001,0.001389914394720741,True
77,Glutathione,12748.24022184664,3.0565969367204486,0.0011193254076230085,0.0013365079494006072,149392.8050406765,0.000999001,0.001389914394720741,True
78,Glycerol,12119.386213232427,11.908444622555676,5.347684420299319e-33,1.4502195038099848e-32,1363.6114226138593,0.000999001,0.001389914394720741,True
79,Glycochenodeoxycholate-3-sulfate,24222.138518256004,3.927059944033711,4.299527771141895e-05,5.4597178046246284e-05,342.95830428796097,0.034965035,0.039397222055515775,True
80,Glycyl-glycine,43545.87720610482,42.78794801368079,0.0,0.0,11636.711450540246,0.000999001,0.001389914394720741,True
81,Guanosine,41724.00782774824,40.99778882410061,0.0,0.0,444750.7553044885,0.000999001,0.001389914394720741,True
82,Heme,65736.59045235625,29.665748565830597,1.062409259321797e-193,8.094546737689882e-193,117981.86363687266,0.000999001,0.001389914394720741,True
83,Histamine,2245.477642917178,0.9163654578883005,0.1797376230744408,0.199708470082712,9589.737826019755,0.000999001,0.001389914394720741,True
84,Hydroxycelecoxib,3607.260676603333,3.544475211092085,0.0001966977476439386,0.00024024152383992503,6254.367883865243,0.000999001,0.001389914394720741,True
85,Hydroxylansoprazole,20766.60226196944,8.932884690717916,2.075210971538463e-19,4.486942641164244e-19,1684.779939798797,0.000999001,0.001389914394720741,True
86,Hyodeoxycholic acid,24222.138518256004,3.927059944033711,4.299527771141895e-05,5.4597178046246284e-05,342.95830428796097,0.034965035,0.039397222055515775,True
87,Inosine,41724.00782774824,40.99778882410061,0.0,0.0,444750.7553044885,0.000999001,0.001389914394720741,True
88,Iron,73007.86913913066,12.78582530871841,9.838145347072278e-38,3.421963598981662e-37,1289342.0373230516,0.000999001,0.001389914394720741,True
89,Isoursodeoxycholic acid,24222.138518256004,3.927059944033711,4.299527771141895e-05,5.4597178046246284e-05,342.95830428796097,0.034965035,0.039397222055515775,True
90,Ketone bodies,12520.976487960525,12.303045096821851,4.361136818759633e-35,1.3681997862775322e-34,76253.54078229412,0.000999001,0.001389914394720741,True
91,L-Alanine,8210.361856858592,8.067458020010278,3.5888436550488895e-16,6.918252829009907e-16,52812.870296451365,0.000999001,0.001389914394720741,True
92,L-Arginine,27919.022656052744,10.801339622798528,1.696089095387671e-27,4.174988542492729e-27,255667.07457552422,0.000999001,0.001389914394720741,True
93,L-Asparagine,8210.361856858592,8.067458020010278,3.5888436550488895e-16,6.918252829009907e-16,52812.870296451365,0.000999001,0.001389914394720741,True
94,L-Aspartate,27769.6181301869,10.43416266435967,8.656670297840387e-26,2.0672645487380028e-25,8198.991679193245,0.000999001,0.001389914394720741,True
95,L-Carnitine,8893.273382965688,1.3402196512723956,0.09008697229414658,0.10295653976473895,13122.556472224263,0.000999001,0.001389914394720741,True
96,L-Cysteine,35109.817604463555,10.890984571930762,6.362848985189063e-28,1.6420255445649195e-27,93145.70184215446,0.000999001,0.001389914394720741,True
97,L-Cystine,19255.982982193622,5.1186408878607494,1.5387265081692973e-07,2.486830720273612e-07,192550.4360511311,0.000999001,0.001389914394720741,True
98,L-Dopa,43545.87720610482,42.78794801368079,0.0,0.0,11636.711450540246,0.000999001,0.001389914394720741,True
99,L-Glutamate,70973.53142160791,8.051029383104874,4.1050277489530125e-16,7.819100474196214e-16,932242.8048866147,0.000999001,0.001389914394720741,True
100,L-Glutamine,96286.8017601062,18.01750040588598,7.100833913668901e-73,2.91316263124878e-72,1753411.2774462395,0.000999001,0.001389914394720741,True
101,L-Histidine,29749.43439973247,29.231636476339162,3.843390643913368e-188,2.6736630566353866e-187,254883.36102972046,0.000999001,0.001389914394720741,True
102,L-Isoleucine,21651.142474520988,21.274297776844975,9.821617656182942e-101,4.621937720556679e-100,9657.704536870042,0.000999001,0.001389914394720741,True
103,L-Lactate,74353.57135978367,36.76870536121455,2.921264648525804e-296,2.921264648525804e-295,561516.9967276271,0.000999001,0.001389914394720741,True
104,L-Leucine,73773.25445170005,17.42668811709665,2.587906980635013e-68,1.0351627922540052e-67,1394557.7103091832,0.000999001,0.001389914394720741,True
105,L-Lysine,-220.7684476617669,-0.2169259059107528,0.5858669558623847,0.603402176638143,0.0,0.1008991,0.10415390999086442,False
106,L-Methionine,23417.31158853522,10.813506419845194,1.4854623412740112e-27,3.713655853185028e-27,294317.8880932882,0.000999001,0.001389914394720741,True
107,L-Ornithine,-220.7684476617669,-0.2169259059107528,0.5858669558623847,0.603402176638143,0.0,0.1008991,0.10415390999086442,False
108,L-Phenylalanine,23417.31158853522,10.813506419845194,1.4854623412740112e-27,3.713655853185028e-27,294317.8880932882,0.000999001,0.001389914394720741,True
109,L-Serine,27742.747669521348,13.667076765557479,7.984109216824726e-43,2.838794388204347e-42,417238.2254068892,0.000999001,0.001389914394720741,True
110,L-Threonine,8210.361856858592,8.067458020010278,3.5888436550488895e-16,6.918252829009907e-16,52812.870296451365,0.000999001,0.001389914394720741,True
111,L-Tyrosine,29749.43439973247,29.231636476339162,3.843390643913368e-188,2.6736630566353866e-187,254883.36102972046,0.000999001,0.001389914394720741,True
112,L-Valine,21651.142474520988,21.274297776844975,9.821617656182942e-101,4.621937720556679e-100,9657.704536870042,0.000999001,0.001389914394720741,True
113,Leukotriene C4,8111.3702909650365,7.970189432327481,7.921566418140683e-16,1.4911183845911874e-15,44475.68123869222,0.000999001,0.001389914394720741,True
114,Lithocholic acid,24222.138518256004,3.927059944033711,4.299527771141895e-05,5.4597178046246284e-05,342.95830428796097,0.034965035,0.039397222055515775,True
115,Malic acid,20603.961838548254,20.245343637263353,1.9522558326218755e-91,8.676692589430558e-91,7957.743597399009,0.000999001,0.001389914394720741,True
116,Manganese,53772.15071625176,23.75672692864245,4.6810905771001245e-125,2.4965816411200664e-124,53648.25401882958,0.000999001,0.001389914394720741,True
117,N-Desmethylcitalopram,28572.897191765893,11.707841977885789,5.809978263117426e-32,1.5493275368313135e-31,1559.8844350726908,0.000999001,0.001389914394720741,True
118,N-Desmethyleletriptan,12119.386213232427,11.908444622555676,5.347684420299319e-33,1.4502195038099848e-32,1363.6114226138593,0.000999001,0.001389914394720741,True
119,N-Desmethyltamoxifen,20766.60226196944,8.932884690717916,2.075210971538463e-19,4.486942641164244e-19,1684.779939798797,0.000999001,0.001389914394720741,True
120,N-desmethylimatinib,29827.184505028497,5.872813903389411,2.142296813797287e-09,3.5704946896621453e-09,1918.839569681759,0.000999001,0.001389914394720741,True
121,Neurotransmitter,55867.406565149846,15.774728129770287,2.3219670616087195e-56,8.845588806128456e-56,371225.80206792196,0.000999001,0.001389914394720741,True
122,Nicotinate,25457.296717351754,8.319384861585725,4.421050132036101e-17,8.954025583870583e-17,607812.3052740797,0.000999001,0.001389914394720741,True
123,Norepinephrine,5403.194940940079,0.9741557052125602,0.16498961708354765,0.18460376736620715,9879.032095495264,0.000999001,0.001389914394720741,True
124,O-Deethylated candesartan,12119.386213232427,11.908444622555676,5.347684420299319e-33,1.4502195038099848e-32,1363.6114226138593,0.000999001,0.001389914394720741,True
125,O-Desmethylverapamil (D-702),61626.82765012252,4.4528466915765605,4.236963014180928e-06,6.518404637201428e-06,269337.6979842376,0.000999001,0.001389914394720741,True
126,Oxalic acid,27882.41713719746,27.397115215189938,1.4841989130473372e-165,9.498873043502958e-165,225722.16666308593,0.000999001,0.001389914394720741,True
127,Phosphate,11979.338220842146,4.1181807845875165,1.90937537229607e-05,2.8820760336544456e-05,48290.88519211875,0.000999001,0.001389914394720741,True
128,Potassium,-226.16713153775595,-0.22223062405742805,0.5879328222250306,0.603402176638143,0.0,0.05294705,0.05724005602501534,False
129,Progesterone,54758.35198452622,7.687318705532655,7.512526499968498e-15,1.3659139090851814e-14,55311.93913098807,0.000999001,0.001389914394720741,True
130,Propionyl-L-Carnitine,-113.30906590904365,-0.11133688727058638,0.5443253972922958,0.5884598889646441,0.0,0.03296703,0.039397222055515775,False
131,Prostaglandins,5283.101007698328,1.2738373754609353,0.10136052813100871,0.1150190390139106,26.61920390497926,0.35564435,0.3556443452835083,False
132,Putrescine,692.3067911188814,0.6802569815670176,0.24817087902112112,0.2719680865984889,381.7628709094029,0.045954045,0.05036059715976454,False
133,Pyruvate,12520.976487960525,12.303045096821851,4.361136818759633e-35,1.3681997862775322e-34,76253.54078229412,0.000999001,0.001389914394720741,True
134,Serotonin,21273.203403045656,5.51892698237186,1.7053793415710273e-08,2.8129968520759215e-08,136.83972895879742,0.006993007,0.009246951292368992,True
135,Sodium,164328.37530782045,10.158359946831556,1.5207473669847656e-24,3.5782290987876836e-24,2180270.0516127665,0.000999001,0.001389914394720741,True
136,Sodium_D-Glucose cotransport,-60.462975520223935,-0.059410599103721914,0.52368746444559,0.5699999613013225,0.0,0.04295704,0.047730046013991036,False
137,Sodium_calcium_potassium exchange,4934.551259234598,2.419966575779061,0.007760966876172181,0.009198182964352215,3692.6398541175663,0.001998002,0.0027558647481531933,True
138,Sodium_hydrogen exchange,4982.719811771856,2.262105012827663,0.011845457985716935,0.013935832924372865,13304.759007699398,0.000999001,0.001389914394720741,True
139,Spermine,7280.981071727187,3.5076502937022385,0.0002260414536002073,0.000273989640727524,475.98349552761937,0.04095904,0.04582829825528018,True
140,Sulfolithocholic acid,24222.138518256004,3.927059944033711,4.299527771141895e-05,5.4597178046246284e-05,342.95830428796097,0.034965035,0.039397222055515775,True
141,Taurocholic acid,95364.41845938562,5.2352353767103486,8.238737195099457e-08,1.3450999502203195e-07,1193088.0364172147,0.000999001,0.001389914394720741,True
142,Testosterone,59098.14437896688,8.450073000372901,1.4556036851673702e-17,2.985853713163836e-17,3363.44898476879,0.000999001,0.001389914394720741,True
143,Thiamine,710.9861296276247,0.6986112005269242,0.24239752104246592,0.26747312666754863,760.6028606127953,0.006993007,0.009246951292368992,True
144,Thymidine,48520.98303496074,23.785825001083385,2.3410815211134414e-125,1.2916311840625885e-124,446989.4544884787,0.000999001,0.001389914394720741,True
145,Thyroxine,12885.462130331889,4.818295524098138,7.239490315970971e-07,1.1356063240738778e-06,157.72209003815942,0.002997003,0.004063732922077179,True
146,Trihydroxycoprostanoic acid,24222.138518256004,3.927059944033711,4.299527771141895e-05,5.4597178046246284e-05,342.95830428796097,0.034965035,0.039397222055515775,True
147,Urate,-260.4414648758575,-0.25590840223452394,0.6009892167161435,0.6124730870992545,0.0,0.051948052,0.05654209730576496,False
148,Urea,30173.17595427651,14.86462115090784,2.7965191883340492e-50,1.0169160684851087e-49,9315.29740572571,0.000999001,0.001389914394720741,True
149,Uridine,41724.00782774824,40.99778882410061,0.0,0.0,444750.7553044885,0.000999001,0.001389914394720741,True
150,Ursocholic acid,24222.138518256004,3.927059944033711,4.299527771141895e-05,5.4597178046246284e-05,342.95830428796097,0.034965035,0.039397222055515775,True
151,Ursodeoxycholic acid,24222.138518256004,3.927059944033711,4.299527771141895e-05,5.4597178046246284e-05,342.95830428796097,0.034965035,0.039397222055515775,True
152,Ursodeoxycholic acid 3-sulfate,24222.138518256004,3.927059944033711,4.299527771141895e-05,5.4597178046246284e-05,342.95830428796097,0.034965035,0.039397222055515775,True
153,Varanic acid,24222.138518256004,3.927059944033711,4.299527771141895e-05,5.4597178046246284e-05,342.95830428796097,0.034965035,0.039397222055515775,True
154,Vitamin C,6817.978767624705,6.699309780504484,1.0470312789111429e-11,1.7821809002742857e-11,32807.20524589387,0.000999001,0.001389914394720741,True
155,Vitamin D3,61675.85274635358,60.60236583408272,0.0,0.0,137797.3670944434,0.000999001,0.001389914394720741,True
156,Water,96242.78116285345,12.132473781837664,3.5534786549400225e-34,1.093378047673853e-33,71691.2759639857,0.000999001,0.001389914394720741,True
157,Zinc,61728.3183711165,27.271790020920683,4.5839375816751836e-164,2.820884665646267e-163,52473.57748868234,0.000999001,0.001389914394720741,True
158,alpha-Ketoisovaleric acid,12520.976487960525,12.303045096821851,4.361136818759633e-35,1.3681997862775322e-34,76253.54078229412,0.000999001,0.001389914394720741,True
159,alpha-Tocopherol,17612.126548968103,7.3999297874354015,6.812826153430178e-14,1.2111690939431427e-13,99738.01140065608,0.000999001,0.001389914394720741,True
