gene,export,import,pair,cell_type,mean,std,n
CD3E,ABCA1,ABCA1,ABCA1@ABCA1,T Cell,-5.7879006e-06,4.1584126e-06,9364
CD3E,ATP7A,ATP7A,ATP7A@ATP7A,T Cell,-4.871437e-07,3.004529e-07,9364
CD3E,SLC16A4,SLC16A4,SLC16A4@SLC16A4,T Cell,1.42351555e-05,2.8771894e-06,9364
CD3E,SLC16A4,SLCO2B1,SLC16A4@SLCO2B1,T Cell,-2.4073556e-06,6.32867e-07,9364
CD3E,SLCO2B1,SLC16A4,SLCO2B1@SLC16A4,T Cell,3.3952774e-06,8.6167836e-07,9364
CD3E,SLC16A1,SLC16A1,SLC16A1@SLC16A1,T Cell,9.294091e-07,2.7256405e-07,9364
CD3E,SLC16A1,SLC16A4,SLC16A1@SLC16A4,T Cell,3.581016e-06,1.793169e-06,9364
CD3E,SLC16A4,SLC16A1,SLC16A4@SLC16A1,T Cell,8.202215e-06,2.020603e-06,9364
CD3E,SLCO2B1,SLCO2B1,SLCO2B1@SLCO2B1,T Cell,-2.934321e-05,6.218362e-06,9364
CD3E,SLC29A1,SLC29A1,SLC29A1@SLC29A1,T Cell,1.8354669e-05,5.8400324e-06,9364
CD3E,CD38,CD38,CD38@CD38,T Cell,-2.459665e-06,8.658526e-07,9364
CD3E,ATP7B,TAP1,ATP7B@TAP1,T Cell,-7.625084e-09,5.046441e-09,9364
CD3E,ATP7A,TAP1,ATP7A@TAP1,T Cell,7.973916e-06,1.8971244e-06,9364
CD3E,TAP1,ATP7A,TAP1@ATP7A,T Cell,1.1117509e-06,4.0408864e-07,9364
CD3E,TAP1,TAP1,TAP1@TAP1,T Cell,1.4647289e-05,4.594449e-06,9364
CD3E,ABCC2,ABCC2,ABCC2@ABCC2,T Cell,6.790635e-08,1.5972846e-08,9364
CD3E,SLC39A8,SLC39A8,SLC39A8@SLC39A8,T Cell,2.2406208e-08,5.599501e-09,9364
CD3E,CLCN5,CLCN5,CLCN5@CLCN5,T Cell,1.9476681e-07,1.4580948e-07,9364
CD3E,CLCN3,CLCN3,CLCN3@CLCN3,T Cell,9.429346e-06,7.414838e-06,9364
CD3E,CLCN3,CLCN5,CLCN3@CLCN5,T Cell,2.0524838e-06,1.3583094e-06,9364
CD3E,CLCN5,CLCN3,CLCN5@CLCN3,T Cell,2.41039e-06,7.8218443e-07,9364
CD3E,CD36,CD36,CD36@CD36,T Cell,-7.001412e-08,2.2968491e-08,9364
CD3E,SLC1A3,SLC1A3,SLC1A3@SLC1A3,T Cell,3.4044575e-08,2.6997531e-08,9364
CD3E,SLC2A1,SLC2A1,SLC2A1@SLC2A1,T Cell,-6.374981e-08,3.0460814e-08,9364
CD3E,SLC2A3,SLC2A3,SLC2A3@SLC2A3,T Cell,1.4531065e-05,5.502984e-06,9364
CD3E,SLC2A1,SLC2A3,SLC2A1@SLC2A3,T Cell,4.777122e-07,3.9846265e-07,9364
CD3E,SLC2A3,SLC2A1,SLC2A3@SLC2A1,T Cell,2.3923383e-06,4.18053e-07,9364
CD3E,ABCB1,SLCO2B1,ABCB1@SLCO2B1,T Cell,-1.3196541e-08,7.3212614e-09,9364
CD3E,SLCO2B1,ABCB1,SLCO2B1@ABCB1,T Cell,5.5667597e-06,1.2012574e-06,9364
CD3E,CHRNA5,SLC29A1,CHRNA5@SLC29A1,T Cell,-1.2375621e-06,3.9938143e-07,9364
CD3E,SLC29A1,CHRNA5,SLC29A1@CHRNA5,T Cell,-7.4872156e-07,5.6352246e-07,9364
CD3E,CD36,MSR1,CD36@MSR1,T Cell,-3.5790483e-06,2.8223635e-06,9364
CD3E,MSR1,CD36,MSR1@CD36,T Cell,-2.2557263e-06,5.121506e-07,9364
CD3E,CD36,CPT1A,CD36@CPT1A,T Cell,3.0710878e-06,6.6367625e-07,9364
CD3E,CPT1A,CD36,CPT1A@CD36,T Cell,1.623947e-09,1.2410026e-09,9364
CD3E,MSR1,MSR1,MSR1@MSR1,T Cell,-1.7312645e-05,6.726748e-06,9364
CD3E,CPT1A,MSR1,CPT1A@MSR1,T Cell,-9.864906e-06,2.313437e-06,9364
CD3E,MSR1,CPT1A,MSR1@CPT1A,T Cell,-3.6081866e-07,7.311324e-08,9364
CD3E,CPT1A,CPT1A,CPT1A@CPT1A,T Cell,1.2728317e-06,8.305565e-07,9364
CD3E,FOLR2,FOLR2,FOLR2@FOLR2,T Cell,-2.947131e-07,7.2499724e-08,9364
CD3E,ABCC2,ABCC4,ABCC2@ABCC4,T Cell,-2.4563468e-07,5.6105197e-08,9364
CD3E,ABCC1,ABCC1,ABCC1@ABCC1,T Cell,1.3999548e-06,4.0154185e-07,9364
CD3E,ABCC1,ABCC4,ABCC1@ABCC4,T Cell,5.659473e-08,3.113667e-08,9364
CD3E,ABCC4,ABCC1,ABCC4@ABCC1,T Cell,-3.4935983e-08,2.114588e-08,9364
CD3E,LRP1,LRP1,LRP1@LRP1,T Cell,-1.0882176e-05,3.3138483e-06,9364
CD3E,CUBN,SLC3A2,CUBN@SLC3A2,T Cell,1.8353306e-07,7.8387366e-08,9364
CD3E,SLC3A2,CUBN,SLC3A2@CUBN,T Cell,-1.364163e-06,3.5553487e-07,9364
CD3E,SLC11A2,SLC3A2,SLC11A2@SLC3A2,T Cell,3.1127954e-06,1.6473837e-06,9364
CD3E,SLC3A2,SLC11A2,SLC3A2@SLC11A2,T Cell,3.176465e-06,1.053116e-06,9364
CD3E,SLC40A1,SLC40A1,SLC40A1@SLC40A1,T Cell,-1.8695344e-05,9.711975e-06,9364
CD3E,SLC3A2,SLC3A2,SLC3A2@SLC3A2,T Cell,8.136599e-06,2.33069e-06,9364
CD3E,SLC11A2,SLC11A2,SLC11A2@SLC11A2,T Cell,3.6558529e-06,9.117878e-07,9364
CD3E,CUBN,SLC11A2,CUBN@SLC11A2,T Cell,-2.0785417e-07,7.0009044e-08,9364
CD3E,SLC11A2,CUBN,SLC11A2@CUBN,T Cell,-6.8929114e-07,3.599291e-07,9364
CD3E,SLC7A5,SLC7A5,SLC7A5@SLC7A5,T Cell,8.788892e-06,3.092393e-06,9364
CD3E,SLC43A2,SLC43A2,SLC43A2@SLC43A2,T Cell,-7.346254e-08,2.1827844e-08,9364
CD3E,SLC6A17,SLC6A17,SLC6A17@SLC6A17,T Cell,1.807877e-05,5.5098894e-06,9364
CD3E,SLC6A17,SLC6A9,SLC6A17@SLC6A9,T Cell,-9.584876e-07,2.7559932e-07,9364
CD3E,SLC6A9,SLC6A17,SLC6A9@SLC6A17,T Cell,-1.2998737e-06,3.2344784e-07,9364
CD3E,SLC16A1,SLC22A5,SLC16A1@SLC22A5,T Cell,2.1983638e-07,1.5176977e-07,9364
CD3E,SLC22A5,SLC16A1,SLC22A5@SLC16A1,T Cell,-1.741432e-06,2.979853e-07,9364
CD3E,SLC22A5,SLCO2B1,SLC22A5@SLCO2B1,T Cell,-1.5476219e-06,4.0415077e-07,9364
CD3E,SLCO2B1,SLC22A5,SLCO2B1@SLC22A5,T Cell,-7.5419695e-07,2.3283282e-07,9364
CD3E,SLC12A2,SLC5A3,SLC12A2@SLC5A3,T Cell,5.4272977e-07,3.3753832e-07,9364
CD3E,SLC5A3,SLC12A2,SLC5A3@SLC12A2,T Cell,-1.2270912e-06,1.9701687e-07,9364
CD3E,SLC12A2,SLC1A5,SLC12A2@SLC1A5,T Cell,-9.722518e-07,2.711002e-07,9364
CD3E,SLC1A5,SLC12A2,SLC1A5@SLC12A2,T Cell,4.991658e-07,1.2012579e-07,9364
CD3E,SLC5A3,SLC5A3,SLC5A3@SLC5A3,T Cell,4.6663026e-06,1.009728e-06,9364
CD3E,SLC12A2,SLC12A2,SLC12A2@SLC12A2,T Cell,-1.0569315e-06,4.1222353e-07,9364
CD3E,SLC22A5,SLC29A1,SLC22A5@SLC29A1,T Cell,2.116734e-07,6.2653434e-08,9364
CD3E,SLC29A1,SLC22A5,SLC29A1@SLC22A5,T Cell,-3.4491458e-07,3.107795e-07,9364
CD3E,SLC1A5,SLC29A1,SLC1A5@SLC29A1,T Cell,1.2160316e-06,2.4334898e-07,9364
CD3E,SLC29A1,SLC1A5,SLC29A1@SLC1A5,T Cell,4.585025e-06,1.1644456e-06,9364
CD3E,SLC22A5,SLC5A3,SLC22A5@SLC5A3,T Cell,-1.0830832e-06,2.620413e-07,9364
CD3E,SLC5A3,SLC22A5,SLC5A3@SLC22A5,T Cell,-1.6994558e-07,3.0765495e-08,9364
CD3E,SLC1A5,SLC22A5,SLC1A5@SLC22A5,T Cell,4.442728e-08,1.376022e-08,9364
CD3E,SLC22A5,SLC1A5,SLC22A5@SLC1A5,T Cell,-6.9935324e-10,4.9759047e-10,9364
CD3E,SLC12A2,SLC29A1,SLC12A2@SLC29A1,T Cell,2.8645566e-06,7.729086e-07,9364
CD3E,SLC29A1,SLC12A2,SLC29A1@SLC12A2,T Cell,6.428267e-06,1.1620832e-06,9364
CD3E,SLC1A5,SLC5A3,SLC1A5@SLC5A3,T Cell,-1.06372894e-07,8.172703e-08,9364
CD3E,SLC5A3,SLC1A5,SLC5A3@SLC1A5,T Cell,9.211092e-07,4.7699757e-07,9364
CD3E,SLC1A5,SLC1A5,SLC1A5@SLC1A5,T Cell,1.5627326e-06,2.7146086e-07,9364
CD3E,SLC29A1,SLC5A3,SLC29A1@SLC5A3,T Cell,1.9026425e-05,6.004051e-06,9364
CD3E,SLC5A3,SLC29A1,SLC5A3@SLC29A1,T Cell,4.2512065e-06,7.50611e-07,9364
CD3E,SLC12A2,SLC22A5,SLC12A2@SLC22A5,T Cell,-1.750543e-07,3.3393892e-08,9364
CD3E,SLC22A5,SLC12A2,SLC22A5@SLC12A2,T Cell,8.5639876e-08,2.7649916e-08,9364
CD3E,ABCC2,SLCO2B1,ABCC2@SLCO2B1,T Cell,-5.28155e-07,2.1324455e-07,9364
CD3E,SLCO2B1,ABCC2,SLCO2B1@ABCC2,T Cell,-1.8415543e-06,3.579133e-07,9364
CD3E,ABCC1,SLCO2B1,ABCC1@SLCO2B1,T Cell,-8.944533e-06,2.6067037e-06,9364
CD3E,SLCO2B1,ABCC1,SLCO2B1@ABCC1,T Cell,-3.0182357e-06,6.220476e-07,9364
CD3E,ABCC1,SLC16A1,ABCC1@SLC16A1,T Cell,7.699604e-08,4.8303423e-08,9364
CD3E,SLC16A1,ABCC1,SLC16A1@ABCC1,T Cell,-7.593469e-07,2.623066e-07,9364
CD3E,ABCC2,SLC16A1,ABCC2@SLC16A1,T Cell,-6.0116054e-07,3.393493e-07,9364
CD3E,SLC16A1,ABCC2,SLC16A1@ABCC2,T Cell,-5.101462e-07,2.9157192e-07,9364
CD3E,ABCC2,ABCB1,ABCC2@ABCB1,T Cell,3.7475886e-07,1.221476e-07,9364
CD3E,ABCC4,SLCO2B1,ABCC4@SLCO2B1,T Cell,-1.8562185e-06,4.6691596e-07,9364
CD3E,SLCO2B1,ABCC4,SLCO2B1@ABCC4,T Cell,-6.5299537e-07,1.3140914e-07,9364
CD3E,SLCO2B1,ABCC3,SLCO2B1@ABCC3,T Cell,-3.8952228e-07,8.281898e-08,9364
CD3E,ABCC4,SLC16A1,ABCC4@SLC16A1,T Cell,1.5433795e-07,4.3865814e-08,9364
CD3E,SLC16A1,ABCC4,SLC16A1@ABCC4,T Cell,-6.0761124e-07,2.1621719e-07,9364
CD3E,SLC23A2,SLC23A2,SLC23A2@SLC23A2,T Cell,-1.3028748e-06,2.4136335e-07,9364
CD3E,SCARB1,SCARB1,SCARB1@SCARB1,T Cell,2.4053606e-06,5.123973e-07,9364
CD3E,ABCA1,ABCA1,ABCA1@ABCA1,other,-6.9122603e-07,2.3992802e-06,103187
CD3E,ATP7A,ATP7A,ATP7A@ATP7A,other,-5.7639166e-08,1.8880172e-07,103187
CD3E,SLC16A4,SLC16A4,SLC16A4@SLC16A4,other,1.6318094e-06,4.610267e-06,103187
CD3E,SLC16A4,SLCO2B1,SLC16A4@SLCO2B1,other,-2.8094226e-07,8.0431386e-07,103187
CD3E,SLCO2B1,SLC16A4,SLCO2B1@SLC16A4,other,4.0314427e-07,1.1515498e-06,103187
CD3E,SLC16A1,SLC16A1,SLC16A1@SLC16A1,other,1.11150484e-07,3.2078734e-07,103187
CD3E,SLC16A1,SLC16A4,SLC16A1@SLC16A4,other,3.964794e-07,1.2319543e-06,103187
CD3E,SLC16A4,SLC16A1,SLC16A4@SLC16A1,other,9.288725e-07,2.6615514e-06,103187
CD3E,SLCO2B1,SLCO2B1,SLCO2B1@SLCO2B1,other,-3.3335318e-06,9.467619e-06,103187
CD3E,SLC29A1,SLC29A1,SLC29A1@SLC29A1,other,2.0094822e-06,5.9366703e-06,103187
CD3E,CD38,CD38,CD38@CD38,other,-2.9133764e-07,8.527448e-07,103187
CD3E,ATP7B,TAP1,ATP7B@TAP1,other,-9.569868e-10,3.1994443e-09,103187
CD3E,ATP7A,TAP1,ATP7A@TAP1,other,9.0377154e-07,2.5808645e-06,103187
CD3E,TAP1,ATP7A,TAP1@ATP7A,other,1.355687e-07,3.9879345e-07,103187
CD3E,TAP1,TAP1,TAP1@TAP1,other,1.7380552e-06,5.0157196e-06,103187
CD3E,ABCC2,ABCC2,ABCC2@ABCC2,other,7.65669e-09,2.1866489e-08,103187
CD3E,SLC39A8,SLC39A8,SLC39A8@SLC39A8,other,2.6545734e-09,7.573737e-09,103187
CD3E,CLCN5,CLCN5,CLCN5@CLCN5,other,2.4241029e-08,8.445316e-08,103187
CD3E,CLCN3,CLCN3,CLCN3@CLCN3,other,1.2256028e-06,4.3361924e-06,103187
CD3E,CLCN3,CLCN5,CLCN3@CLCN5,other,2.459038e-07,8.2856286e-07,103187
CD3E,CLCN5,CLCN3,CLCN5@CLCN3,other,2.8318203e-07,8.216754e-07,103187
CD3E,CD36,CD36,CD36@CD36,other,-8.006582e-09,2.3436137e-08,103187
CD3E,SLC1A3,SLC1A3,SLC1A3@SLC1A3,other,3.911829e-09,1.4065437e-08,103187
CD3E,SLC2A1,SLC2A1,SLC2A1@SLC2A1,other,-7.0006565e-09,2.1807105e-08,103187
CD3E,SLC2A3,SLC2A3,SLC2A3@SLC2A3,other,1.7710247e-06,5.201663e-06,103187
CD3E,SLC2A1,SLC2A3,SLC2A1@SLC2A3,other,5.472925e-08,2.0066861e-07,103187
CD3E,SLC2A3,SLC2A1,SLC2A3@SLC2A1,other,2.745862e-07,7.720089e-07,103187
CD3E,ABCB1,SLCO2B1,ABCB1@SLCO2B1,other,-1.5255056e-09,4.8362896e-09,103187
CD3E,SLCO2B1,ABCB1,SLCO2B1@ABCB1,other,6.4606985e-07,1.8319071e-06,103187
CD3E,CHRNA5,SLC29A1,CHRNA5@SLC29A1,other,-1.4451591e-07,4.207001e-07,103187
CD3E,SLC29A1,CHRNA5,SLC29A1@CHRNA5,other,-8.19804e-08,2.8949214e-07,103187
CD3E,CD36,MSR1,CD36@MSR1,other,-4.1401742e-07,1.4787635e-06,103187
CD3E,MSR1,CD36,MSR1@CD36,other,-2.599876e-07,7.3796383e-07,103187
CD3E,CD36,CPT1A,CD36@CPT1A,other,3.5840583e-07,1.0145149e-06,103187
CD3E,CPT1A,CD36,CPT1A@CD36,other,1.9637528e-10,6.888154e-10,103187
CD3E,MSR1,MSR1,MSR1@MSR1,other,-1.950992e-06,5.7852967e-06,103187
CD3E,CPT1A,MSR1,CPT1A@MSR1,other,-1.134638e-06,3.2283338e-06,103187
CD3E,MSR1,CPT1A,MSR1@CPT1A,other,-4.223491e-08,1.1923186e-07,103187
CD3E,CPT1A,CPT1A,CPT1A@CPT1A,other,1.5189586e-07,5.0479184e-07,103187
CD3E,FOLR2,FOLR2,FOLR2@FOLR2,other,-3.4422637e-08,9.8056276e-08,103187
CD3E,ABCC2,ABCC4,ABCC2@ABCC4,other,-2.7649456e-08,7.879431e-08,103187
CD3E,ABCC1,ABCC1,ABCC1@ABCC1,other,1.5661537e-07,4.5134283e-07,103187
CD3E,ABCC1,ABCC4,ABCC1@ABCC4,other,6.591996e-09,2.0864107e-08,103187
CD3E,ABCC4,ABCC1,ABCC4@ABCC1,other,-4.012513e-09,1.3058813e-08,103187
CD3E,LRP1,LRP1,LRP1@LRP1,other,-1.3257176e-06,3.8421217e-06,103187
CD3E,CUBN,SLC3A2,CUBN@SLC3A2,other,2.2060364e-08,6.669566e-08,103187
CD3E,SLC3A2,CUBN,SLC3A2@CUBN,other,-1.6144205e-07,4.6047413e-07,103187
CD3E,SLC11A2,SLC3A2,SLC11A2@SLC3A2,other,3.5984397e-07,1.136987e-06,103187
CD3E,SLC3A2,SLC11A2,SLC3A2@SLC11A2,other,3.5920306e-07,1.0481747e-06,103187
CD3E,SLC40A1,SLC40A1,SLC40A1@SLC40A1,other,-2.2211245e-06,6.9551115e-06,103187
CD3E,SLC3A2,SLC3A2,SLC3A2@SLC3A2,other,9.1294294e-07,2.6487185e-06,103187
CD3E,SLC11A2,SLC11A2,SLC11A2@SLC11A2,other,4.0646623e-07,1.1634803e-06,103187
CD3E,CUBN,SLC11A2,CUBN@SLC11A2,other,-2.5334405e-08,7.3710204e-08,103187
CD3E,SLC11A2,CUBN,SLC11A2@CUBN,other,-7.94364e-08,2.4919342e-07,103187
CD3E,SLC7A5,SLC7A5,SLC7A5@SLC7A5,other,1.078417e-06,3.1671952e-06,103187
CD3E,SLC43A2,SLC43A2,SLC43A2@SLC43A2,other,-8.815491e-09,2.5407225e-08,103187
CD3E,SLC6A17,SLC6A17,SLC6A17@SLC6A17,other,2.126783e-06,6.140587e-06,103187
CD3E,SLC6A17,SLC6A9,SLC6A17@SLC6A9,other,-1.0603611e-07,3.0838518e-07,103187
CD3E,SLC6A9,SLC6A17,SLC6A9@SLC6A17,other,-1.4951397e-07,4.267446e-07,103187
CD3E,SLC16A1,SLC22A5,SLC16A1@SLC22A5,other,2.5306644e-08,8.6176215e-08,103187
CD3E,SLC22A5,SLC16A1,SLC22A5@SLC16A1,other,-2.0082747e-07,5.6393395e-07,103187
CD3E,SLC22A5,SLCO2B1,SLC22A5@SLCO2B1,other,-1.7863111e-07,5.1172265e-07,103187
CD3E,SLCO2B1,SLC22A5,SLCO2B1@SLC22A5,other,-8.5325425e-08,2.487344e-07,103187
CD3E,SLC12A2,SLC5A3,SLC12A2@SLC5A3,other,6.4345315e-08,2.1366156e-07,103187
CD3E,SLC5A3,SLC12A2,SLC5A3@SLC12A2,other,-1.4146272e-07,3.9646724e-07,103187
CD3E,SLC12A2,SLC1A5,SLC12A2@SLC1A5,other,-1.1231787e-07,3.2260172e-07,103187
CD3E,SLC1A5,SLC12A2,SLC1A5@SLC12A2,other,5.8971267e-08,1.6716767e-07,103187
CD3E,SLC5A3,SLC5A3,SLC5A3@SLC5A3,other,5.331618e-07,1.5116818e-06,103187
CD3E,SLC12A2,SLC12A2,SLC12A2@SLC12A2,other,-1.2458452e-07,3.6813444e-07,103187
CD3E,SLC22A5,SLC29A1,SLC22A5@SLC29A1,other,2.5416321e-08,7.347975e-08,103187
CD3E,SLC29A1,SLC22A5,SLC29A1@SLC22A5,other,-4.2965038e-08,1.6271797e-07,103187
CD3E,SLC1A5,SLC29A1,SLC1A5@SLC29A1,other,1.4258846e-07,4.0165617e-07,103187
CD3E,SLC29A1,SLC1A5,SLC29A1@SLC1A5,other,5.3177047e-07,1.517264e-06,103187
CD3E,SLC22A5,SLC5A3,SLC22A5@SLC5A3,other,-1.2252109e-07,3.504254e-07,103187
CD3E,SLC5A3,SLC22A5,SLC5A3@SLC22A5,other,-1.9357582e-08,5.4448584e-08,103187
CD3E,SLC1A5,SLC22A5,SLC1A5@SLC22A5,other,5.1981823e-09,1.512016e-08,103187
CD3E,SLC22A5,SLC1A5,SLC22A5@SLC1A5,other,-8.2148656e-11,2.8297606e-10,103187
CD3E,SLC12A2,SLC29A1,SLC12A2@SLC29A1,other,3.384075e-07,9.727502e-07,103187
CD3E,SLC29A1,SLC12A2,SLC29A1@SLC12A2,other,7.3933387e-07,2.0813377e-06,103187
CD3E,SLC1A5,SLC5A3,SLC1A5@SLC5A3,other,-1.2258234e-08,4.34504e-08,103187
CD3E,SLC5A3,SLC1A5,SLC5A3@SLC1A5,other,1.07853495e-07,3.3758553e-07,103187
CD3E,SLC1A5,SLC1A5,SLC1A5@SLC1A5,other,1.8238237e-07,5.116904e-07,103187
CD3E,SLC29A1,SLC5A3,SLC29A1@SLC5A3,other,2.175189e-06,6.3475572e-06,103187
CD3E,SLC5A3,SLC29A1,SLC5A3@SLC29A1,other,5.001969e-07,1.403994e-06,103187
CD3E,SLC12A2,SLC22A5,SLC12A2@SLC22A5,other,-2.0253825e-08,5.706816e-08,103187
CD3E,SLC22A5,SLC12A2,SLC22A5@SLC12A2,other,1.0425817e-08,3.0268197e-08,103187
CD3E,ABCC2,SLCO2B1,ABCC2@SLCO2B1,other,-6.3461314e-08,1.912946e-07,103187
CD3E,SLCO2B1,ABCC2,SLCO2B1@ABCC2,other,-2.1157429e-07,5.957735e-07,103187
CD3E,ABCC1,SLCO2B1,ABCC1@SLCO2B1,other,-1.0431779e-06,3.004643e-06,103187
CD3E,SLCO2B1,ABCC1,SLCO2B1@ABCC1,other,-3.508979e-07,9.90669e-07,103187
CD3E,ABCC1,SLC16A1,ABCC1@SLC16A1,other,9.067626e-09,2.9980068e-08,103187
CD3E,SLC16A1,ABCC1,SLC16A1@ABCC1,other,-8.827451e-08,2.5808203e-07,103187
CD3E,ABCC2,SLC16A1,ABCC2@SLC16A1,other,-7.259292e-08,2.3344148e-07,103187
CD3E,SLC16A1,ABCC2,SLC16A1@ABCC2,other,-5.8384003e-08,1.8845545e-07,103187
CD3E,ABCC2,ABCB1,ABCC2@ABCB1,other,4.172538e-08,1.2210185e-07,103187
CD3E,ABCC4,SLCO2B1,ABCC4@SLCO2B1,other,-2.1499852e-07,6.133754e-07,103187
CD3E,SLCO2B1,ABCC4,SLCO2B1@ABCC4,other,-7.4005634e-08,2.0918476e-07,103187
CD3E,SLCO2B1,ABCC3,SLCO2B1@ABCC3,other,-4.401916e-08,1.2493547e-07,103187
CD3E,ABCC4,SLC16A1,ABCC4@SLC16A1,other,1.7563206e-08,5.0562853e-08,103187
CD3E,SLC16A1,ABCC4,SLC16A1@ABCC4,other,-7.000902e-08,2.0662766e-07,103187
CD3E,SLC23A2,SLC23A2,SLC23A2@SLC23A2,other,-1.5345428e-07,4.3171568e-07,103187
CD3E,SCARB1,SCARB1,SCARB1@SCARB1,other,2.73709e-07,7.766515e-07,103187
CD4,ABCA1,ABCA1,ABCA1@ABCA1,T Cell,0.0003898846,8.857236e-05,9364
CD4,ATP7A,ATP7A,ATP7A@ATP7A,T Cell,0.0,0.0,9364
CD4,SLC16A4,SLCO2B1,SLC16A4@SLCO2B1,T Cell,0.0009816027,0.0006953683,9364
CD4,SLCO2B1,SLC16A4,SLCO2B1@SLC16A4,T Cell,-1.1232303e-06,3.8035247e-07,9364
CD4,SLCO2B1,SLCO2B1,SLCO2B1@SLCO2B1,T Cell,0.001384551,0.0010015285,9364
CD4,SLC16A4,SLC16A4,SLC16A4@SLC16A4,T Cell,-2.5895348e-05,1.27855565e-05,9364
CD4,SLC16A1,SLC16A1,SLC16A1@SLC16A1,T Cell,-1.2477594e-05,1.0088463e-05,9364
CD4,SLC16A1,SLC16A4,SLC16A1@SLC16A4,T Cell,-1.557591e-05,2.5891e-06,9364
CD4,SLC16A4,SLC16A1,SLC16A4@SLC16A1,T Cell,-2.5591005e-05,2.1597662e-05,9364
CD4,SLC29A3,SLC29A3,SLC29A3@SLC29A3,T Cell,1.007439e-08,3.9543666e-09,9364
CD4,SLC29A1,SLC29A1,SLC29A1@SLC29A1,T Cell,-4.934957e-05,0.00016232958,9364
CD4,CD38,CD38,CD38@CD38,T Cell,-1.320437e-06,6.3048035e-05,9364
CD4,TAP1,TAP1,TAP1@TAP1,T Cell,0.00043041108,0.0005097766,9364
CD4,ATP7B,TAP1,ATP7B@TAP1,T Cell,2.468387e-07,5.1800926e-06,9364
CD4,ATP7A,TAP1,ATP7A@TAP1,T Cell,1.3783425e-05,7.027884e-05,9364
CD4,TAP1,ATP7A,TAP1@ATP7A,T Cell,-4.3890068e-07,3.8963967e-06,9364
CD4,ABCC2,ABCC2,ABCC2@ABCC2,T Cell,0.0,0.0,9364
CD4,SLC39A8,SLC39A8,SLC39A8@SLC39A8,T Cell,4.3908406e-09,8.875794e-08,9364
CD4,CLCN3,CLCN5,CLCN3@CLCN5,T Cell,-1.2667148e-05,4.699123e-06,9364
CD4,CLCN5,CLCN3,CLCN5@CLCN3,T Cell,-1.4886371e-09,3.4816207e-08,9364
CD4,CLCN3,CLCN3,CLCN3@CLCN3,T Cell,-7.074354e-05,1.4495001e-05,9364
CD4,CD36,CD36,CD36@CD36,T Cell,1.9074208e-05,3.8079063e-05,9364
CD4,SLC1A3,SLC1A3,SLC1A3@SLC1A3,T Cell,3.550755e-07,5.8956543e-06,9364
CD4,SLC2A1,SLC2A3,SLC2A1@SLC2A3,T Cell,-1.1254617e-05,0.00014892204,9364
CD4,SLC2A3,SLC2A1,SLC2A3@SLC2A1,T Cell,-5.893929e-06,0.000120698394,9364
CD4,SLC2A3,SLC2A3,SLC2A3@SLC2A3,T Cell,-7.051852e-05,0.00045868693,9364
CD4,SLC2A1,SLC2A1,SLC2A1@SLC2A1,T Cell,-2.1919598e-06,4.4404354e-05,9364
CD4,SLC2A9,SLC2A1,SLC2A9@SLC2A1,T Cell,-5.385463e-08,1.2808198e-06,9364
CD4,ABCB1,SLCO2B1,ABCB1@SLCO2B1,T Cell,2.5352429e-05,5.6590055e-05,9364
CD4,SLCO2B1,ABCB1,SLCO2B1@ABCB1,T Cell,-6.9367874e-05,2.600673e-05,9364
CD4,CHRNA5,SLC29A1,CHRNA5@SLC29A1,T Cell,2.018066e-07,4.119185e-06,9364
CD4,SLC29A1,CHRNA5,SLC29A1@CHRNA5,T Cell,-1.8837358e-05,5.115613e-06,9364
CD4,MSR1,MSR1,MSR1@MSR1,T Cell,0.0018265825,0.00022721376,9364
CD4,CD36,CPT1A,CD36@CPT1A,T Cell,-1.1485383e-06,2.3727134e-05,9364
CD4,CPT1A,CD36,CPT1A@CD36,T Cell,2.006989e-05,7.5714506e-06,9364
CD4,CPT1A,CPT1A,CPT1A@CPT1A,T Cell,7.6273904e-10,1.7427274e-08,9364
CD4,CD36,MSR1,CD36@MSR1,T Cell,0.0003655432,9.498066e-05,9364
CD4,MSR1,CD36,MSR1@CD36,T Cell,0.00012621771,4.4659904e-05,9364
CD4,CPT1A,MSR1,CPT1A@MSR1,T Cell,0.00039563843,0.00018667719,9364
CD4,MSR1,CPT1A,MSR1@CPT1A,T Cell,1.7815243e-07,2.7787853e-05,9364
CD4,ABCC3,FOLR2,ABCC3@FOLR2,T Cell,2.7927612e-08,5.660759e-07,9364
CD4,FOLR2,FOLR2,FOLR2@FOLR2,T Cell,2.6644468e-05,4.527311e-05,9364
CD4,ABCC1,ABCC1,ABCC1@ABCC1,T Cell,8.685468e-07,1.760599e-05,9364
CD4,ABCC4,ABCC1,ABCC4@ABCC1,T Cell,1.5349164e-07,3.4079326e-06,9364
CD4,LRP1,LRP1,LRP1@LRP1,T Cell,-2.4175062e-05,6.7854686e-05,9364
CD4,SLC3A2,SLC3A2,SLC3A2@SLC3A2,T Cell,-4.44442e-05,4.2282387e-05,9364
CD4,CUBN,SLC11A2,CUBN@SLC11A2,T Cell,-1.01587655e-10,2.492968e-09,9364
CD4,CUBN,SLC3A2,CUBN@SLC3A2,T Cell,5.708969e-11,1.142957e-09,9364
CD4,SLC11A2,SLC11A2,SLC11A2@SLC11A2,T Cell,2.2026787e-05,2.8348142e-05,9364
CD4,SLC11A2,SLC3A2,SLC11A2@SLC3A2,T Cell,-3.0351228e-05,3.628096e-05,9364
CD4,SLC3A2,SLC11A2,SLC3A2@SLC11A2,T Cell,1.524171e-05,3.3857534e-05,9364
CD4,SLC40A1,SLC40A1,SLC40A1@SLC40A1,T Cell,0.0013249769,0.0011001077,9364
CD4,SLC7A5,SLC7A5,SLC7A5@SLC7A5,T Cell,-0.00011749354,2.7118653e-05,9364
CD4,SLC43A2,SLC43A2,SLC43A2@SLC43A2,T Cell,2.531192e-07,1.8304805e-06,9364
CD4,SLC6A17,SLC6A17,SLC6A17@SLC6A17,T Cell,-0.00011972857,2.8885608e-05,9364
CD4,SLC6A17,SLC6A9,SLC6A17@SLC6A9,T Cell,4.2576838e-07,1.2671924e-07,9364
CD4,SLC6A9,SLC6A17,SLC6A9@SLC6A17,T Cell,-2.9382354e-11,4.132241e-10,9364
CD4,SLC22A5,SLCO2B1,SLC22A5@SLCO2B1,T Cell,0.00011142966,0.00013786498,9364
CD4,SLCO2B1,SLC22A5,SLCO2B1@SLC22A5,T Cell,2.0115843e-07,4.1055882e-06,9364
CD4,SLC16A1,SLC22A5,SLC16A1@SLC22A5,T Cell,3.0164387e-08,6.4130217e-07,9364
CD4,SLC22A5,SLC16A1,SLC22A5@SLC16A1,T Cell,3.783445e-08,8.94603e-07,9364
CD4,SLC29A1,SLC5A3,SLC29A1@SLC5A3,T Cell,-7.578718e-05,4.9718365e-05,9364
CD4,SLC5A3,SLC29A1,SLC5A3@SLC29A1,T Cell,-6.8904537e-06,4.6436435e-05,9364
CD4,SLC1A5,SLC5A3,SLC1A5@SLC5A3,T Cell,-1.5677682e-05,7.422096e-06,9364
CD4,SLC5A3,SLC1A5,SLC5A3@SLC1A5,T Cell,1.8242118e-06,3.7360263e-05,9364
CD4,SLC1A5,SLC22A5,SLC1A5@SLC22A5,T Cell,6.650571e-08,1.3743614e-06,9364
CD4,SLC22A5,SLC1A5,SLC22A5@SLC1A5,T Cell,3.7962235e-07,7.571568e-06,9364
CD4,SLC12A2,SLC29A1,SLC12A2@SLC29A1,T Cell,-3.6925862e-06,1.8006558e-05,9364
CD4,SLC29A1,SLC12A2,SLC29A1@SLC12A2,T Cell,-2.9355795e-06,4.523353e-06,9364
CD4,SLC12A2,SLC12A2,SLC12A2@SLC12A2,T Cell,-5.915218e-10,8.199456e-09,9364
CD4,SLC5A3,SLC5A3,SLC5A3@SLC5A3,T Cell,-2.7375276e-05,1.00115785e-05,9364
CD4,SLC12A2,SLC5A3,SLC12A2@SLC5A3,T Cell,-3.4596783e-06,5.2405394e-06,9364
CD4,SLC5A3,SLC12A2,SLC5A3@SLC12A2,T Cell,-3.3899386e-07,1.17677246e-07,9364
CD4,SLC1A5,SLC1A5,SLC1A5@SLC1A5,T Cell,1.1763619e-06,2.4480718e-05,9364
CD4,SLC12A2,SLC22A5,SLC12A2@SLC22A5,T Cell,2.5673752e-10,5.4229776e-09,9364
CD4,SLC22A5,SLC12A2,SLC22A5@SLC12A2,T Cell,0.0,0.0,9364
CD4,SLC22A5,SLC29A1,SLC22A5@SLC29A1,T Cell,4.2233165e-07,8.918059e-06,9364
CD4,SLC29A1,SLC22A5,SLC29A1@SLC22A5,T Cell,-4.6164146e-06,6.293978e-06,9364
CD4,SLC1A5,SLC29A1,SLC1A5@SLC29A1,T Cell,1.8528008e-06,3.8168015e-05,9364
CD4,SLC29A1,SLC1A5,SLC29A1@SLC1A5,T Cell,1.6400768e-06,0.0001278981,9364
CD4,SLC22A5,SLC5A3,SLC22A5@SLC5A3,T Cell,-1.7839536e-08,3.5925062e-08,9364
CD4,SLC5A3,SLC22A5,SLC5A3@SLC22A5,T Cell,3.528721e-08,8.206514e-07,9364
CD4,SLC12A2,SLC1A5,SLC12A2@SLC1A5,T Cell,1.0236067e-06,2.0426116e-05,9364
CD4,SLC1A5,SLC12A2,SLC1A5@SLC12A2,T Cell,-8.865675e-11,1.6858966e-09,9364
CD4,ABCC1,SLCO2B1,ABCC1@SLCO2B1,T Cell,0.00045741882,0.0003962578,9364
CD4,SLCO2B1,ABCC1,SLCO2B1@ABCC1,T Cell,-1.6489956e-05,5.0661434e-05,9364
CD4,ABCC2,SLCO2B1,ABCC2@SLCO2B1,T Cell,0.00013623641,0.00017208302,9364
CD4,SLCO2B1,ABCC2,SLCO2B1@ABCC2,T Cell,0.0,0.0,9364
CD4,ABCC3,SLCO2B1,ABCC3@SLCO2B1,T Cell,2.4596199e-07,2.7574372e-06,9364
CD4,SLCO2B1,ABCC3,SLCO2B1@ABCC3,T Cell,3.8023554e-10,7.754726e-09,9364
CD4,ABCC4,SLC16A1,ABCC4@SLC16A1,T Cell,4.1905864e-08,8.764588e-07,9364
CD4,SLC16A1,ABCC4,SLC16A1@ABCC4,T Cell,3.8508943e-10,2.0939356e-07,9364
CD4,ABCC4,SLCO2B1,ABCC4@SLCO2B1,T Cell,8.488527e-05,0.00012821032,9364
CD4,SLCO2B1,ABCC4,SLCO2B1@ABCC4,T Cell,2.5803115e-07,5.4276597e-06,9364
CD4,ABCC1,SLC16A1,ABCC1@SLC16A1,T Cell,3.7487666e-07,7.76313e-06,9364
CD4,SLC16A1,ABCC1,SLC16A1@ABCC1,T Cell,7.9767995e-07,2.8145987e-05,9364
CD4,ABCC2,SLC16A1,ABCC2@SLC16A1,T Cell,1.9619883e-07,1.9067371e-06,9364
CD4,SLC16A1,ABCC2,SLC16A1@ABCC2,T Cell,-2.4975746e-10,5.213037e-09,9364
CD4,SLC23A2,SLC23A2,SLC23A2@SLC23A2,T Cell,1.5538355e-07,3.341596e-06,9364
CD4,SCARB1,SCARB1,SCARB1@SCARB1,T Cell,-6.501854e-07,1.6176191e-05,9364
CD4,ABCA1,ABCA1,ABCA1@ABCA1,other,1.7637554e-05,0.00015912918,103187
CD4,ATP7A,ATP7A,ATP7A@ATP7A,other,-2.4280258e-10,1.2211608e-09,103187
CD4,SLC16A4,SLCO2B1,SLC16A4@SLCO2B1,other,0.0028238415,0.0055288076,103187
CD4,SLCO2B1,SLC16A4,SLCO2B1@SLC16A4,other,-1.2625976e-06,1.6289647e-06,103187
CD4,SLCO2B1,SLCO2B1,SLCO2B1@SLCO2B1,other,0.00399619,0.0078033567,103187
CD4,SLC16A4,SLC16A4,SLC16A4@SLC16A4,other,-7.0816022e-06,9.4320885e-06,103187
CD4,SLC16A1,SLC16A1,SLC16A1@SLC16A1,other,2.7141557e-05,6.71665e-05,103187
CD4,SLC16A1,SLC16A4,SLC16A1@SLC16A4,other,-3.4213547e-06,5.024806e-06,103187
CD4,SLC16A4,SLC16A1,SLC16A4@SLC16A1,other,5.494785e-05,0.00013159441,103187
CD4,SLC29A3,SLC29A3,SLC29A3@SLC29A3,other,1.2008124e-09,3.5812273e-09,103187
CD4,SLC29A1,SLC29A1,SLC29A1@SLC29A1,other,0.00057672267,0.0012205858,103187
CD4,CD38,CD38,CD38@CD38,other,0.00019735085,0.0004469234,103187
CD4,TAP1,TAP1,TAP1@TAP1,other,0.00205514,0.004081422,103187
CD4,ATP7B,TAP1,ATP7B@TAP1,other,1.5715903e-05,3.6034013e-05,103187
CD4,ATP7A,TAP1,ATP7A@TAP1,other,0.00026493063,0.00054658885,103187
CD4,TAP1,ATP7A,TAP1@ATP7A,other,1.3509379e-05,2.9605595e-05,103187
CD4,ABCC2,ABCC2,ABCC2@ABCC2,other,-2.4283592e-10,1.3971343e-09,103187
CD4,SLC39A8,SLC39A8,SLC39A8@SLC39A8,other,3.2318124e-07,6.8913863e-07,103187
CD4,CLCN3,CLCN5,CLCN3@CLCN5,other,6.049871e-07,8.512718e-06,103187
CD4,CLCN5,CLCN3,CLCN5@CLCN3,other,-1.6247223e-07,3.2274937e-07,103187
CD4,CLCN3,CLCN3,CLCN3@CLCN3,other,-5.3590145e-07,4.0457144e-05,103187
CD4,CD36,CD36,CD36@CD36,other,-8.124231e-05,0.00025828756,103187
CD4,SLC1A3,SLC1A3,SLC1A3@SLC1A3,other,2.388775e-05,5.5130833e-05,103187
CD4,SLC2A1,SLC2A3,SLC2A1@SLC2A3,other,-0.00052559806,0.001092784,103187
CD4,SLC2A3,SLC2A1,SLC2A3@SLC2A1,other,-0.0003916394,0.0008619713,103187
CD4,SLC2A3,SLC2A3,SLC2A3@SLC2A3,other,-0.0017797303,0.0036155647,103187
CD4,SLC2A1,SLC2A1,SLC2A1@SLC2A1,other,-0.000162004,0.000343255,103187
CD4,SLC2A9,SLC2A1,SLC2A9@SLC2A1,other,-3.8308617e-06,1.0135328e-05,103187
CD4,ABCB1,SLCO2B1,ABCB1@SLCO2B1,other,0.00018989413,0.00040951325,103187
CD4,SLCO2B1,ABCB1,SLCO2B1@ABCB1,other,-7.700818e-06,2.2949553e-05,103187
CD4,CHRNA5,SLC29A1,CHRNA5@SLC29A1,other,1.7559014e-05,3.8271268e-05,103187
CD4,SLC29A1,CHRNA5,SLC29A1@CHRNA5,other,-2.1458884e-06,6.1685964e-06,103187
CD4,MSR1,MSR1,MSR1@MSR1,other,0.00019593776,0.0006002387,103187
CD4,CD36,CPT1A,CD36@CPT1A,other,-8.551799e-05,0.00018613688,103187
CD4,CPT1A,CD36,CPT1A@CD36,other,-6.3333955e-06,2.0918118e-05,103187
CD4,CPT1A,CPT1A,CPT1A@CPT1A,other,6.862398e-08,1.5808448e-07,103187
CD4,CD36,MSR1,CD36@MSR1,other,2.8878178e-08,0.00020487762,103187
CD4,MSR1,CD36,MSR1@CD36,other,-4.4617835e-05,0.00021463903,103187
CD4,CPT1A,MSR1,CPT1A@MSR1,other,0.0007453304,0.0014190212,103187
CD4,MSR1,CPT1A,MSR1@CPT1A,other,-9.851895e-05,0.00021134519,103187
CD4,ABCC3,FOLR2,ABCC3@FOLR2,other,2.0653724e-06,4.3317395e-06,103187
CD4,FOLR2,FOLR2,FOLR2@FOLR2,other,0.00015352956,0.000331418,103187
CD4,ABCC1,ABCC1,ABCC1@ABCC1,other,6.009137e-05,0.00012848484,103187
CD4,ABCC4,ABCC1,ABCC4@ABCC1,other,1.4306133e-05,3.241709e-05,103187
CD4,LRP1,LRP1,LRP1@LRP1,other,0.00024383138,0.0005126082,103187
CD4,SLC3A2,SLC3A2,SLC3A2@SLC3A2,other,0.00011924164,0.0002755199,103187
CD4,CUBN,SLC11A2,CUBN@SLC11A2,other,-9.913657e-09,2.409028e-08,103187
CD4,CUBN,SLC3A2,CUBN@SLC3A2,other,4.128381e-09,8.750651e-09,103187
CD4,SLC11A2,SLC11A2,SLC11A2@SLC11A2,other,0.00010096494,0.00020932777,103187
CD4,SLC11A2,SLC3A2,SLC11A2@SLC3A2,other,9.686728e-05,0.00024367003,103187
CD4,SLC3A2,SLC11A2,SLC3A2@SLC11A2,other,0.00011473737,0.00025072682,103187
CD4,SLC40A1,SLC40A1,SLC40A1@SLC40A1,other,0.004503603,0.008863517,103187
CD4,SLC7A5,SLC7A5,SLC7A5@SLC7A5,other,-1.46759985e-05,3.752546e-05,103187
CD4,SLC43A2,SLC43A2,SLC43A2@SLC43A2,other,7.0210544e-06,1.4605959e-05,103187
CD4,SLC6A17,SLC6A17,SLC6A17@SLC6A17,other,-8.921743e-06,4.3418826e-05,103187
CD4,SLC6A17,SLC6A9,SLC6A17@SLC6A9,other,5.495777e-08,1.465694e-07,103187
CD4,SLC6A9,SLC6A17,SLC6A9@SLC6A17,other,-1.7927037e-09,2.4958096e-09,103187
CD4,SLC22A5,SLCO2B1,SLC22A5@SLCO2B1,other,0.00051699165,0.0010438735,103187
CD4,SLCO2B1,SLC22A5,SLCO2B1@SLC22A5,other,1.4005853e-05,3.0436102e-05,103187
CD4,SLC16A1,SLC22A5,SLC16A1@SLC22A5,other,1.7927601e-06,4.2678057e-06,103187
CD4,SLC22A5,SLC16A1,SLC22A5@SLC16A1,other,2.7425576e-06,6.8905906e-06,103187
CD4,SLC29A1,SLC5A3,SLC29A1@SLC5A3,other,0.00011573841,0.00027188336,103187
CD4,SLC5A3,SLC29A1,SLC5A3@SLC29A1,other,0.00016486265,0.00036170435,103187
CD4,SLC1A5,SLC5A3,SLC1A5@SLC5A3,other,1.7127057e-05,4.3866057e-05,103187
CD4,SLC5A3,SLC1A5,SLC5A3@SLC1A5,other,0.00012510103,0.00026673594,103187
CD4,SLC1A5,SLC22A5,SLC1A5@SLC22A5,other,4.9788073e-06,1.0668799e-05,103187
CD4,SLC22A5,SLC1A5,SLC22A5@SLC1A5,other,2.7415015e-05,5.720775e-05,103187
CD4,SLC12A2,SLC29A1,SLC12A2@SLC29A1,other,7.136413e-05,0.00016131096,103187
CD4,SLC29A1,SLC12A2,SLC29A1@SLC12A2,other,1.3973862e-05,3.237528e-05,103187
CD4,SLC12A2,SLC12A2,SLC12A2@SLC12A2,other,-3.828931e-08,5.294412e-08,103187
CD4,SLC5A3,SLC5A3,SLC5A3@SLC5A3,other,2.1607782e-05,5.5828263e-05,103187
CD4,SLC12A2,SLC5A3,SLC12A2@SLC5A3,other,1.779223e-05,3.893229e-05,103187
CD4,SLC5A3,SLC12A2,SLC5A3@SLC12A2,other,-3.3102488e-08,1.2378996e-07,103187
CD4,SLC1A5,SLC1A5,SLC1A5@SLC1A5,other,7.839269e-05,0.00018001045,103187
CD4,SLC12A2,SLC22A5,SLC12A2@SLC22A5,other,1.5807613e-08,3.7950958e-08,103187
CD4,SLC22A5,SLC12A2,SLC22A5@SLC12A2,other,-4.1907106e-11,2.048904e-10,103187
CD4,SLC22A5,SLC29A1,SLC22A5@SLC29A1,other,3.1401494e-05,6.853077e-05,103187
CD4,SLC29A1,SLC22A5,SLC29A1@SLC22A5,other,2.5965752e-05,6.3606516e-05,103187
CD4,SLC1A5,SLC29A1,SLC1A5@SLC29A1,other,0.00013737696,0.00029442742,103187
CD4,SLC29A1,SLC1A5,SLC29A1@SLC1A5,other,0.00048559727,0.001004799,103187
CD4,SLC22A5,SLC5A3,SLC22A5@SLC5A3,other,1.3876615e-07,3.2260786e-07,103187
CD4,SLC5A3,SLC22A5,SLC5A3@SLC22A5,other,3.16271e-06,7.325375e-06,103187
CD4,SLC12A2,SLC1A5,SLC12A2@SLC1A5,other,7.560056e-05,0.00015763013,103187
CD4,SLC1A5,SLC12A2,SLC1A5@SLC12A2,other,-8.1581355e-09,1.5276068e-08,103187
CD4,ABCC1,SLCO2B1,ABCC1@SLCO2B1,other,0.0015251379,0.0030595553,103187
CD4,SLCO2B1,ABCC1,SLCO2B1@ABCC1,other,0.00017831556,0.00037740616,103187
CD4,ABCC2,SLCO2B1,ABCC2@SLCO2B1,other,0.0006087159,0.001280078,103187
CD4,SLCO2B1,ABCC2,SLCO2B1@ABCC2,other,4.3126913e-10,2.107439e-09,103187
CD4,ABCC3,SLCO2B1,ABCC3@SLCO2B1,other,1.1889205e-05,2.8583416e-05,103187
CD4,SLCO2B1,ABCC3,SLCO2B1@ABCC3,other,2.521625e-08,5.785405e-08,103187
CD4,ABCC4,SLC16A1,ABCC4@SLC16A1,other,2.8297727e-06,6.1641035e-06,103187
CD4,SLC16A1,ABCC4,SLC16A1@ABCC4,other,7.0787246e-07,1.6279275e-06,103187
CD4,ABCC4,SLCO2B1,ABCC4@SLCO2B1,other,0.0005064113,0.0010173002,103187
CD4,SLCO2B1,ABCC4,SLCO2B1@ABCC4,other,1.5636413e-05,3.775388e-05,103187
CD4,ABCC1,SLC16A1,ABCC1@SLC16A1,other,3.159712e-05,6.960641e-05,103187
CD4,SLC16A1,ABCC1,SLC16A1@ABCC1,other,9.658647e-05,0.00020400569,103187
CD4,ABCC2,SLC16A1,ABCC2@SLC16A1,other,6.5641266e-06,1.6443279e-05,103187
CD4,SLC16A1,ABCC2,SLC16A1@ABCC2,other,-2.5908713e-08,4.6683784e-08,103187
CD4,SLC23A2,SLC23A2,SLC23A2@SLC23A2,other,9.521532e-06,2.4295183e-05,103187
CD4,SCARB1,SCARB1,SCARB1@SCARB1,other,4.231277e-05,0.000104832216,103187
ENTPD1,ABCA1,ABCA1,ABCA1@ABCA1,T Cell,-1.2309373e-10,2.6692775e-09,9364
ENTPD1,SLC16A4,SLC16A4,SLC16A4@SLC16A4,T Cell,0.0,0.0,9364
ENTPD1,SLC16A4,SLCO2B1,SLC16A4@SLCO2B1,T Cell,-1.2156716e-09,2.4534863e-08,9364
ENTPD1,SLCO2B1,SLC16A4,SLCO2B1@SLC16A4,T Cell,0.0,0.0,9364
ENTPD1,SLC16A1,SLC16A4,SLC16A1@SLC16A4,T Cell,0.0,0.0,9364
ENTPD1,SLC16A4,SLC16A1,SLC16A4@SLC16A1,T Cell,0.0,0.0,9364
ENTPD1,SLCO2B1,SLCO2B1,SLCO2B1@SLCO2B1,T Cell,-1.0961196e-10,2.2471005e-09,9364
ENTPD1,SLC29A1,SLC29A1,SLC29A1@SLC29A1,T Cell,6.772276e-11,1.3993573e-09,9364
ENTPD1,CD38,CD38,CD38@CD38,T Cell,9.622637e-12,1.990643e-10,9364
ENTPD1,TAP1,ATP7B,TAP1@ATP7B,T Cell,0.0,0.0,9364
ENTPD1,ATP7A,TAP1,ATP7A@TAP1,T Cell,-6.2835687e-12,1.2875039e-10,9364
ENTPD1,TAP1,TAP1,TAP1@TAP1,T Cell,-5.348406e-10,1.0870489e-08,9364
ENTPD1,SLC39A8,SLC39A8,SLC39A8@SLC39A8,T Cell,0.0,0.0,9364
ENTPD1,CLCN3,CLCN3,CLCN3@CLCN3,T Cell,0.0,0.0,9364
ENTPD1,CLCN5,CLCN3,CLCN5@CLCN3,T Cell,0.0,0.0,9364
ENTPD1,CD36,CD36,CD36@CD36,T Cell,7.277955e-10,1.466621e-08,9364
ENTPD1,SLC2A1,SLC2A1,SLC2A1@SLC2A1,T Cell,-7.2660405e-11,1.6181358e-09,9364
ENTPD1,SLC2A3,SLC2A3,SLC2A3@SLC2A3,T Cell,5.0698185e-10,1.0222689e-08,9364
ENTPD1,SLC2A1,SLC2A3,SLC2A1@SLC2A3,T Cell,-8.148639e-11,1.7384901e-09,9364
ENTPD1,SLC2A3,SLC2A1,SLC2A3@SLC2A1,T Cell,2.0184067e-10,4.5098667e-09,9364
ENTPD1,ABCB1,SLCO2B1,ABCB1@SLCO2B1,T Cell,1.3204204e-11,2.7395375e-10,9364
ENTPD1,CHRNA5,SLC29A1,CHRNA5@SLC29A1,T Cell,0.0,0.0,9364
ENTPD1,CD36,MSR1,CD36@MSR1,T Cell,8.0974405e-10,1.6229876e-08,9364
ENTPD1,MSR1,CD36,MSR1@CD36,T Cell,8.1520485e-10,1.7277435e-08,9364
ENTPD1,CD36,CPT1A,CD36@CPT1A,T Cell,1.1617639e-10,2.5522022e-09,9364
ENTPD1,CPT1A,CD36,CPT1A@CD36,T Cell,-1.7992377e-11,3.7092618e-10,9364
ENTPD1,MSR1,MSR1,MSR1@MSR1,T Cell,4.876067e-10,1.0349836e-08,9364
ENTPD1,CPT1A,MSR1,CPT1A@MSR1,T Cell,-3.5568256e-12,7.367888e-11,9364
ENTPD1,MSR1,CPT1A,MSR1@CPT1A,T Cell,-5.5686178e-11,1.2749136e-09,9364
ENTPD1,ABCC1,ABCC1,ABCC1@ABCC1,T Cell,0.0,0.0,9364
ENTPD1,ABCC1,ABCC4,ABCC1@ABCC4,T Cell,0.0,0.0,9364
ENTPD1,LRP1,LRP1,LRP1@LRP1,T Cell,0.0,0.0,9364
ENTPD1,SLC11A2,SLC3A2,SLC11A2@SLC3A2,T Cell,2.4735535e-11,4.9814525e-10,9364
ENTPD1,SLC3A2,SLC11A2,SLC3A2@SLC11A2,T Cell,3.9956424e-11,8.236145e-10,9364
ENTPD1,SLC40A1,SLC40A1,SLC40A1@SLC40A1,T Cell,-6.945988e-10,1.518245e-08,9364
ENTPD1,SLC3A2,SLC3A2,SLC3A2@SLC3A2,T Cell,4.3948066e-12,9.1027755e-11,9364
ENTPD1,SLC11A2,SLC11A2,SLC11A2@SLC11A2,T Cell,1.4361798e-10,2.902613e-09,9364
ENTPD1,SLC7A5,SLC7A5,SLC7A5@SLC7A5,T Cell,0.0,0.0,9364
ENTPD1,SLC43A2,SLC43A2,SLC43A2@SLC43A2,T Cell,0.0,0.0,9364
ENTPD1,SLC6A17,SLC6A17,SLC6A17@SLC6A17,T Cell,0.0,0.0,9364
ENTPD1,SLC22A5,SLCO2B1,SLC22A5@SLCO2B1,T Cell,8.266851e-13,1.704019e-11,9364
ENTPD1,SLC12A2,SLC5A3,SLC12A2@SLC5A3,T Cell,0.0,0.0,9364
ENTPD1,SLC5A3,SLC12A2,SLC5A3@SLC12A2,T Cell,0.0,0.0,9364
ENTPD1,SLC12A2,SLC1A5,SLC12A2@SLC1A5,T Cell,0.0,0.0,9364
ENTPD1,SLC1A5,SLC12A2,SLC1A5@SLC12A2,T Cell,0.0,0.0,9364
ENTPD1,SLC5A3,SLC5A3,SLC5A3@SLC5A3,T Cell,0.0,0.0,9364
ENTPD1,SLC12A2,SLC12A2,SLC12A2@SLC12A2,T Cell,0.0,0.0,9364
ENTPD1,SLC22A5,SLC29A1,SLC22A5@SLC29A1,T Cell,0.0,0.0,9364
ENTPD1,SLC1A5,SLC29A1,SLC1A5@SLC29A1,T Cell,1.3212134e-12,2.7217183e-11,9364
ENTPD1,SLC29A1,SLC1A5,SLC29A1@SLC1A5,T Cell,8.0792206e-11,1.6201219e-09,9364
ENTPD1,SLC12A2,SLC29A1,SLC12A2@SLC29A1,T Cell,1.293956e-13,2.783554e-12,9364
ENTPD1,SLC29A1,SLC12A2,SLC29A1@SLC12A2,T Cell,0.0,0.0,9364
ENTPD1,SLC5A3,SLC1A5,SLC5A3@SLC1A5,T Cell,2.697246e-11,5.412262e-10,9364
ENTPD1,SLC1A5,SLC1A5,SLC1A5@SLC1A5,T Cell,1.670294e-11,3.3782788e-10,9364
ENTPD1,SLC29A1,SLC5A3,SLC29A1@SLC5A3,T Cell,1.6675215e-11,3.5855177e-10,9364
ENTPD1,SLC5A3,SLC29A1,SLC5A3@SLC29A1,T Cell,-3.1283184e-11,6.358965e-10,9364
ENTPD1,ABCC2,SLCO2B1,ABCC2@SLCO2B1,T Cell,-1.08231195e-10,2.4214923e-09,9364
ENTPD1,ABCC1,SLCO2B1,ABCC1@SLCO2B1,T Cell,-2.7352978e-10,5.5716263e-09,9364
ENTPD1,SLCO2B1,ABCC1,SLCO2B1@ABCC1,T Cell,0.0,0.0,9364
ENTPD1,SLC16A1,ABCC1,SLC16A1@ABCC1,T Cell,9.2949485e-12,1.8910654e-10,9364
ENTPD1,ABCC4,SLCO2B1,ABCC4@SLCO2B1,T Cell,9.064006e-11,1.8427113e-09,9364
ENTPD1,SLCO2B1,ABCC4,SLCO2B1@ABCC4,T Cell,0.0,0.0,9364
ENTPD1,SCARB1,SCARB1,SCARB1@SCARB1,T Cell,0.0,0.0,9364
ENTPD1,ABCA1,ABCA1,ABCA1@ABCA1,other,-8.247347e-08,4.3738993e-07,103187
ENTPD1,SLC16A4,SLC16A4,SLC16A4@SLC16A4,other,-7.683726e-09,3.2006177e-08,103187
ENTPD1,SLC16A4,SLCO2B1,SLC16A4@SLCO2B1,other,-8.622212e-08,1.8368047e-07,103187
ENTPD1,SLCO2B1,SLC16A4,SLCO2B1@SLC16A4,other,-4.13552e-09,2.0359625e-08,103187
ENTPD1,SLC16A1,SLC16A4,SLC16A1@SLC16A4,other,1.993804e-09,8.2668326e-09,103187
ENTPD1,SLC16A4,SLC16A1,SLC16A4@SLC16A1,other,3.896147e-09,1.7204604e-08,103187
ENTPD1,SLCO2B1,SLCO2B1,SLCO2B1@SLCO2B1,other,1.0378302e-08,7.691478e-08,103187
ENTPD1,SLC29A1,SLC29A1,SLC29A1@SLC29A1,other,2.0665622e-07,8.696994e-07,103187
ENTPD1,CD38,CD38,CD38@CD38,other,7.240531e-10,1.6493651e-09,103187
ENTPD1,TAP1,ATP7B,TAP1@ATP7B,other,6.666993e-09,2.8111769e-08,103187
ENTPD1,ATP7A,TAP1,ATP7A@TAP1,other,1.133211e-08,5.2646936e-08,103187
ENTPD1,TAP1,TAP1,TAP1@TAP1,other,2.2484815e-07,1.088409e-06,103187
ENTPD1,SLC39A8,SLC39A8,SLC39A8@SLC39A8,other,-6.0519895e-08,2.8493292e-07,103187
ENTPD1,CLCN3,CLCN3,CLCN3@CLCN3,other,1.1569916e-08,4.8748884e-08,103187
ENTPD1,CLCN5,CLCN3,CLCN5@CLCN3,other,5.7641497e-10,2.3975624e-09,103187
ENTPD1,CD36,CD36,CD36@CD36,other,3.48824e-08,1.5863856e-07,103187
ENTPD1,SLC2A1,SLC2A1,SLC2A1@SLC2A1,other,-4.860311e-09,1.2519355e-08,103187
ENTPD1,SLC2A3,SLC2A3,SLC2A3@SLC2A3,other,-4.313393e-08,7.584524e-07,103187
ENTPD1,SLC2A1,SLC2A3,SLC2A1@SLC2A3,other,-1.4510785e-07,8.611018e-07,103187
ENTPD1,SLC2A3,SLC2A1,SLC2A3@SLC2A1,other,3.3655223e-08,1.0064455e-07,103187
ENTPD1,ABCB1,SLCO2B1,ABCB1@SLCO2B1,other,7.91034e-10,1.7373872e-09,103187
ENTPD1,CHRNA5,SLC29A1,CHRNA5@SLC29A1,other,1.6528087e-08,7.095719e-08,103187
ENTPD1,CD36,MSR1,CD36@MSR1,other,6.227042e-08,1.3072466e-07,103187
ENTPD1,MSR1,CD36,MSR1@CD36,other,6.017752e-08,1.425891e-07,103187
ENTPD1,CD36,CPT1A,CD36@CPT1A,other,1.27496325e-08,3.1665248e-08,103187
ENTPD1,CPT1A,CD36,CPT1A@CD36,other,-1.5518655e-08,5.8911205e-08,103187
ENTPD1,MSR1,MSR1,MSR1@MSR1,other,4.9380336e-08,1.0347069e-07,103187
ENTPD1,CPT1A,MSR1,CPT1A@MSR1,other,-2.4652108e-10,5.589154e-10,103187
ENTPD1,MSR1,CPT1A,MSR1@CPT1A,other,4.5530918e-08,2.1101806e-07,103187
ENTPD1,ABCC1,ABCC1,ABCC1@ABCC1,other,-1.4301549e-08,7.01918e-08,103187
ENTPD1,ABCC1,ABCC4,ABCC1@ABCC4,other,1.5689343e-09,7.5628455e-09,103187
ENTPD1,LRP1,LRP1,LRP1@LRP1,other,-1.905559e-07,8.0271167e-07,103187
ENTPD1,SLC11A2,SLC3A2,SLC11A2@SLC3A2,other,4.8501477e-08,1.9369084e-07,103187
ENTPD1,SLC3A2,SLC11A2,SLC3A2@SLC11A2,other,1.6559236e-08,4.701634e-08,103187
ENTPD1,SLC40A1,SLC40A1,SLC40A1@SLC40A1,other,-1.3560285e-07,2.8415042e-07,103187
ENTPD1,SLC3A2,SLC3A2,SLC3A2@SLC3A2,other,4.7993893e-08,1.9794385e-07,103187
ENTPD1,SLC11A2,SLC11A2,SLC11A2@SLC11A2,other,5.9066725e-08,1.8103259e-07,103187
ENTPD1,SLC7A5,SLC7A5,SLC7A5@SLC7A5,other,-6.166693e-09,2.5745722e-08,103187
ENTPD1,SLC43A2,SLC43A2,SLC43A2@SLC43A2,other,-1.7885247e-10,8.7589924e-10,103187
ENTPD1,SLC6A17,SLC6A17,SLC6A17@SLC6A17,other,-2.8420846e-09,1.21586625e-08,103187
ENTPD1,SLC22A5,SLCO2B1,SLC22A5@SLCO2B1,other,5.2047575e-11,1.1869289e-10,103187
ENTPD1,SLC12A2,SLC5A3,SLC12A2@SLC5A3,other,3.749898e-09,1.5979426e-08,103187
ENTPD1,SLC5A3,SLC12A2,SLC5A3@SLC12A2,other,3.640963e-09,1.551931e-08,103187
ENTPD1,SLC12A2,SLC1A5,SLC12A2@SLC1A5,other,3.977275e-09,1.7376076e-08,103187
ENTPD1,SLC1A5,SLC12A2,SLC1A5@SLC12A2,other,3.2144853e-09,1.4085789e-08,103187
ENTPD1,SLC5A3,SLC5A3,SLC5A3@SLC5A3,other,-1.6145165e-08,1.4937827e-07,103187
ENTPD1,SLC12A2,SLC12A2,SLC12A2@SLC12A2,other,3.4216714e-09,1.4339063e-08,103187
ENTPD1,SLC22A5,SLC29A1,SLC22A5@SLC29A1,other,2.0176367e-08,8.7730605e-08,103187
ENTPD1,SLC1A5,SLC29A1,SLC1A5@SLC29A1,other,2.7558062e-08,1.1459064e-07,103187
ENTPD1,SLC29A1,SLC1A5,SLC29A1@SLC1A5,other,8.396371e-08,3.2348427e-07,103187
ENTPD1,SLC12A2,SLC29A1,SLC12A2@SLC29A1,other,7.175995e-08,3.0179987e-07,103187
ENTPD1,SLC29A1,SLC12A2,SLC29A1@SLC12A2,other,5.2899203e-08,2.2031894e-07,103187
ENTPD1,SLC5A3,SLC1A5,SLC5A3@SLC1A5,other,6.9188415e-09,2.1303318e-08,103187
ENTPD1,SLC1A5,SLC1A5,SLC1A5@SLC1A5,other,-6.206517e-09,3.6426044e-08,103187
ENTPD1,SLC29A1,SLC5A3,SLC29A1@SLC5A3,other,1.1681213e-08,4.5575717e-08,103187
ENTPD1,SLC5A3,SLC29A1,SLC5A3@SLC29A1,other,8.2391765e-08,3.551953e-07,103187
ENTPD1,ABCC2,SLCO2B1,ABCC2@SLCO2B1,other,-8.0455544e-09,1.8401424e-08,103187
ENTPD1,ABCC1,SLCO2B1,ABCC1@SLCO2B1,other,-1.9331907e-08,4.2754454e-08,103187
ENTPD1,SLCO2B1,ABCC1,SLCO2B1@ABCC1,other,-4.1581625e-08,2.2689834e-07,103187
ENTPD1,SLC16A1,ABCC1,SLC16A1@ABCC1,other,9.358595e-09,3.6045947e-08,103187
ENTPD1,ABCC4,SLCO2B1,ABCC4@SLCO2B1,other,6.6776096e-09,1.441795e-08,103187
ENTPD1,SLCO2B1,ABCC4,SLCO2B1@ABCC4,other,2.5694114e-08,7.991891e-08,103187
ENTPD1,SCARB1,SCARB1,SCARB1@SCARB1,other,1.906912e-08,8.0051265e-08,103187
IL2RA,ABCA1,ABCA1,ABCA1@ABCA1,T Cell,-3.655829e-07,7.354962e-06,9364
IL2RA,SLC16A4,SLCO2B1,SLC16A4@SLCO2B1,T Cell,3.4676632e-06,6.879601e-05,9364
IL2RA,SLCO2B1,SLC16A4,SLCO2B1@SLC16A4,T Cell,-5.1476614e-09,1.0419274e-07,9364
IL2RA,SLCO2B1,SLCO2B1,SLCO2B1@SLCO2B1,T Cell,2.2893677e-05,0.00045174776,9364
IL2RA,SLC16A4,SLC16A4,SLC16A4@SLC16A4,T Cell,-1.3020075e-11,2.5995245e-10,9364
IL2RA,SLC29A1,SLC29A1,SLC29A1@SLC29A1,T Cell,4.89387e-08,9.895152e-07,9364
IL2RA,CD38,CD38,CD38@CD38,T Cell,5.873319e-08,1.201417e-06,9364
IL2RA,TAP1,TAP1,TAP1@TAP1,T Cell,-1.4786495e-07,3.0608853e-06,9364
IL2RA,ATP7A,TAP1,ATP7A@TAP1,T Cell,-8.162781e-09,1.6578606e-07,9364
IL2RA,SLC39A8,SLC39A8,SLC39A8@SLC39A8,T Cell,-2.0295532e-08,4.0645992e-07,9364
IL2RA,CLCN3,CLCN3,CLCN3@CLCN3,T Cell,-2.6916374e-09,5.454106e-08,9364
IL2RA,CD36,CD36,CD36@CD36,T Cell,-5.394634e-07,1.1224427e-05,9364
IL2RA,SLC2A1,SLC2A3,SLC2A1@SLC2A3,T Cell,-1.1539274e-06,2.392268e-05,9364
IL2RA,SLC2A3,SLC2A1,SLC2A3@SLC2A1,T Cell,-9.3184804e-07,1.9299909e-05,9364
IL2RA,SLC2A3,SLC2A3,SLC2A3@SLC2A3,T Cell,-3.5819887e-06,7.130141e-05,9364
IL2RA,SLC2A1,SLC2A1,SLC2A1@SLC2A1,T Cell,-3.1648688e-07,6.3873495e-06,9364
IL2RA,ABCB1,SLCO2B1,ABCB1@SLCO2B1,T Cell,2.7489946e-07,5.540386e-06,9364
IL2RA,MSR1,MSR1,MSR1@MSR1,T Cell,-6.385025e-07,1.5294316e-05,9364
IL2RA,CPT1A,CD36,CPT1A@CD36,T Cell,2.7340982e-07,5.7111006e-06,9364
IL2RA,CD36,MSR1,CD36@MSR1,T Cell,-5.3116804e-07,1.0927718e-05,9364
IL2RA,MSR1,CD36,MSR1@CD36,T Cell,-8.8624125e-07,1.9301073e-05,9364
IL2RA,CPT1A,MSR1,CPT1A@MSR1,T Cell,1.094327e-06,2.2961322e-05,9364
IL2RA,MSR1,CPT1A,MSR1@CPT1A,T Cell,-3.6849272e-08,7.557571e-07,9364
IL2RA,ABCC3,FOLR2,ABCC3@FOLR2,T Cell,1.5565607e-10,3.112137e-09,9364
IL2RA,FOLR2,FOLR2,FOLR2@FOLR2,T Cell,1.3721443e-06,2.7356053e-05,9364
IL2RA,LRP1,LRP1,LRP1@LRP1,T Cell,1.7148363e-06,3.4438563e-05,9364
IL2RA,SLC11A2,SLC11A2,SLC11A2@SLC11A2,T Cell,2.1851531e-07,4.5848014e-06,9364
IL2RA,SLC11A2,SLC3A2,SLC11A2@SLC3A2,T Cell,2.7483427e-08,5.6498294e-07,9364
IL2RA,SLC3A2,SLC11A2,SLC3A2@SLC11A2,T Cell,4.060644e-09,8.1451965e-08,9364
IL2RA,SLC40A1,SLC40A1,SLC40A1@SLC40A1,T Cell,2.5488334e-05,0.00050326606,9364
IL2RA,SLC7A5,SLC7A5,SLC7A5@SLC7A5,T Cell,-1.7554656e-10,3.578544e-09,9364
IL2RA,SLC6A17,SLC6A17,SLC6A17@SLC6A17,T Cell,-8.799063e-11,1.7674865e-09,9364
IL2RA,SLC22A5,SLCO2B1,SLC22A5@SLCO2B1,T Cell,5.146227e-07,1.064945e-05,9364
IL2RA,SLCO2B1,SLC22A5,SLCO2B1@SLC22A5,T Cell,-1.8724873e-10,3.7507197e-09,9364
IL2RA,SLC29A1,SLC5A3,SLC29A1@SLC5A3,T Cell,-2.0777076e-09,4.3468205e-08,9364
IL2RA,SLC5A3,SLC29A1,SLC5A3@SLC29A1,T Cell,1.2977192e-09,2.6547465e-08,9364
IL2RA,SLC5A3,SLC1A5,SLC5A3@SLC1A5,T Cell,-1.2560216e-09,2.5703772e-08,9364
IL2RA,SLC5A3,SLC5A3,SLC5A3@SLC5A3,T Cell,-1.4342023e-09,2.920691e-08,9364
IL2RA,SLC1A5,SLC1A5,SLC1A5@SLC1A5,T Cell,1.1008578e-09,2.290159e-08,9364
IL2RA,SLC1A5,SLC29A1,SLC1A5@SLC29A1,T Cell,6.891875e-09,1.3843815e-07,9364
IL2RA,SLC29A1,SLC1A5,SLC29A1@SLC1A5,T Cell,-8.770082e-09,1.7642772e-07,9364
IL2RA,ABCC1,SLCO2B1,ABCC1@SLCO2B1,T Cell,8.390291e-06,0.00016631532,9364
IL2RA,SLCO2B1,ABCC1,SLCO2B1@ABCC1,T Cell,3.1074728e-07,6.3263255e-06,9364
IL2RA,ABCC2,SLCO2B1,ABCC2@SLCO2B1,T Cell,3.3383444e-07,6.685713e-06,9364
IL2RA,ABCC3,SLCO2B1,ABCC3@SLCO2B1,T Cell,1.273667e-07,2.6151163e-06,9364
IL2RA,ABCC4,SLCO2B1,ABCC4@SLCO2B1,T Cell,1.2648183e-06,2.5437947e-05,9364
IL2RA,ABCA1,ABCA1,ABCA1@ABCA1,other,-2.7294582e-05,5.765186e-05,103187
IL2RA,SLC16A4,SLCO2B1,SLC16A4@SLCO2B1,other,0.00024714018,0.00051483983,103187
IL2RA,SLCO2B1,SLC16A4,SLCO2B1@SLC16A4,other,-3.3049895e-07,7.4986986e-07,103187
IL2RA,SLCO2B1,SLCO2B1,SLCO2B1@SLCO2B1,other,0.0017048514,0.0034946695,103187
IL2RA,SLC16A4,SLC16A4,SLC16A4@SLC16A4,other,-1.0191012e-09,2.1348714e-09,103187
IL2RA,SLC29A1,SLC29A1,SLC29A1@SLC29A1,other,3.9292163e-06,8.511664e-06,103187
IL2RA,CD38,CD38,CD38@CD38,other,5.0796625e-06,1.1318648e-05,103187
IL2RA,TAP1,TAP1,TAP1@TAP1,other,-9.551528e-06,2.2624796e-05,103187
IL2RA,ATP7A,TAP1,ATP7A@TAP1,other,-6.142504e-07,1.3255752e-06,103187
IL2RA,SLC39A8,SLC39A8,SLC39A8@SLC39A8,other,-1.4892499e-06,3.2559888e-06,103187
IL2RA,CLCN3,CLCN3,CLCN3@CLCN3,other,-2.08594e-07,4.5711155e-07,103187
IL2RA,CD36,CD36,CD36@CD36,other,-3.8980295e-05,8.944237e-05,103187
IL2RA,SLC2A1,SLC2A3,SLC2A1@SLC2A3,other,-9.549367e-05,0.00021410604,103187
IL2RA,SLC2A3,SLC2A1,SLC2A3@SLC2A1,other,-7.505854e-05,0.00016533217,103187
IL2RA,SLC2A3,SLC2A3,SLC2A3@SLC2A3,other,-0.00026592627,0.00055018894,103187
IL2RA,SLC2A1,SLC2A1,SLC2A1@SLC2A1,other,-2.2046424e-05,4.6696077e-05,103187
IL2RA,ABCB1,SLCO2B1,ABCB1@SLCO2B1,other,2.24447e-05,4.8464895e-05,103187
IL2RA,MSR1,MSR1,MSR1@MSR1,other,-5.443502e-05,0.00015399813,103187
IL2RA,CPT1A,CD36,CPT1A@CD36,other,2.409364e-05,5.50747e-05,103187
IL2RA,CD36,MSR1,CD36@MSR1,other,-3.5467558e-05,8.352498e-05,103187
IL2RA,MSR1,CD36,MSR1@CD36,other,-7.475692e-05,0.00018117395,103187
IL2RA,CPT1A,MSR1,CPT1A@MSR1,other,8.4734595e-05,0.00019194037,103187
IL2RA,MSR1,CPT1A,MSR1@CPT1A,other,-3.3182214e-06,7.3029914e-06,103187
IL2RA,ABCC3,FOLR2,ABCC3@FOLR2,other,1.2655687e-08,2.6862907e-08,103187
IL2RA,FOLR2,FOLR2,FOLR2@FOLR2,other,9.928561e-05,0.00021141092,103187
IL2RA,LRP1,LRP1,LRP1@LRP1,other,0.000118534685,0.00025360676,103187
IL2RA,SLC11A2,SLC11A2,SLC11A2@SLC11A2,other,1.3451139e-05,3.1202148e-05,103187
IL2RA,SLC11A2,SLC3A2,SLC11A2@SLC3A2,other,1.7901245e-06,4.102041e-06,103187
IL2RA,SLC3A2,SLC11A2,SLC3A2@SLC11A2,other,3.179747e-07,6.7394706e-07,103187
IL2RA,SLC40A1,SLC40A1,SLC40A1@SLC40A1,other,0.0018715222,0.003844102,103187
IL2RA,SLC7A5,SLC7A5,SLC7A5@SLC7A5,other,-1.1552033e-08,2.62635e-08,103187
IL2RA,SLC6A17,SLC6A17,SLC6A17@SLC6A17,other,-5.5301146e-09,1.2124334e-08,103187
IL2RA,SLC22A5,SLCO2B1,SLC22A5@SLCO2B1,other,4.0186107e-05,8.786871e-05,103187
IL2RA,SLCO2B1,SLC22A5,SLCO2B1@SLC22A5,other,-1.5244886e-08,3.248159e-08,103187
IL2RA,SLC29A1,SLC5A3,SLC29A1@SLC5A3,other,-1.3498116e-07,3.2097276e-07,103187
IL2RA,SLC5A3,SLC29A1,SLC5A3@SLC29A1,other,8.5610985e-08,1.9887172e-07,103187
IL2RA,SLC5A3,SLC1A5,SLC5A3@SLC1A5,other,-8.444946e-08,1.8323189e-07,103187
IL2RA,SLC5A3,SLC5A3,SLC5A3@SLC5A3,other,-1.2343868e-07,2.6378905e-07,103187
IL2RA,SLC1A5,SLC1A5,SLC1A5@SLC1A5,other,9.504351e-08,2.1500007e-07,103187
IL2RA,SLC1A5,SLC29A1,SLC1A5@SLC29A1,other,5.228062e-07,1.113135e-06,103187
IL2RA,SLC29A1,SLC1A5,SLC29A1@SLC1A5,other,-6.5069526e-07,1.3893534e-06,103187
IL2RA,ABCC1,SLCO2B1,ABCC1@SLCO2B1,other,0.0005991159,0.0012533042,103187
IL2RA,SLCO2B1,ABCC1,SLCO2B1@ABCC1,other,2.3376822e-05,5.0982107e-05,103187
IL2RA,ABCC2,SLCO2B1,ABCC2@SLCO2B1,other,2.4999443e-05,5.268741e-05,103187
IL2RA,ABCC3,SLCO2B1,ABCC3@SLCO2B1,other,1.1127251e-05,2.3577582e-05,103187
IL2RA,ABCC4,SLCO2B1,ABCC4@SLCO2B1,other,9.241351e-05,0.00019741937,103187
