,Cell Type 1,Cell Type 2,metabolite,C_p,Z,Z_pval,Z_FDR,C_np,pval_np,FDR_np,selected
20,T Cell,T Cell,Adenosine diphosphate ribose,167.48857,1.8032472503315466,0.03567469642664291,0.07361169067546318,1582.0461,0.002997002997002997,0.0063705139082023505,True
21,T Cell,T Cell,Adenosine triphosphate,95.2063,0.4584065146418121,0.3233302060806797,0.4973406442622818,8417.138,0.002997002997002997,0.0063705139082023505,True
78,T Cell,T Cell,Iron,567.95166,2.3111729949527775,0.01041165068223837,0.022585273018394,3341.8247,0.000999000999000999,0.002247752247752248,True
119,T Cell,T Cell,Sodium,320.51248,0.735704999729537,0.2309551231535938,0.37146014104171166,3066.373,0.001998001998001998,0.004334127411050488,True
145,T Cell,other,25-Hydroxycholesterol,843.09204,4.314029425503733,8.015279785647033e-06,2.145862879321959e-05,6179.653,0.000999000999000999,0.002247752247752248,True
157,T Cell,other,Acetate,1530.6509,3.5026702734960216,0.00023030963591843517,0.0005730645646676358,15467.499,0.000999000999000999,0.002247752247752248,True
159,T Cell,other,Adenine,86.59233,0.44308550608099556,0.328851944189795,0.5040013492474031,236.39516,0.007992007992007992,0.014958492834599029,True
160,T Cell,other,Adenosine,918.46106,4.699686207916928,1.3028077292594132e-06,3.578491360238518e-06,5569.8896,0.000999000999000999,0.002247752247752248,True
161,T Cell,other,Adenosine diphosphate ribose,1065.455,5.451841327349838,2.4925463683974805e-08,7.695964334541126e-08,4547.6235,0.000999000999000999,0.002247752247752248,True
162,T Cell,other,Adenosine triphosphate,1526.3307,3.4927841506691615,0.00023900636256984537,0.0005912262653043544,39699.098,0.000999000999000999,0.002247752247752248,True
166,T Cell,other,Bilirubin,305.22443,1.5618071245495833,0.059166716455139774,0.11917867171678155,181.23767,0.013986013986013986,0.025174825174825173,True
168,T Cell,other,Cadmium,1213.4636,6.209188940149858,2.662937912430332e-10,8.2825201246914e-10,1466.0435,0.000999000999000999,0.002247752247752248,True
174,T Cell,other,Chloride,1050.7124,2.6882024743065087,0.003591891128527217,0.00812497298057226,6364.911,0.016983016983016984,0.03043989908396688,True
176,T Cell,other,Cholesterol,842.8027,2.4898511851740004,0.00638982963151072,0.014151298084445207,1794.9907,0.000999000999000999,0.002247752247752248,True
179,T Cell,other,Citric acid,807.1471,4.130102228418151,1.8130098075828536e-05,4.79314467879717e-05,8122.845,0.000999000999000999,0.002247752247752248,True
185,T Cell,other,Cytidine,918.46106,4.699686207916928,1.3028077292594132e-06,3.578491360238518e-06,5569.8896,0.000999000999000999,0.002247752247752248,True
198,T Cell,other,Estradiol,1260.5815,3.7240750985416113,9.801628518167665e-05,0.00024679100376100724,11323.728,0.000999000999000999,0.002247752247752248,True
201,T Cell,other,Ethanol,1050.792,3.104303972781085,0.0009536363386037546,0.0022286639294441337,6096.475,0.000999000999000999,0.002247752247752248,True
202,T Cell,other,Fatty acid,5018.331,10.483149910425068,5.1623270460390854e-26,1.7610196294149462e-25,24432.414,0.000999000999000999,0.002247752247752248,True
203,T Cell,other,Folic acid,508.52905,1.06230263319144,0.14404915969816579,0.26608207228089137,614.93823,0.000999000999000999,0.002247752247752248,True
204,T Cell,other,Folinic acid,681.0111,2.0118781880972807,0.02211638959897175,0.04748849137241142,433.01294,0.001998001998001998,0.004334127411050488,True
205,T Cell,other,Fusidic Acid,305.22443,1.5618071245495833,0.059166716455139774,0.11917867171678155,181.23767,0.013986013986013986,0.025174825174825173,True
212,T Cell,other,Guanosine,918.46106,4.699686207916928,1.3028077292594132e-06,3.578491360238518e-06,5569.8896,0.000999000999000999,0.002247752247752248,True
213,T Cell,other,Heme,906.41205,3.2795841997792765,0.0005198009136088785,0.0012492942412304297,2740.0708,0.000999000999000999,0.002247752247752248,True
218,T Cell,other,Inosine,918.46106,4.699686207916928,1.3028077292594132e-06,3.578491360238518e-06,5569.8896,0.000999000999000999,0.002247752247752248,True
219,T Cell,other,Iron,5540.8726,10.716112270143917,4.2761506300313034e-27,1.4705786313034484e-26,24529.291,0.000999000999000999,0.002247752247752248,True
223,T Cell,other,L-Arginine,741.23193,3.7928200209248613,7.447305611992562e-05,0.0001897717032453526,3765.3545,0.003996003996003996,0.008245413123461904,True
232,T Cell,other,L-Histidine,741.23193,3.7928200209248613,7.447305611992562e-05,0.0001897717032453526,3765.3545,0.003996003996003996,0.008245413123461904,True
233,T Cell,other,L-Isoleucine,147.39041,0.7541840520179836,0.225369356222351,0.36525378422243093,244.87717,0.012987012987012988,0.023781413391803004,True
234,T Cell,other,L-Lactate,1275.1708,3.7671753653263993,8.255251375942643e-05,0.00020910007976190047,5021.204,0.003996003996003996,0.008245413123461904,True
236,T Cell,other,L-Methionine,888.6223,3.215217303641896,0.0006517290481210821,0.001548771839074257,4010.2317,0.003996003996003996,0.008245413123461904,True
237,T Cell,other,L-Phenylalanine,888.6223,3.215217303641896,0.0006517290481210821,0.001548771839074257,4010.2317,0.003996003996003996,0.008245413123461904,True
240,T Cell,other,L-Tyrosine,741.23193,3.7928200209248613,7.447305611992562e-05,0.0001897717032453526,3765.3545,0.003996003996003996,0.008245413123461904,True
241,T Cell,other,L-Valine,147.39041,0.7541840520179836,0.225369356222351,0.36525378422243093,244.87717,0.012987012987012988,0.023781413391803004,True
245,T Cell,other,Manganese,1213.4636,6.209188940149858,2.662937912430332e-10,8.2825201246914e-10,1466.0435,0.000999000999000999,0.002247752247752248,True
250,T Cell,other,Neurotransmitter,658.9795,1.9467912496366784,0.025779883228423516,0.05425318709265247,2364.745,0.000999000999000999,0.002247752247752248,True
251,T Cell,other,Nicotinate,1283.668,2.9374860702347227,0.0016544251819200736,0.0038033796301749517,10336.637,0.000999000999000999,0.002247752247752248,True
255,T Cell,other,Oxalic acid,807.1471,4.130102228418151,1.8130098075828536e-05,4.79314467879717e-05,8122.845,0.000999000999000999,0.002247752247752248,True
264,T Cell,other,Taurocholic acid,2160.4631,2.536168903008916,0.005603633267981461,0.012541464933101366,25516.64,0.000999000999000999,0.002247752247752248,True
267,T Cell,other,Thymidine,918.46106,4.699686207916928,1.3028077292594132e-06,3.578491360238518e-06,5569.8896,0.000999000999000999,0.002247752247752248,True
271,T Cell,other,Uridine,918.46106,4.699686207916928,1.3028077292594132e-06,3.578491360238518e-06,5569.8896,0.000999000999000999,0.002247752247752248,True
277,T Cell,other,Vitamin D3,792.2487,4.053868518058196,2.5188769090805375e-05,6.577067484821403e-05,1638.4408,0.000999000999000999,0.002247752247752248,True
279,T Cell,other,Zinc,1210.7177,4.380624118015888,5.916993025987043e-06,1.594196210186318e-05,1466.0435,0.000999000999000999,0.002247752247752248,True
281,T Cell,other,alpha-Tocopherol,522.27924,2.672457907476478,0.0037648910249336864,0.008471004806100794,930.8636,0.002997002997002997,0.0063705139082023505,True
282,other,other,"(3a,5b,7a)-23-Carboxy-7-hydroxy-24-norcholan-3-yl-b-D-Glucopyranosiduronic acid",21105.04,30.5621485740436,1.9497726367505256e-205,1.1616251061203837e-204,71.91935,0.000999000999000999,0.002247752247752248,True
283,other,other,17a-Ethynylestradiol,43242.434,31.309624120611637,1.7256989006907375e-215,1.4313149705729058e-214,17618.08,0.000999000999000999,0.002247752247752248,True
284,other,other,"1b,3a,12a-Trihydroxy-5b-cholanoic acid",21105.04,30.5621485740436,1.9497726367505256e-205,1.1616251061203837e-204,71.91935,0.000999000999000999,0.002247752247752248,True
285,other,other,2-Hydroxychlorpropamide,56753.1,58.112870127060965,0.0,0.0,12643.02,0.000999000999000999,0.002247752247752248,True
286,other,other,25-Hydroxycholesterol,34313.04,49.688616768230006,0.0,0.0,224234.95,0.000999000999000999,0.002247752247752248,True
287,other,other,"3',4'-Dihydrodiol",35679.734,25.833862231240794,1.8472024744467153e-147,9.646501810999513e-147,17703.885,0.000999000999000999,0.002247752247752248,True
288,other,other,3-Sulfodeoxycholic acid,21105.04,30.5621485740436,1.9497726367505256e-205,1.1616251061203837e-204,71.91935,0.000999000999000999,0.002247752247752248,True
289,other,other,"3alpha,7alpha-Dihydroxycoprostanic acid",21105.04,30.5621485740436,1.9497726367505256e-205,1.1616251061203837e-204,71.91935,0.000999000999000999,0.002247752247752248,True
290,other,other,3b-Hydroxy-5-cholenoic acid,21105.04,30.5621485740436,1.9497726367505256e-205,1.1616251061203837e-204,71.91935,0.000999000999000999,0.002247752247752248,True
291,other,other,4'-Hydroxydiclofenac,36603.71,23.704884151650468,1.6054334913499375e-124,7.896492637686321e-124,58390.055,0.000999000999000999,0.002247752247752248,True
292,other,other,4-Hydroxycyclophosphamide,13888.216,20.111486838370947,2.927122953740788e-90,1.2381730094323533e-89,1006.30774,0.000999000999000999,0.002247752247752248,True
293,other,other,4-ene-Valproic acid,17884.936,14.952867135518712,7.459264312734698e-51,2.792273278129891e-50,107205.016,0.000999000999000999,0.002247752247752248,True
294,other,other,5-Hydroxyomeprazole,13888.216,20.111486838370947,2.927122953740788e-90,1.2381730094323533e-89,1006.30774,0.000999000999000999,0.002247752247752248,True
295,other,other,5-Methyltetrahydrofolic acid,16587.12,24.019761256537294,8.644171455132939e-128,4.405403042796666e-127,53.522675,0.008991008991008992,0.016680687733319315,True
296,other,other,8-Hydroxycarvedilol,13888.216,20.111486838370947,2.927122953740788e-90,1.2381730094323533e-89,1006.30774,0.000999000999000999,0.002247752247752248,True
297,other,other,ADP,8760.106,8.969993077736033,1.4826653577274204e-19,4.787537758158006e-19,27092.336,0.000999000999000999,0.002247752247752248,True
298,other,other,Acetate,73027.266,47.29309753615556,0.0,0.0,783722.25,0.000999000999000999,0.002247752247752248,True
299,other,other,Acetyl-L-Carnitine,3471.8503,5.02757685776447,2.483582136891369e-07,7.398276365528515e-07,9254.486,0.000999000999000999,0.002247752247752248,True
300,other,other,Adenine,7129.853,10.324720408594327,2.7238642401799547e-25,9.217556588768967e-25,3285.8005,0.000999000999000999,0.002247752247752248,True
301,other,other,Adenosine,38368.96,55.56198599447867,0.0,0.0,432736.1,0.000999000999000999,0.002247752247752248,True
302,other,other,Adenosine diphosphate ribose,88053.89,127.51059497376066,0.0,0.0,30673.076,0.000999000999000999,0.002247752247752248,True
303,other,other,Adenosine triphosphate,54711.508,35.431652180619345,2.7803404615126786e-275,2.5567043809127456e-274,458963.78,0.000999000999000999,0.002247752247752248,True
304,other,other,Adenosylcobalamin,8442.776,12.225961058270771,1.1294709414554243e-34,4.048866171488512e-34,3588.5828,0.000999000999000999,0.002247752247752248,True
305,other,other,Amiloride-sensitive sodium transport,41260.258,34.49602328342528,4.601014890568596e-261,4.054644372313575e-260,17560.645,0.000999000999000999,0.002247752247752248,True
306,other,other,Anion exchange,12513.394,18.120610525822805,1.0957485353295423e-73,4.4567464465807345e-73,51322.28,0.000999000999000999,0.002247752247752248,True
307,other,other,Bilirubin,7098.3584,10.279113123762173,4.376465023561778e-25,1.4576729960367183e-24,14860.231,0.000999000999000999,0.002247752247752248,True
308,other,other,Butyrate,11708.967,16.955722367293635,8.730110876612473e-65,3.35712445527916e-64,74134.43,0.000999000999000999,0.002247752247752248,True
309,other,other,Cadmium,48583.41,70.35350159892704,0.0,0.0,48981.863,0.000999000999000999,0.002247752247752248,True
310,other,other,Calcidiol,13029.019,13.34118563225656,6.666105185753514e-41,2.473475871555909e-40,3624.296,0.000999000999000999,0.002247752247752248,True
311,other,other,Calcium,8442.776,12.225961058270771,1.1294709414554243e-34,4.048866171488512e-34,3588.5828,0.000999000999000999,0.002247752247752248,True
312,other,other,Calcium release-activated calcium transport,11698.777,9.78087188576285,6.801679059199999e-23,2.2303180170865114e-22,57219.414,0.000999000999000999,0.002247752247752248,True
313,other,other,Chenodeoxycholic acid,21105.04,30.5621485740436,1.9497726367505256e-205,1.1616251061203837e-204,71.91935,0.000999000999000999,0.002247752247752248,True
314,other,other,Chenodeoxycholic acid 3-sulfate,21105.04,30.5621485740436,1.9497726367505256e-205,1.1616251061203837e-204,71.91935,0.000999000999000999,0.002247752247752248,True
315,other,other,Chloride,57524.22,41.65033087209631,0.0,0.0,524773.5,0.000999000999000999,0.002247752247752248,True
316,other,other,Chloride ion,21832.424,18.25320152217866,9.75656951146985e-75,4.006824178011404e-74,33550.164,0.000999000999000999,0.002247752247752248,True
317,other,other,Cholesterol,75279.69,62.93828469443665,0.0,0.0,136200.66,0.000999000999000999,0.002247752247752248,True
318,other,other,Cholic acid,54258.484,27.779241741556067,3.864416398770911e-170,2.0957027393334558e-169,83126.09,0.000999000999000999,0.002247752247752248,True
319,other,other,Choline,15491.174,15.86233259512977,5.776114335224231e-57,2.20116789531518e-56,9281.691,0.000999000999000999,0.002247752247752248,True
320,other,other,Citric acid,26390.6,38.21615415310562,0.0,0.0,208643.67,0.000999000999000999,0.002247752247752248,True
321,other,other,Cobalamin,8442.776,12.225961058270771,1.1294709414554243e-34,4.048866171488512e-34,3588.5828,0.000999000999000999,0.002247752247752248,True
322,other,other,Coprocholic acid,21105.04,30.5621485740436,1.9497726367505256e-205,1.1616251061203837e-204,71.91935,0.000999000999000999,0.002247752247752248,True
323,other,other,Cortisol,13888.216,20.111486838370947,2.927122953740788e-90,1.2381730094323533e-89,1006.30774,0.000999000999000999,0.002247752247752248,True
324,other,other,Creatine,3471.8503,5.02757685776447,2.483582136891369e-07,7.398276365528515e-07,9254.486,0.000999000999000999,0.002247752247752248,True
325,other,other,Cyclic AMP,3238.4348,4.68956847952632,1.3689090010296551e-06,3.7118494066381034e-06,5994.1865,0.000999000999000999,0.002247752247752248,True
326,other,other,Cytidine,38368.96,55.56198599447867,0.0,0.0,432736.1,0.000999000999000999,0.002247752247752248,True
327,other,other,D-Aspartate,20487.627,29.66807580960792,9.914555232049553e-194,5.518232714680211e-193,7549.0034,0.000999000999000999,0.002247752247752248,True
328,other,other,D-Galactose,157528.19,131.70291006154346,0.0,0.0,478659.12,0.000999000999000999,0.002247752247752248,True
329,other,other,D-Glucose,176187.31,114.10044841995436,0.0,0.0,487835.16,0.000999000999000999,0.002247752247752248,True
330,other,other,D-Lactate,11708.967,16.955722367293635,8.730110876612473e-65,3.35712445527916e-64,74134.43,0.000999000999000999,0.002247752247752248,True
331,other,other,D-Maltose,75663.836,109.56859111967988,0.0,0.0,295025.12,0.000999000999000999,0.002247752247752248,True
332,other,other,D-Mannose,157528.19,131.70291006154346,0.0,0.0,478659.12,0.000999000999000999,0.002247752247752248,True
333,other,other,D-Xylose,75663.836,109.56859111967988,0.0,0.0,295025.12,0.000999000999000999,0.002247752247752248,True
334,other,other,Dehydroascorbic acid,157528.19,131.70291006154346,0.0,0.0,478659.12,0.000999000999000999,0.002247752247752248,True
335,other,other,Deoxycholic acid,21105.04,30.5621485740436,1.9497726367505256e-205,1.1616251061203837e-204,71.91935,0.000999000999000999,0.002247752247752248,True
336,other,other,Docosahexaenoic acid,157528.19,131.70291006154346,0.0,0.0,478659.12,0.000999000999000999,0.002247752247752248,True
337,other,other,Dopamine,3471.8503,5.02757685776447,2.483582136891369e-07,7.398276365528515e-07,9254.486,0.000999000999000999,0.002247752247752248,True
338,other,other,E-3179,13888.216,20.111486838370947,2.927122953740788e-90,1.2381730094323533e-89,1006.30774,0.000999000999000999,0.002247752247752248,True
339,other,other,Estradiol,40629.566,33.968727852225506,3.2269871692528855e-253,2.7857460665183074e-252,215259.03,0.000999000999000999,0.002247752247752248,True
340,other,other,Estriol,13888.216,20.111486838370947,2.927122953740788e-90,1.2381730094323533e-89,1006.30774,0.000999000999000999,0.002247752247752248,True
341,other,other,Estrone sulfate,13542.341,19.61062620945936,6.273874814774258e-86,2.601812790832854e-85,157.72209,0.000999000999000999,0.002247752247752248,True
342,other,other,Ethanol,50860.242,42.522179737062174,0.0,0.0,472651.38,0.000999000999000999,0.002247752247752248,True
343,other,other,Fatty acid,176347.47,104.25366405569177,0.0,0.0,441806.66,0.000999000999000999,0.002247752247752248,True
344,other,other,Folic acid,50069.438,29.600211182971435,7.42471122110262e-193,4.0787699305537765e-192,18913.934,0.000999000999000999,0.002247752247752248,True
345,other,other,Folinic acid,12179.692,10.182945388556703,1.18149341834145e-24,3.9044665309252606e-24,29136.41,0.000999000999000999,0.002247752247752248,True
346,other,other,Fusidic Acid,7098.3584,10.279113123762173,4.376465023561778e-25,1.4576729960367183e-24,14860.231,0.000999000999000999,0.002247752247752248,True
347,other,other,GABA,11710.235,16.95755935782082,8.461456212817791e-65,3.35712445527916e-64,137.94775,0.001998001998001998,0.004334127411050488,True
348,other,other,Glucosamine,85372.39,123.62752225550575,0.0,0.0,111515.94,0.000999000999000999,0.002247752247752248,True
349,other,other,Glutathione,18114.41,11.731050847892924,4.417744134590957e-32,1.570340982295777e-31,80368.25,0.000999000999000999,0.002247752247752248,True
350,other,other,Glycerol,13888.216,20.111486838370947,2.927122953740788e-90,1.2381730094323533e-89,1006.30774,0.000999000999000999,0.002247752247752248,True
351,other,other,Glycochenodeoxycholate-3-sulfate,21105.04,30.5621485740436,1.9497726367505256e-205,1.1616251061203837e-204,71.91935,0.000999000999000999,0.002247752247752248,True
352,other,other,Glycyl-glycine,42864.887,62.07252365790241,0.0,0.0,11636.712,0.000999000999000999,0.002247752247752248,True
353,other,other,Guanosine,38368.96,55.56198599447867,0.0,0.0,432736.1,0.000999000999000999,0.002247752247752248,True
354,other,other,Heme,63903.938,65.43503558929957,0.0,0.0,111197.03,0.000999000999000999,0.002247752247752248,True
355,other,other,Histamine,3471.8503,5.02757685776447,2.483582136891369e-07,7.398276365528515e-07,9254.486,0.000999000999000999,0.002247752247752248,True
356,other,other,Hydroxycelecoxib,3238.4348,4.68956847952632,1.3689090010296551e-06,3.7118494066381034e-06,5994.1865,0.000999000999000999,0.002247752247752248,True
357,other,other,Hydroxylansoprazole,13888.216,20.111486838370947,2.927122953740788e-90,1.2381730094323533e-89,1006.30774,0.000999000999000999,0.002247752247752248,True
358,other,other,Hyodeoxycholic acid,21105.04,30.5621485740436,1.9497726367505256e-205,1.1616251061203837e-204,71.91935,0.000999000999000999,0.002247752247752248,True
359,other,other,Inosine,38368.96,55.56198599447867,0.0,0.0,432736.1,0.000999000999000999,0.002247752247752248,True
360,other,other,Iron,121019.62,66.23758306833653,0.0,0.0,727207.0,0.000999000999000999,0.002247752247752248,True
361,other,other,Isoursodeoxycholic acid,21105.04,30.5621485740436,1.9497726367505256e-205,1.1616251061203837e-204,71.91935,0.000999000999000999,0.002247752247752248,True
362,other,other,Ketone bodies,11708.967,16.955722367293635,8.730110876612473e-65,3.35712445527916e-64,74134.43,0.000999000999000999,0.002247752247752248,True
363,other,other,L-Alanine,7780.157,11.26642411717271,9.610942707232086e-30,3.332318659966534e-29,48118.098,0.000999000999000999,0.002247752247752248,True
364,other,other,L-Arginine,27439.176,39.73459440148152,0.0,0.0,246660.83,0.000999000999000999,0.002247752247752248,True
365,other,other,L-Asparagine,7780.157,11.26642411717271,9.610942707232086e-30,3.332318659966534e-29,48118.098,0.000999000999000999,0.002247752247752248,True
366,other,other,L-Aspartate,20487.627,29.66807580960792,9.914555232049553e-194,5.518232714680211e-193,7549.0034,0.000999000999000999,0.002247752247752248,True
367,other,other,L-Carnitine,12394.857,12.691830398161063,3.281686586970828e-37,1.2070899359031828e-36,9409.675,0.000999000999000999,0.002247752247752248,True
368,other,other,L-Cysteine,32955.816,23.861613200620347,3.8361575562961724e-126,1.931779340849144e-125,59098.273,0.000999000999000999,0.002247752247752248,True
369,other,other,L-Cystine,18566.352,15.522571349377928,1.2203560120268778e-54,4.6090231525657975e-54,181906.28,0.000999000999000999,0.002247752247752248,True
370,other,other,L-Dopa,42864.887,62.07252365790241,0.0,0.0,11636.712,0.000999000999000999,0.002247752247752248,True
371,other,other,L-Glutamate,82363.98,33.07983636261955,2.89753740323856e-240,2.4513166431398217e-239,562097.3,0.000999000999000999,0.002247752247752248,True
372,other,other,L-Glutamine,107037.17,46.73432834207935,0.0,0.0,985759.6,0.000999000999000999,0.002247752247752248,True
373,other,other,L-Histidine,27439.176,39.73459440148152,0.0,0.0,246660.83,0.000999000999000999,0.002247752247752248,True
374,other,other,L-Isoleucine,20954.266,30.343813977066624,1.5159633309146788e-202,8.784280670916564e-202,9074.5205,0.000999000999000999,0.002247752247752248,True
375,other,other,L-Lactate,58746.367,49.11544807901583,0.0,0.0,430395.4,0.000999000999000999,0.002247752247752248,True
376,other,other,L-Leucine,92169.05,50.446820446088815,0.0,0.0,864377.1,0.000999000999000999,0.002247752247752248,True
377,other,other,L-Methionine,48393.44,49.552917779231564,0.0,0.0,255735.34,0.000999000999000999,0.002247752247752248,True
378,other,other,L-Phenylalanine,48393.44,49.552917779231564,0.0,0.0,255735.34,0.000999000999000999,0.002247752247752248,True
379,other,other,L-Serine,25163.867,21.038485807474533,1.4576972468945395e-98,7.00688562995898e-98,311321.75,0.000999000999000999,0.002247752247752248,True
380,other,other,L-Threonine,7780.157,11.26642411717271,9.610942707232086e-30,3.332318659966534e-29,48118.098,0.000999000999000999,0.002247752247752248,True
381,other,other,L-Tyrosine,27439.176,39.73459440148152,0.0,0.0,246660.83,0.000999000999000999,0.002247752247752248,True
382,other,other,L-Valine,20954.266,30.343813977066624,1.5159633309146788e-202,8.784280670916564e-202,9074.5205,0.000999000999000999,0.002247752247752248,True
383,other,other,Leukotriene C4,6304.7725,9.129923527082331,3.427384922156566e-20,1.115218324670944e-19,38937.406,0.000999000999000999,0.002247752247752248,True
384,other,other,Lithocholic acid,21105.04,30.5621485740436,1.9497726367505256e-205,1.1616251061203837e-204,71.91935,0.000999000999000999,0.002247752247752248,True
385,other,other,Malic acid,20487.627,29.66807580960792,9.914555232049553e-194,5.518232714680211e-193,7549.0034,0.000999000999000999,0.002247752247752248,True
386,other,other,Manganese,48583.41,70.35350159892704,0.0,0.0,48981.863,0.000999000999000999,0.002247752247752248,True
387,other,other,N-Desmethylcitalopram,30319.48,31.045916122488222,6.476272644788428e-212,5.268198709125971e-211,1116.5283,0.000999000999000999,0.002247752247752248,True
388,other,other,N-Desmethyleletriptan,13888.216,20.111486838370947,2.927122953740788e-90,1.2381730094323533e-89,1006.30774,0.000999000999000999,0.002247752247752248,True
389,other,other,N-Desmethyltamoxifen,13888.216,20.111486838370947,2.927122953740788e-90,1.2381730094323533e-89,1006.30774,0.000999000999000999,0.002247752247752248,True
390,other,other,N-desmethylimatinib,13888.216,20.111486838370947,2.927122953740788e-90,1.2381730094323533e-89,1006.30774,0.000999000999000999,0.002247752247752248,True
391,other,other,Neurotransmitter,56554.97,47.28330898122376,0.0,0.0,342407.6,0.000999000999000999,0.002247752247752248,True
392,other,other,Nicotinate,41171.324,26.66291056231817,6.339792403671195e-157,3.394597704750526e-156,348664.5,0.000999000999000999,0.002247752247752248,True
393,other,other,Norepinephrine,3471.8503,5.02757685776447,2.483582136891369e-07,7.398276365528515e-07,9254.486,0.000999000999000999,0.002247752247752248,True
394,other,other,O-Deethylated candesartan,13888.216,20.111486838370947,2.927122953740788e-90,1.2381730094323533e-89,1006.30774,0.000999000999000999,0.002247752247752248,True
395,other,other,O-Desmethylverapamil (D-702),59464.85,25.963409244223225,6.415803995148469e-149,3.392356362434753e-148,110629.5,0.000999000999000999,0.002247752247752248,True
396,other,other,Oxalic acid,26390.6,38.21615415310562,0.0,0.0,208643.67,0.000999000999000999,0.002247752247752248,True
397,other,other,Phosphate,11515.788,7.457725337144448,4.401446606891613e-14,1.3894118766530987e-13,36518.23,0.000999000999000999,0.002247752247752248,True
398,other,other,Progesterone,41298.027,34.527600852216175,1.545835188272685e-261,1.3912516694454166e-260,40015.633,0.000999000999000999,0.002247752247752248,True
399,other,other,Pyruvate,11708.967,16.955722367293635,8.730110876612473e-65,3.35712445527916e-64,74134.43,0.000999000999000999,0.002247752247752248,True
400,other,other,Serotonin,16431.266,23.79407021250688,1.9234385458428218e-125,9.571935351664865e-125,110.22053,0.000999000999000999,0.002247752247752248,True
401,other,other,Sodium,196116.97,60.54824421827782,0.0,0.0,1.328776e+06,0.000999000999000999,0.002247752247752248,True
402,other,other,Sodium_calcium_potassium exchange,5292.548,7.6641238756147585,9.002802369844285e-15,2.863297295070776e-14,682.74805,0.000999000999000999,0.002247752247752248,True
403,other,other,Sodium_hydrogen exchange,2842.2202,4.115811215935995,1.9291000507497878e-05,5.068380878678014e-05,11641.21,0.000999000999000999,0.002247752247752248,True
404,other,other,Sulfolithocholic acid,21105.04,30.5621485740436,1.9497726367505256e-205,1.1616251061203837e-204,71.91935,0.000999000999000999,0.002247752247752248,True
405,other,other,Taurocholic acid,107536.555,35.72539506506778,7.975046358498776e-280,7.49654357698885e-279,604821.6,0.000999000999000999,0.002247752247752248,True
406,other,other,Testosterone,34993.254,35.831670227532776,1.774586511255594e-281,1.706022941502537e-280,1078.227,0.000999000999000999,0.002247752247752248,True
407,other,other,Thiamine,508.36725,0.7361652036700272,0.23081508275170204,0.37146014104171166,726.7012,0.02097902097902098,0.03713023378295345,True
408,other,other,Thymidine,38368.96,55.56198599447867,0.0,0.0,432736.1,0.000999000999000999,0.002247752247752248,True
409,other,other,Thyroxine,13542.341,19.61062620945936,6.273874814774258e-86,2.601812790832854e-85,157.72209,0.000999000999000999,0.002247752247752248,True
410,other,other,Trihydroxycoprostanoic acid,21105.04,30.5621485740436,1.9497726367505256e-205,1.1616251061203837e-204,71.91935,0.000999000999000999,0.002247752247752248,True
411,other,other,Urea,29109.004,24.33685414837875,3.9940293384635473e-131,2.0603346465488785e-130,9168.271,0.000999000999000999,0.002247752247752248,True
412,other,other,Uridine,38368.96,55.56198599447867,0.0,0.0,432736.1,0.000999000999000999,0.002247752247752248,True
413,other,other,Ursocholic acid,21105.04,30.5621485740436,1.9497726367505256e-205,1.1616251061203837e-204,71.91935,0.000999000999000999,0.002247752247752248,True
414,other,other,Ursodeoxycholic acid,21105.04,30.5621485740436,1.9497726367505256e-205,1.1616251061203837e-204,71.91935,0.000999000999000999,0.002247752247752248,True
415,other,other,Ursodeoxycholic acid 3-sulfate,21105.04,30.5621485740436,1.9497726367505256e-205,1.1616251061203837e-204,71.91935,0.000999000999000999,0.002247752247752248,True
416,other,other,Varanic acid,21105.04,30.5621485740436,1.9497726367505256e-205,1.1616251061203837e-204,71.91935,0.000999000999000999,0.002247752247752248,True
417,other,other,Vitamin C,6165.3574,8.928036995403033,2.1681732041590335e-19,6.948009586055085e-19,32108.025,0.000999000999000999,0.002247752247752248,True
418,other,other,Vitamin D3,60216.066,87.19871887478475,0.0,0.0,134419.58,0.000999000999000999,0.002247752247752248,True
419,other,other,Water,80862.73,41.400073277683305,0.0,0.0,48197.312,0.000999000999000999,0.002247752247752248,True
420,other,other,Zinc,62628.027,64.12855542940383,0.0,0.0,49161.773,0.000999000999000999,0.002247752247752248,True
421,other,other,alpha-Ketoisovaleric acid,11708.967,16.955722367293635,8.730110876612473e-65,3.35712445527916e-64,74134.43,0.000999000999000999,0.002247752247752248,True
422,other,other,alpha-Tocopherol,16249.665,23.531094907314632,9.803049327654755e-123,4.7663101903424847e-122,97196.305,0.000999000999000999,0.002247752247752248,True
