,Gene 1,Gene 2,C_p,Z,Z_pval,Z_FDR,C_norm_p,C_np,pval_np,FDR_np,C_norm_np,selected
0,SLC2A4,SLC2A4,78455.08269217267,49.393173998932156,0.0,0.0,0.020329841638203318,676.8825210064363,0.000999001,0.0024022219885635925,0.017195229643142157,True
3,SLC2A9,SLC2A9,13133.071837670348,8.268222786326184,6.798531562791696e-17,2.9460303438764016e-16,0.008038996736187225,3868.615234300155,0.000999001,0.0024022219885635925,0.02427504041943941,True
7,SLC2A1,SLC2A1,56882.08427183311,35.8114043023102,3.669622913935545e-281,4.770509788116208e-280,0.0453224742925836,55562.66191204668,0.000999001,0.0024022219885635925,0.11084591078981866,True
8,SLC2A3,SLC2A9,22588.29424452903,6.508880590107307,3.78564377340418e-11,1.3936529289700345e-10,0.01035919970391172,77441.5874106655,0.000999001,0.0024022219885635925,0.019362944407414998,True
11,SLC2A3,SLC2A3,276396.99670451885,174.01198854858418,0.0,0.0,0.1267582073895213,1039080.1379009197,0.000999001,0.0024022219885635925,0.25980421654235974,True
12,SLC2A1,SLC2A9,5266.037272098769,2.128936028692488,0.01662977671619457,0.03699458349698899,0.0041958701398476725,15292.741450689085,0.000999001,0.0024022219885635925,0.030508578895269187,True
15,SLC7A7,SLC7A7,88414.70360782708,55.66347889148441,0.0,0.0,0.0683365371346507,151332.38747958472,0.000999001,0.0024022219885635925,0.1575688701408532,True
16,SLC38A7,SLC3A2,6153.665679625918,2.7856571183407435,0.0026709672246575276,0.00669350822564778,0.006444902700986039,109382.54824554917,0.000999001,0.0024022219885635925,0.37239272473926727,True
17,SLC38A7,SLC7A5,3547.1707779854833,1.425092323355062,0.07706525770649345,0.15562692818398677,0.0037150491622559394,24350.461251256245,0.000999001,0.0024022219885635925,0.08290110954132246,True
18,SLC1A5,SLC1A5,35983.030718445414,22.653931858801226,6.380045022461163e-114,6.319282688913913e-113,0.03054467398546931,318771.106676387,0.000999001,0.0024022219885635925,0.20035773390638245,True
19,SLC1A5,SLC38A7,4591.044251325523,2.10699612925144,0.01755895754758414,0.038853863509547885,0.0038971689462976846,135110.1423606138,0.000999001,0.0024022219885635925,0.08492100251301272,True
20,SLC3A2,SLC7A5,23718.027514181907,9.528827635071117,7.953470085869672e-22,3.803038569795153e-21,0.018967829317383472,88790.82026603482,0.000999001,0.0024022219885635925,0.07050982766486152,True
22,SLC7A5,SLC7A7,1183.5650529066843,0.4755027532242336,0.31721433565212753,0.5408244411118239,0.0007265582151603741,41257.830591750855,0.000999001,0.0024022219885635925,0.14208743418693884,True
23,SLC38A7,SLC38A7,4122.637859751274,2.595500025667499,0.004722669794703726,0.011422271131376454,0.004317751607057321,17622.476484387807,0.000999001,0.0024022219885635925,0.05999569529083329,True
24,SLC1A5,SLC3A2,18512.651042478294,8.380354221481332,2.638432622957126e-17,1.180202119516306e-16,0.015714709945468648,454288.51554387703,0.000999001,0.0024022219885635925,0.28553471631438776,True
25,SLC38A7,SLC7A7,-199.13726157331234,-0.08234671658705166,0.5328144969642079,0.7944474219968118,-0.00020856191119222834,61441.8935998697,0.000999001,0.0024022219885635925,0.20917883645782265,True
26,SLC3A2,SLC3A2,24380.305176037393,15.349173238806927,1.7936449182500693e-53,1.2435938099867149e-52,0.019497467359302405,192199.3859976115,0.000999001,0.0024022219885635925,0.1526277777745434,True
27,SLC3A2,SLC7A7,1670.1218141521908,0.6906243794319313,0.2449008113120652,0.44683656800797855,0.001335633222076995,204700.91105051828,0.000999001,0.0024022219885635925,0.16255538486711577,True
28,SLC7A5,SLC7A5,23424.05746800758,14.747145839076598,1.6047689650166017e-49,1.0943998187654201e-48,0.014379388225407025,13897.392251465762,0.000999001,0.0024022219885635925,0.04786109154500791,True
29,SLC1A5,SLC7A5,15121.12782312536,6.074983283845372,6.200031884488475e-10,2.167406104157316e-09,0.012835770373650385,108325.65736413829,0.000999001,0.0024022219885635925,0.06808610560627605,True
30,SLC43A2,SLC7A11,2352.600990001646,1.033191970509257,0.15075703487891456,0.28768314912673604,0.0017308246490470105,2104.9352605478116,0.002997003,0.006926407002740436,0.004248693750315419,True
31,SLC1A5,SLC7A11,22.890247948546858,0.010142213409239348,0.4959539116207905,0.7557392938983474,1.9430691275165835e-05,7753.46026355762,0.000999001,0.0024022219885635925,0.00487329527615139,True
32,SLC7A11,SLC7A11,8906.554593962068,5.6073231420409595,1.027399027874307e-08,3.503262258981243e-08,0.006465882573616245,213.98357869292425,0.000999001,0.0024022219885635925,0.010512717811736738,True
33,SLC1A5,SLC43A2,-15821.875882690372,-6.948494534289181,0.9999999999981539,1.0,-0.013430609679790083,143259.50875071838,0.000999001,0.0024022219885635925,0.09004313732541208,True
34,SLC43A2,SLC43A2,17768.718373151623,11.186699041369602,2.368717636417588e-29,1.2317331709371456e-28,0.013072567712472062,30598.24869084586,0.000999001,0.0024022219885635925,0.06176084862085517,True
35,SLC43A2,SLC7A5,-4895.398608590531,-1.9667491117604061,0.9753939290424114,1.0,-0.0036015782594110875,24903.26080290735,0.000999001,0.0024022219885635925,0.05026583502062252,True
36,SLC16A1,SLC16A1,12772.080649617455,8.040952608898195,4.457136558389978e-16,1.8728977861517485e-15,0.005070185890917253,1060.5222656630774,0.000999001,0.0024022219885635925,0.010144906382516935,True
37,SLC16A4,SLC16A4,34630.38783085049,21.802344897029283,1.102151746699048e-105,1.0188780591706755e-104,0.037447035285523254,163209.1708430599,0.000999001,0.0024022219885635925,0.1810845441330441,True
41,SLCO2B1,SLCO2B1,138939.81307374762,87.47270574498295,0.0,0.0,0.10002947395148219,505566.9484491469,0.000999001,0.0024022219885635925,0.21447574373081937,True
42,SLC22A5,SLC22A5,11421.029404349323,7.190367701597337,3.2308531428865136e-13,1.2679574598498017e-12,0.010280138072101217,23957.12523456125,0.000999001,0.0024022219885635925,0.06774522362132597,True
43,SLC16A1,SLCO2B1,37305.115117446374,12.234577973224395,1.0157900673767832e-34,6.036695257553454e-34,0.014809166455833933,35235.637271056126,0.000999001,0.0024022219885635925,0.33706245782561706,True
44,SLC3A2,SLC7A11,8549.513219683115,3.788119194429427,7.589601365077782e-05,0.0002090910044948581,0.006837234141865209,6965.450093716689,0.000999001,0.0024022219885635925,0.005531345292729889,True
48,SLC1A3,SLC3A2,-1585.0003739664935,-0.6775440146400802,0.7509695731416619,0.9872972084191044,-0.0011180151452579105,34973.97280352081,0.000999001,0.0024022219885635925,0.20785935382789048,True
49,SLC1A2,SLC1A5,1051.2931807578352,0.43794993510765,0.3307112880826519,0.5569874325602558,0.0006974060632587999,15265.971916018842,0.000999001,0.0024022219885635925,0.3536558692864671,True
50,SLC1A1,SLC3A2,12330.734276536092,5.58190832913254,1.1894688241114334e-08,4.022918949840295e-08,0.010877300996003971,67192.2122039397,0.000999001,0.0024022219885635925,0.29367365249145855,True
51,SLC1A1,SLC1A1,39122.35481170805,24.63036443469897,2.987438051468608e-134,3.186600588233182e-133,0.03451097229215092,14836.011132005115,0.000999001,0.0024022219885635925,0.06484301431117963,True
52,SLC1A2,SLC1A2,17280.373512499777,10.879250475311721,7.237412646454152e-28,3.67166300112796e-27,0.011463440915983789,560.2249775458422,0.000999001,0.0024022219885635925,0.012978331973876388,True
53,SLC1A2,SLC7A11,7301.223961585047,3.0415593087720687,0.0011767809692740533,0.003051284573684772,0.004843480347080048,364.00932411603816,0.000999001,0.0024022219885635925,0.00843274405696725,True
54,SLC1A3,SLC1A3,25638.867602033293,16.141529715437542,6.513610025032683e-59,4.671830638644131e-58,0.018084943547743006,6240.330805013821,0.000999001,0.0024022219885635925,0.037087897794438524,True
57,SLC1A1,SLC1A5,17565.277678284143,8.061340743271188,3.7731079518831236e-16,1.601645824472836e-15,0.015494844678362426,87752.43554347707,0.000999001,0.0024022219885635925,0.3835351957583439,True
60,SLC1A1,SLC1A2,-2971.1749878803103,-1.2377383559148105,0.8920934539309708,1.0,-0.0026209602713173825,2005.3741150128508,0.0099900095,0.02175834525318046,0.00876478868086917,True
61,SLC1A1,SLC7A11,3943.646616674422,1.7473513474752844,0.040288205661410795,0.08485254165210744,0.003478805909642118,1498.142875292399,0.000999001,0.0024022219885635925,0.006547858385817186,True
63,SLC16A1,SLC1A3,14343.85727097419,4.7042085158038836,1.2742634090917313e-06,3.926619097645631e-06,0.005694140583022582,3543.213718897119,0.000999001,0.0024022219885635925,0.033894216684820344,True
64,SLC1A2,SLC3A2,-2228.1050084366807,-0.928188693428469,0.8233451508093722,1.0,-0.0014780785901615957,11431.784815069745,0.000999001,0.0024022219885635925,0.26483199487790376,True
66,SLC3A1,SLC7A11,5782.2192030366205,2.1854994300733037,0.014426123846492465,0.03226487914054229,0.0031428524597341494,207.94629239711242,0.003996004,0.009083812109759597,0.009499679815244678,True
67,SLC3A1,SLC3A2,18692.929339039376,7.065347227828429,8.010743157705516e-13,3.1144571529023316e-12,0.010160306430787604,7018.899276209543,0.000999001,0.0024022219885635925,0.3206467160862406,True
68,SLC3A1,SLC3A1,23420.782408253865,14.745083951041797,1.654540299257203e-49,1.1101431685338653e-48,0.012730071451117342,533.7449687911324,0.000999001,0.0024022219885635925,0.02438324938648403,True
69,SLC39A8,SLC39A8,127886.15419535001,80.51362447745399,0.0,0.0,0.08193323198717743,324733.62809823593,0.000999001,0.0024022219885635925,0.196522609505815,True
71,SLC30A8,SLC39A8,-1391.4917814764485,-0.5063206940482056,0.6936842310530911,0.9523849508847719,-0.001241230019859818,4240.844236892623,0.000999001,0.0024022219885635925,0.40472276327333745,True
73,SLC3A2,SLC40A1,-12915.648551978506,-5.641002474874834,0.9999999915468534,1.0,-0.010328928791011622,1489402.5757522462,0.000999001,0.0024022219885635925,1.1827519852304387,True
74,SLC11A1,SLC11A1,19910.410028560073,12.535049523679456,2.4003073916277816e-36,1.4903401118166523e-35,0.018045143518497606,2666.8749455347643,0.000999001,0.0024022219885635925,0.03607900840640212,True
75,SLC11A2,SLC40A1,1268.9343612964374,0.5542162163765598,0.2897154407639568,0.5042745747188537,0.0012152060752877968,2619458.0420189765,0.000999001,0.0024022219885635925,1.1752016192175776,True
76,CUBN,SLC11A2,6910.918551297327,2.4983996223364495,0.006237773406314805,0.014660529587722931,0.003362148466933234,35245.70311527407,0.000999001,0.0024022219885635925,0.39486503966272263,True
77,SLC11A1,SLC11A2,-6391.342975959739,-3.1054011194487656,0.9990498942880723,1.0,-0.005792582930823549,31233.552913194915,0.000999001,0.0024022219885635925,0.4225453540683374,True
79,CUBN,CUBN,11912.576743632624,7.499832460600828,3.1949726823367806e-14,1.290396733836991e-13,0.005795445473497924,1231.7723956337336,0.000999001,0.0024022219885635925,0.01379980573139941,True
80,SLC11A2,SLC11A2,21816.298117914717,13.734944530983785,3.13520376552041e-43,2.0378824475882665e-42,0.02089256845885534,561517.1249451344,0.000999001,0.0024022219885635925,0.25192074996753855,True
81,CUBN,SLC40A1,-24584.82039856176,-8.887777441313613,1.0,1.0,-0.011960467425467873,77946.45434707186,0.014985015,0.03196803132692973,0.8732505544480695,True
82,SLC11A1,SLC3A2,507.28646317314565,0.22963973357455403,0.40918586445894567,0.6496996931867229,0.00045976235646677375,19998.85897882431,0.000999001,0.0024022219885635925,0.2705559937947406,True
83,SLC11A2,SLC3A2,5747.15568866381,2.601637135950497,0.004638998126140887,0.011351901296909465,0.005503813846883091,614319.6521786494,0.000999001,0.0024022219885635925,0.2756102363071551,True
84,SLC40A1,SLC40A1,141858.3552388419,89.31014005818525,0.0,0.0,0.1590928361098204,3665328.3187269745,0.000999001,0.0024022219885635925,0.490462319607247,True
89,SLC16A9,SLC22A5,15816.574659344857,5.305810615165193,5.608668738473467e-08,1.851750948575367e-07,0.006929742799098287,8355.516653688823,0.000999001,0.0024022219885635925,0.08452896636055733,True
90,SLC22A4,SLC22A4,614612.7524692123,386.94337680818165,0.0,0.0,0.3437541550537574,109465.68926139286,0.000999001,0.0024022219885635925,0.37026553962376746,True
92,SLCO1B1,SLCO1B1,13785.380096577162,8.678898222862808,1.9981055133902654e-18,9.034911886634244e-18,0.004855767487390815,84.53317470118711,0.006993007,0.015392015219996216,0.004893676288780976,True
95,SLC16A9,SLC22A4,150743.5905319135,38.246286904921405,0.0,0.0,0.06604554611206935,19582.837713174267,0.000999001,0.0024022219885635925,0.1981106733322548,True
98,SLC22A4,SLC22A5,105532.47355892241,26.775435342082293,3.1225887586291384e-158,3.6083247877492264e-157,0.05902452582253832,42952.74378066909,0.000999001,0.0024022219885635925,0.14528681052100192,True
99,SLC16A9,SLC16A9,40489.080091378724,25.490817285311383,1.246071055907957e-143,1.4009879979938112e-142,0.017739549633749047,2890.2419644303127,0.000999001,0.0024022219885635925,0.029239265016286285,True
109,SLC10A1,SLC5A5,5617.810290751862,1.78913091945613,0.036796866843506894,0.07849998259948138,0.0021968276896644247,70.06888964238385,0.008991009,0.019685576777709157,0.00862813806960892,True
110,SLC5A5,SLC5A7,28951.252918001,9.22024402245483,1.4821242374813705e-20,6.850707586580557e-20,0.011354412378340261,137.67024724692737,0.001998002,0.004669487685634849,0.009544466269976926,True
114,SLC5A1,SLC5A7,14262.873216717639,4.8298097225417616,6.833179181534022e-07,2.137295142494852e-06,0.008188785509112522,525.7037497387294,0.001998002,0.004669487685634849,0.004711326477029991,True
115,SLC12A2,SLC12A2,83050.67815829159,52.28643519626388,0.0,0.0,0.11065635899981427,514771.7851097448,0.000999001,0.0024022219885635925,0.3419067142618341,True
121,SLC12A2,SLC22A5,23501.101661072105,11.449748842963645,1.1791389795806606e-30,6.540290873407398e-30,0.03131276468738978,201320.00090742085,0.000999001,0.0024022219885635925,0.13371490438383526,True
122,SLC5A5,SLC5A5,44667.85556803146,28.121660018989004,2.662288023274717e-174,3.164319479092235e-173,0.017518317898436244,284.42407076529025,0.000999001,0.0024022219885635925,0.019718682896819096,True
123,SLC1A5,SLC5A1,8258.48955931539,2.8493314077604337,0.002190560913759303,0.005556544756852866,0.0070103286511767424,29490.55034537371,0.000999001,0.0024022219885635925,0.018535744661606263,True
124,SLC1A5,SLC22A5,9010.7702657799,4.135368128087786,1.7719303783215096e-05,5.1189099818176945e-05,0.007648912129714531,155824.42187212096,0.000999001,0.0024022219885635925,0.09794058306942209,True
125,SLC22A5,SLC5A1,32630.061907571548,11.257973938531958,1.0578343357160743e-29,5.570368147568188e-29,0.029370517300594996,12289.65690014324,0.000999001,0.0024022219885635925,0.03475231467791019,True
126,SLC5A1,SLC5A1,150948.77170821663,95.03321760761955,0.0,0.0,0.08666466395661081,10527.057081799156,0.000999001,0.0024022219885635925,0.09434287425063158,True
129,SLC29A1,SLC29A1,35631.833974533074,22.432827995486434,9.4140489595102e-112,9.10754503989824e-111,0.030727167264821678,363597.94065091223,0.000999001,0.0024022219885635925,0.21634520326912893,True
131,SLC12A2,SLC5A3,10996.312745816791,4.563933966948677,2.510193766405736e-06,7.6221942103999e-06,0.014651438830591324,554854.6344093382,0.000999001,0.0024022219885635925,0.36852937637870703,True
132,SLC22A4,SLC5A3,4554.3885409975555,1.155528073869263,0.1239371215107451,0.2415596493231208,0.002547278718847531,62850.04771474244,0.000999001,0.0024022219885635925,0.21258904949576832,True
133,SLC5A7,SLC5A7,10751.202435295352,6.768662964359695,6.498896520194748e-12,2.4138758503580494e-11,0.004635475857751422,97.75837051528958,0.002997003,0.006926407002740436,0.006353837592090776,True
135,SLC12A2,SLC1A5,26559.925901611605,12.189309883419988,1.7720495700758959e-34,1.0382712973965812e-33,0.03538832867776859,711299.4764671142,0.000999001,0.0024022219885635925,0.4724386104479019,True
139,SLC1A5,SLC5A3,7748.5456282817895,3.2159735181067877,0.0006500141395192662,0.0017114296331646505,0.006577455966100066,456043.3736043917,0.000999001,0.0024022219885635925,0.28663770017010154,True
141,SLC22A5,SLC5A3,13548.375265835202,5.6231476406703145,9.375450594855124e-09,3.223295411123745e-08,0.012194975028466963,126367.06779763935,0.000999001,0.0024022219885635925,0.35733691678383545,True
144,SLC12A2,SLC5A1,-23641.09096207674,-8.156612962715991,0.9999999999999998,1.0,-0.03149928581751923,26682.253434312006,0.000999001,0.0024022219885635925,0.017722108834854356,True
145,SLC22A4,SLC5A1,337450.2740342594,85.61703984439917,0.0,0.0,0.18873662050986567,43727.27570433677,0.000999001,0.0024022219885635925,0.14790664950989132,True
147,SLC5A1,SLC6A4,28464.063118084996,6.482029005081111,4.524861820137666e-11,1.651177646646727e-10,0.01634215659427137,15158.59223324804,0.000999001,0.0024022219885635925,0.13585042332016162,True
149,SLC5A3,SLC5A3,46595.35249785423,29.335159361162813,1.8476438018381854e-189,2.2606465340137798e-188,0.033055380147690605,215982.59059921934,0.000999001,0.0024022219885635925,0.15696847140707013,True
153,SLC22A4,SLC5A7,34236.7065915707,8.686451598773692,1.8696808091237913e-18,8.547112270280189e-18,0.019148659214971848,1983.1331826368123,0.000999001,0.0024022219885635925,0.006707908961879545,True
154,SLC5A1,SLC5A5,17069.498108915883,5.436204724914637,2.7213708053908867e-08,9.129760121311362e-08,0.009800161344649578,638.285725991165,0.000999001,0.0024022219885635925,0.0057202796104593645,True
155,SLC1A5,SLC29A1,9898.652304596526,4.542849284140329,2.774946607745833e-06,8.304876178577458e-06,0.008402602601909958,614124.0925953359,0.000999001,0.0024022219885635925,0.3859964374206234,True
156,SLC22A5,SLC29A1,11365.105780739937,5.245327494001262,7.800248341313839e-08,2.5350807109269975e-07,0.010229800878154605,168704.90272914787,0.000999001,0.0024022219885635925,0.4770585472798059,True
169,SLC22A4,SLC5A5,44590.313800937656,11.313342934140138,5.635586883105949e-30,3.0056463376565064e-29,0.024939452659650193,2189.7083780035955,0.000999001,0.0024022219885635925,0.0074066454947736326,True
170,SLC12A2,SLC29A1,40009.59061863438,18.46559193943503,1.9535828588168943e-76,1.5628662870535154e-75,0.0533086029049986,769218.4431681838,0.000999001,0.0024022219885635925,0.5109078587070727,True
171,SLC6A4,SLC6A4,446018.6988149279,280.8011723571986,0.0,0.0,0.1303053779495225,176481.27830273577,0.000999001,0.0024022219885635925,0.17065033153443854,True
172,SLC22A4,SLC29A1,-9654.086781875078,-2.4494107614242764,0.9928454918896216,1.0,-0.005399550255321712,72401.32522709959,0.000999001,0.0024022219885635925,0.24489605771059308,True
174,SLC29A1,SLC5A3,23737.921329010347,9.852239379008184,3.351674248972211e-23,1.6403488089087527e-22,0.02047043325687356,501512.99381333764,0.000999001,0.0024022219885635925,0.29840633969053726,True
177,SLC22A1,SLC22A2,8257.504469129653,2.6758343117696155,0.0037271743506868808,0.009174583017075398,0.004470270051744881,88.89238249911918,0.016983017,0.035681490946297696,0.005903037235429264,True
178,SLC22A1,SLC22A1,4744.291399267351,2.9868760894063633,0.0014092196627351861,0.003618736911715046,0.0025683623712444716,71.04814197600285,0.012987013,0.027848440193638357,0.00471806262585622,True
181,SLC3A2,SLC43A2,-4153.776548372763,-1.8242143888009634,0.9659401664385717,1.0,-0.003321866649533753,124328.43790284512,0.000999001,0.0024022219885635925,0.09873066499560712,True
182,SLC3A1,SLC7A5,9053.405444908407,3.4219063209639025,0.0003109186730059848,0.0008291164613492928,0.004920864562961939,1882.9935733892785,0.000999001,0.0024022219885635925,0.08602142329713387,True
183,MSR1,MSR1,152738.0098749153,96.1596730144672,0.0,0.0,0.20728414994990593,465923.5499212486,0.000999001,0.0024022219885635925,0.28251499720748957,True
184,CD36,CD36,100894.23779741659,63.52025225147878,0.0,0.0,0.046046709476342665,50358.72761087,0.000999001,0.0024022219885635925,0.07979585309065437,True
185,CPT1A,CPT1A,50266.06783406553,31.64614132791973,4.284651354124527e-220,5.4012574645933437e-219,0.02774263765817556,264312.5410586626,0.000999001,0.0024022219885635925,0.14334643841416234,True
186,CD36,MSR1,42217.151025225874,13.781514516411736,1.6464535153041773e-43,1.0871820037564092e-42,0.019267313283843776,172376.4406060125,0.000999001,0.0024022219885635925,0.2731388536496355,True
189,SLC6A12,SLC6A12,550.1655544852193,0.34636918384917553,0.36453264058435936,0.5993896382730969,0.0005246499799400592,104.27022758861584,0.006993007,0.015392015219996216,0.0051537158337896126,True
190,SLC6A1,SLC6A1,12438.843638331191,7.831155701973403,2.4170277988764082e-15,1.0054835643325857e-14,0.00436343450713044,243.35223359435145,0.000999001,0.0024022219885635925,0.007086157524672851,True
195,SLC22A1,SLC22A5,1740.4089114209291,0.6718933466656999,0.2508257981652321,0.4556486115141334,0.0009421851194389868,1156.3013797275325,0.01098901,0.0238095223903656,0.07678599569515972,True
198,ABCA1,ABCA1,81878.10908503045,51.54821778224881,0.0,0.0,0.07150908905886781,383989.60122765857,0.000999001,0.0024022219885635925,0.2077432405249412,True
200,ABCG2,CD36,31313.642553865127,10.222135055014922,7.8912891308435215e-25,3.9080669981320294e-24,0.01377637726748996,10607.557552709015,0.000999001,0.0024022219885635925,0.09689448176906017,True
201,ABCB1,ABCG2,41150.10281127888,11.478838945272528,8.426418852815187e-31,4.7370138415825914e-30,0.012092505503394555,3836.0671645109323,0.000999001,0.0024022219885635925,0.01886315007676317,True
202,ABCB1,ABCB1,37161.70063334943,23.395990195831935,2.347370601243653e-121,2.3817223661399017e-120,0.01092046042959359,3522.846299583541,0.000999001,0.0024022219885635925,0.017322944462805363,True
203,ABCG2,ABCG2,28131.48173479079,17.71081139033624,1.7302391593489387e-70,1.33292498201696e-69,0.012376391689511207,1921.998505602959,0.000999001,0.0024022219885635925,0.01755644956305197,True
204,SLC6A3,SLC6A3,82271.31443510958,51.79576911490081,0.0,0.0,0.19275124178030698,83271.08552473194,0.000999001,0.0024022219885635925,0.28185946166381026,True
207,SLC22A5,SLC6A3,13123.225650878227,6.3936423015004795,8.099005388779908e-11,2.904470898045208e-10,0.011812295272700467,45528.97724242481,0.000999001,0.0024022219885635925,0.12874544480356626,True
208,ATP7B,ATP7B,25604.91700366875,16.120155347393506,9.207289164264846e-59,6.49191913954945e-58,0.010211683936887315,1980.7264526510498,0.000999001,0.0024022219885635925,0.015911954039993095,True
209,SLC20A2,SLC20A2,33606.44188549454,21.157696538899213,1.1719850771260816e-99,1.0157204001759373e-98,0.021303210447216468,42142.86396126602,0.000999001,0.0024022219885635925,0.07374806146024722,True
211,ATP7B,SLC20A2,25564.49512270712,8.309712783428763,4.796699334091957e-17,2.100449392612899e-16,0.010195562991349568,11471.540749106975,0.000999001,0.0024022219885635925,0.09215539527095708,True
212,ATP7A,SLC20A2,3482.9147449865372,1.3980695281373987,0.0810460946602709,0.1628752433752304,0.0027349899447926323,73471.19173488728,0.000999001,0.0024022219885635925,0.12718174856565195,True
213,ATP7A,ATP7A,6471.795721768259,4.074465556617615,2.3060069073669818e-05,6.613969634571861e-05,0.0050820354558683235,45517.54435265127,0.000999001,0.0024022219885635925,0.07879279952438743,True
216,SLC19A1,SLC19A1,7333.719105654249,4.617108942019037,1.9456150899952523e-06,5.9512932164560655e-06,0.005493424535688264,1554.1200742507249,0.000999001,0.0024022219885635925,0.014922499078057695,True
217,CHRNA5,CHRNA5,2751.6564741805814,1.7323676472021543,0.04160406225551369,0.08697130602157635,0.002003872438406649,373.4501411305811,0.000999001,0.0024022219885635925,0.009232465319978752,True
218,CHRNA5,SLC29A1,-1461.0733785949285,-0.6511857274311013,0.7425366987517796,0.9872972084191044,-0.0010640153308846209,16927.62645976548,0.000999001,0.0024022219885635925,0.41848618336629073,True
219,ABCC3,SLC19A1,-9541.784876694097,-4.3098211112486675,0.9999918306671064,1.0,-0.01812197158642389,29665.239574937594,0.000999001,0.0024022219885635925,0.02744201783296525,True
220,ABCC4,ABCC4,27087.5489054665,17.053579836781882,1.6438323487155986e-65,1.1997092229222614e-64,0.01869734356180998,15221.510660302498,0.000999001,0.0024022219885635925,0.04913788155970107,True
221,ABCC4,FOLR1,-20733.905621035094,-8.741364070825496,1.0,1.0,-0.014311703067987866,155724.39413787588,0.000999001,0.0024022219885635925,0.502707451702503,True
223,ABCC4,SLC19A1,3077.26596571125,1.2973678302920502,0.09725232790369764,0.19265223051399152,0.002124101342383061,5644.04720656992,0.001998002,0.004669487685634849,0.018220039347151294,True
225,ABCG2,FOLR2,13284.200114590341,4.530410257231274,2.9434628745188476e-06,8.746289684284575e-06,0.0058443584824289544,7264.9951562203305,0.006993007,0.015392015219996216,0.06636192518577717,True
226,FOLR1,FOLR1,144815.34813377954,91.17178189911384,0.0,0.0,0.23491873819612666,1105324.7980270954,0.000999001,0.0024022219885635925,0.4605910341185469,True
228,FOLR1,SLC19A1,755.7712376301184,0.3413657798100915,0.3664141166557352,0.6001113091684481,0.001226008346470138,60730.32473344939,0.000999001,0.0024022219885635925,0.025306446685410322,True
229,ABCC3,ABCC3,97831.44622577893,61.59200245772189,0.0,0.0,0.18580367422584057,406585.87666964426,0.000999001,0.0024022219885635925,0.37611484141279383,True
233,FOLR2,FOLR2,66211.19622147403,41.68475799683258,0.0,0.0,0.04403433211314404,40152.72421362603,0.000999001,0.0024022219885635925,0.0833433490435936,True
234,ABCC3,ABCC4,-5965.372539908024,-2.514986522198599,0.994048153284324,1.0,-0.011329569160031302,90496.07751373311,0.000999001,0.0024022219885635925,0.08371396990312335,True
235,ABCC3,FOLR1,152248.4316081943,72.78336344133683,0.0,0.0,0.2891536318765983,1223912.6434473859,0.000999001,0.0024022219885635925,1.1321881457465175,True
238,TRPV6,TRPV6,18293.050122130768,11.516803967931295,5.428175361091011e-31,3.0933163701559738e-30,0.007683768560511828,116.55552757538953,0.000999001,0.0024022219885635925,0.008179101464426922,True
240,LRP1,LRP1,211952.9046152031,133.43975097590808,0.0,0.0,0.08563151588049683,403140.88208587817,0.000999001,0.0024022219885635925,0.17284674127438537,True
241,SLC22A1,SLC22A4,6612.025392445558,1.6775865513735437,0.046713920018779526,0.09716495363906141,0.003579476003158792,998.509740340483,0.012987013,0.027848440193638357,0.06630759589807464,True
242,SLC29A3,SLC29A3,29950.756935206373,18.856177291977616,1.3072676784981564e-79,1.0663203024612414e-78,0.0262874229284255,38341.847063043984,0.000999001,0.0024022219885635925,0.08768272115955635,True
245,LRP2,LRP2,27882.15972090355,17.553845070359046,2.779308348728413e-69,2.0646290590553925e-68,0.013345091728268147,1742.6625303458804,0.000999001,0.0024022219885635925,0.022742217864219937,True
247,SLC15A1,SLC15A1,2408.4908346950383,1.5163199475512643,0.0647192350455348,0.13197647930854156,0.0022685136373054252,81.4638015640922,0.0049950047,0.011232010657722885,0.005548885818904839,True
248,SLC22A1,SLC29A1,-1550.5114685028966,-0.5985825128678621,0.7252743399031012,0.9872972084191044,-0.0008393825287588406,4362.434970665612,0.003996004,0.009083812109759597,0.289694294887788,True
249,CD38,CD38,234703.29335763108,147.7627734129261,0.0,0.0,0.09619164249885,109055.69571050609,0.000999001,0.0024022219885635925,0.1367218828668411,True
250,ABCC8,ABCC8,12188.866403962602,7.673776873104085,8.350224237411778e-15,3.439300279963663e-14,0.004771503097708823,102.38775540068457,0.0049950047,0.011232010657722885,0.0048897301298117014,True
252,SLC12A2,SLC12A6,-37307.47126895393,-13.290319252682668,1.0,1.0,-0.049708310945326836,73691.72384989783,0.000999001,0.0024022219885635925,0.04894536938235164,True
253,SLC12A6,SLC12A6,15543.10753776716,9.785515338876085,6.496584011634209e-23,3.1425336614416644e-22,0.007382663742640573,7184.308098036798,0.000999001,0.0024022219885635925,0.023903647348747857,True
255,SCARB1,SCARB1,33717.469654781526,21.227596585383424,2.6555008453312807e-100,2.350400748208112e-99,0.015746764365133604,9065.31391735241,0.000999001,0.0024022219885635925,0.03276213453791707,True
260,ABCB1,SLCO1B1,19373.66330684609,5.404291743792871,3.253248476292112e-08,1.0826810929100149e-07,0.005693208865926248,592.478482669368,0.018981019,0.03948051959276199,0.0029134032477948196,True
268,ABCC3,SLC22A1,-5929.824778986811,-2.289237770359265,0.9889672294173565,1.0,-0.011262056056172854,3589.154915810801,0.001998002,0.004669487685634849,0.003320170496386834,True
269,SLCO1B3,SLCO1B3,21013.562278557944,13.229564004599053,2.961497645244308e-40,1.8666409400327758e-39,0.00713320091962416,164.13262040748714,0.000999001,0.0024022219885635925,0.008515437892102944,True
270,ABCG2,SLCO2B1,33420.33408725309,11.397586835709642,2.1493482163049733e-30,1.1764853394511434e-29,0.014703212186176134,36793.490465378636,0.000999001,0.0024022219885635925,0.336089262151328,True
294,ABCB1,SLCO1C1,18821.599290424554,5.250293248065026,7.592863170011327e-08,2.4871110856100094e-07,0.005530977505595995,840.0630372917956,0.018981019,0.03948051959276199,0.0041308544576530905,True
302,ABCC2,ABCC2,7241.152332045729,4.5588314334310365,2.571951834644107e-06,7.753130168202524e-06,0.003557063540500265,446.29974976036294,0.001998002,0.004669487685634849,0.008410153566412726,True
304,ABCC2,ABCC3,-18343.965489401882,-6.710671674142671,0.9999999999903135,1.0,-0.009011086611419524,10709.066585983526,0.000999001,0.0024022219885635925,0.2018035963260574,True
311,ABCC1,ABCC2,7858.85621711439,2.8749620052337512,0.0020203805983093053,0.005156308766237246,0.004787980119797349,14223.654420463517,0.003996004,0.009083812109759597,0.007752376631710401,True
312,ABCC1,ABCC3,-14057.757059826408,-5.528696603210993,0.9999999838690633,1.0,-0.008564638348365645,505633.45282899094,0.000999001,0.0024022219885635925,0.27558747197084765,True
314,ABCC3,SLCO1B1,-10041.917611740399,-3.091221804272737,0.99900332664005,1.0,-0.01907183488045884,3238.7746327091077,0.016983017,0.035681490946297696,0.0029960489954325873,True
315,ABCC1,ABCC4,15222.486483473294,5.986766520109668,1.070268533939623e-09,3.710264250990693e-09,0.00927424559543804,93132.35823157633,0.000999001,0.0024022219885635925,0.05076031069566902,True
319,ABCC1,ABCC1,33784.20823927799,21.26961337261199,1.0853108434174979e-100,9.814985018732155e-100,0.020582908370367293,274980.0713409089,0.000999001,0.0024022219885635925,0.14987351465614784,True
324,ABCC2,SLCO1C1,13244.86378313008,3.957214916691233,3.791435107251239e-05,0.0001065700678794943,0.006506260316243667,351.483590065026,0.005994006,0.013405949037562134,0.006623420627298457,True
326,ABCB1,SLC10A1,11868.63663890514,3.310761314564956,0.0004652126706207296,0.0012326654202434618,0.003487756872248025,325.9691387067313,0.019980019,0.041351681028432515,0.0016028928900681087,True
331,ABCB1,SLC22A2,15876.08511633764,4.428640797512854,4.74144021820911e-06,1.398893000549638e-05,0.004665398954703288,503.9000096104576,0.016983017,0.035681490946297696,0.002477835005836321,True
337,ATP7A,TAP1,2425.2301479985476,1.0121201186365794,0.1557403120297704,0.29583547855883324,0.0019044336580824387,446570.2417004517,0.000999001,0.0024022219885635925,0.7730320259645425,True
338,TAP1,TAP1,107064.14415146568,67.40465652007651,0.0,0.0,0.09271790083969897,1375280.5339865289,0.000999001,0.0024022219885635925,0.34348564348953253,True
340,SLC10A1,SLC22A2,15028.794467444313,4.870062626167673,5.578144195898867e-07,1.7579605950711584e-06,0.005876964532374501,58.54227095863462,0.02197802,0.04481792449951172,0.0072087740981415585,True
345,AQP5,ATP7B,37953.879406358625,12.336869371756032,2.867121866965138e-35,1.7285836183441992e-34,0.03200179751182273,5258.128190240968,0.000999001,0.0024022219885635925,0.038026169705675676,True
346,AQP4,AQP5,22107.292390338916,7.578134063680304,1.7528003052385462e-14,7.148675754698385e-14,0.011859291846863206,17277.56165191566,0.000999001,0.0024022219885635925,0.03136351206072315,True
351,AQP5,AQP7,5630.7465262717105,2.4423459424427736,0.007296078075060998,0.0169562484872926,0.004747709930910451,24800.666718627184,0.000999001,0.0024022219885635925,0.1793555286854277,True
352,AQP7,AQP7,35094.93516089649,22.094811188776504,1.7727463369453144e-108,1.6760510822028427e-107,0.05344801944626771,84050.37628242417,0.000999001,0.0024022219885635925,0.1628223235262955,True
355,AQP5,ATP7A,-8380.444754345466,-3.635032254807238,0.9998610270707117,1.0,-0.0070661892876924025,17297.87728064803,0.000999001,0.0024022219885635925,0.1250962306781892,True
357,AQP4,ATP7B,36858.46409106927,11.980805752860682,2.2397429226699197e-33,1.2940736886537314e-32,0.019772447704818945,11053.909781858109,0.000999001,0.0024022219885635925,0.02006587733535959,True
358,AQP7,ATP7A,7855.732943550058,3.6176548403299345,0.0001486422416837604,0.0004015270944184696,0.011963930555978945,105496.01166950537,0.000999001,0.0024022219885635925,0.20436679170915223,True
360,AQP9,AQP9,71307.07622501126,44.89298465411587,0.0,0.0,0.05467629143583709,17500.616833557237,0.000999001,0.0024022219885635925,0.10489028189910561,True
363,AQP5,AQP5,73353.56586783947,46.181398553465584,0.0,0.0,0.061849961015565356,11178.811160591378,0.000999001,0.0024022219885635925,0.0808438582933955,True
365,AQP4,AQP4,119976.22538613109,75.53374966773825,0.0,0.0,0.06436034980751228,55394.41546037447,0.000999001,0.0024022219885635925,0.10055605370654444,True
366,ABCC1,SLC22A5,-2728.963137045167,-1.073258640184236,0.8584224566123904,1.0,-0.0016626110577487717,136042.92994636146,0.000999001,0.0024022219885635925,0.07414803536763788,True
367,ABCC4,SLC22A5,-562.560978813036,-0.23717433742226118,0.5937392279233213,0.8567899018381977,-0.0003883110993927079,24447.514203303464,0.000999001,0.0024022219885635925,0.0789211454868279,True
370,ABCC2,SLC22A4,81183.34829769196,20.597636157793033,1.4408496059050132e-94,1.1987868721129709e-93,0.03987960963719589,8685.620291510786,0.000999001,0.0024022219885635925,0.16367340674149694,True
376,ABCC4,SLC22A4,16330.772357190748,4.143402732734075,1.7109512130492756e-05,4.977312619779711e-05,0.011272413848064494,17024.09398814824,0.000999001,0.0024022219885635925,0.054956957474168525,True
377,ABCC2,SLC22A5,7490.295071452656,2.7401333150134874,0.0030707133989864507,0.007649202239391398,0.0036794496627756915,4504.28666172321,0.000999001,0.0024022219885635925,0.08487959617404452,True
379,ABCC3,SLC22A5,25341.861367121484,12.346567920574133,2.541707482906388e-35,1.554926930719202e-34,0.048129830799662855,173974.26967476518,0.000999001,0.0024022219885635925,0.1609360004941762,True
384,SLC4A1,SLC4A1,27950.412983584098,17.59681545753973,1.3028497850613922e-69,9.854282010646165e-69,0.008742164671556729,264.32762246253407,0.000999001,0.0024022219885635925,0.012026150990419687,True
386,SLC24A4,SLC24A4,21208.402903521197,13.352230332396203,5.747740894520325e-41,3.678554172493008e-40,0.007149080456886336,277.90852018565107,0.000999001,0.0024022219885635925,0.008631021919345531,True
387,SLC24A1,SLC24A1,17345.64883966942,10.920346035753326,4.607203697030103e-28,2.36616881230188e-27,0.009475580694217616,6705.942473213599,0.000999001,0.0024022219885635925,0.02766598738391661,True
388,CLCN3,CLCN5,-3775.42014661996,-1.7114782712490364,0.956503570497923,1.0,-0.0029589640803176125,31675.97992476076,0.000999001,0.0024022219885635925,0.03217990689130768,True
389,CLCN3,CLCN3,17120.787383738338,10.778779413970067,2.1680050927931065e-27,1.0866146007252196e-26,0.013418319796961179,122921.05133570556,0.000999001,0.0024022219885635925,0.12487657828929918,True
390,CLCN4,CLCN5,2385.7502792570185,1.1539328108601539,0.12426385806525925,0.2415596493231208,0.002085416511705439,9595.117079959342,0.000999001,0.0024022219885635925,0.04155569263545483,True
391,CLCN3,CLCN4,10612.257325798922,4.810762012346846,7.517797988489891e-07,2.3338835546356674e-06,0.008317296358721624,63888.19750825768,0.000999001,0.0024022219885635925,0.0649045823413381,True
392,CLCN5,CLCN5,5897.686814237542,3.713022292638611,0.00010239941992093921,0.00028025104399414944,0.005320844427697077,3254.1580815146262,0.000999001,0.0024022219885635925,0.0252950246902622,True
393,CLCN4,CLCN4,8318.727397068142,5.237243218329618,8.149641948698136e-08,2.6281015896576934e-07,0.007271511868218207,10219.193416168102,0.000999001,0.0024022219885635925,0.04425851785295201,True
394,SLC9A3,SLC9A3,11876.735565457107,7.477267835222814,3.794183048060304e-14,1.5176732192241217e-13,0.014108939247530226,10865.813764539047,0.000999001,0.0024022219885635925,0.061923524304907045,True
395,SLC9A1,SLC9A1,9785.571262967811,6.1607279921832445,3.6205639524903483e-10,1.2873116275521238e-09,0.007010735456430948,69378.93392749835,0.000999001,0.0024022219885635925,0.08892734309285749,True
396,SLC9A1,SLC9A3,999.4896380329278,0.4394423126308161,0.3301705364804923,0.5569874325602558,0.0007160703504567417,45478.549654033195,0.000999001,0.0024022219885635925,0.05829271739280519,True
397,SLC6A17,SLC6A17,104482.60123440492,65.77938771514268,0.0,0.0,0.04888758960803092,984.4774325846082,0.000999001,0.0024022219885635925,0.05092536549713671,True
398,SLC6A17,SLC6A5,577361.8762457864,113.00298849120405,0.0,0.0,0.27014861927013645,6365.645317321777,0.000999001,0.0024022219885635925,0.3292841498242146,True
400,SLC6A17,SLC6A9,1905.2541283218125,0.6192523397719801,0.2678750682538925,0.47622234356247556,0.0008914716979091867,1384.7150311016185,0.02197802,0.04481792449951172,0.07162898481389876,True
401,SLC6A5,SLC6A5,1019194.3857922731,641.6569062031591,0.0,0.0,0.3273986280968565,12087.193148134356,0.000999001,0.0024022219885635925,0.3101245041688625,True
402,SLC6A9,SLC6A9,28256.821773651016,17.78972205024526,4.244999256641029e-71,3.3319239448352236e-70,0.0190666453853264,24037.34068011948,0.000999001,0.0024022219885635925,0.062181706175101645,True
404,SLC26A2,SLC26A2,32764.90989820243,20.627891019006068,7.711562229086955e-95,6.546958953673823e-94,0.015282679356996547,18718.894660969585,0.000999001,0.0024022219885635925,0.03879591968961635,True
406,ORAI2,ORAI3,21551.233742986835,8.07355146121084,3.414118924472813e-16,1.4641994562687527e-15,0.012111672786979165,101865.8837718677,0.000999001,0.0024022219885635925,0.13709007781661667,True
407,ORAI2,ORAI2,39716.85193217237,25.004643559840826,2.7211372843872635e-138,2.9789292376450045e-137,0.022320648574836757,59820.771546004806,0.000999001,0.0024022219885635925,0.08050619032234492,True
408,ORAI3,ORAI3,11631.531727291787,7.322894206031368,1.213395602668875e-13,4.807357816288114e-13,0.007963315674546624,56088.07332010071,0.000999001,0.0024022219885635925,0.07977965814651071,True
409,SCNN1G,SCNN1G,281662.87401526014,177.32724086036873,0.0,0.0,0.1435679906205276,36824.17008886848,0.000999001,0.0024022219885635925,0.1528596379090505,True
410,SCNN1A,SCNN1A,101273.0067480047,63.75871482190518,0.0,0.0,0.15558560534746127,758049.5330692215,0.000999001,0.0024022219885635925,0.39109810472403306,True
411,SCNN1A,SCNN1G,80481.54809351944,23.930885270210855,7.306942164629822e-127,7.599219851215015e-126,0.12364371100967382,126757.85800115086,0.000999001,0.0024022219885635925,0.06539778188690115,True
414,SLC23A2,SLC23A2,13202.698117374126,8.31205758746712,4.702837937323808e-17,2.081255938219898e-16,0.006300906352528823,8299.08566977558,0.02097902,0.043204319949197295,0.02460595908700595,True
