cell_type,gene_pair,n_cells,frac_sig,mean_cs,mean_cs_sig,mean_neg_log10_pval,log2_enrichment
CD8 T Cell,SLC2A1_SLC2A1,9364,0.007261853908586074,0.10096766226972419,13.903841021966135,1.6702337995872332,-2.276511743397794
CD8 T Cell,SLC2A9_SLC2A9,9364,0.00021358393848782572,0.002260169171266452,10.58211205986953,2.7999713158254016,-2.9362518257381747
CD8 T Cell,SLC2A3_SLC2A3,9364,0.03278513455788125,1.3326245536912826,28.514378201422943,0.9394836957901943,-0.8812774317877787
CD8 T Cell,SLC2A1_SLC2A3,9364,0.00149508756941478,0.7770844972204132,109.80473110573521,1.934178247815638,-1.478779060138934
CD8 T Cell,SLC2A1_SLC2A9,9364,0.0017086715079026058,0.06262116220211897,30.280276343519496,2.802871087177612,-0.423917125104416
CD8 T Cell,SLC1A5_SLC3A2,9364,0.0009611277231952157,0.7274003925404832,62.10795640937972,2.0266813945509035,-0.9976523704023179
CD8 T Cell,SLC38A7_SLC3A2,9364,0.00042716787697565144,0.14560573929433657,61.54568950499598,2.263969424322414,-2.8305423845670594
CD8 T Cell,SLC3A2_SLC7A5,9364,0.0017086715079026058,0.7014032276743042,70.79071687209807,2.075389800603184,-1.1642339287702599
CD8 T Cell,SLC1A5_SLC1A5,9364,0.020717642033319095,0.2645219607496674,12.506009424455156,1.3893052311375487,-1.0621868127631615
CD8 T Cell,SLC7A5_SLC7A5,9364,0.014310123878684322,0.4564721970108068,23.02256734580771,0.950098074334681,-2.5088346373730053
CD8 T Cell,SLC1A5_SLC38A7,9364,0.00149508756941478,0.19578510485396067,38.27328046453459,2.58110957953329,-0.03159970232565555
CD8 T Cell,SLC1A5_SLC7A5,9364,0.002349423323366083,0.7568775552579307,67.88229791427779,2.149781028482354,-0.07737956287305223
CD8 T Cell,SLC38A7_SLC38A7,9364,0.0017086715079026058,0.015448548847167603,9.04126321280484,2.0774040185373974,-2.556073083670982
CD8 T Cell,SLC38A7_SLC7A5,9364,0.0008543357539513029,0.15229024472984587,54.976575730118434,2.3653233782711576,-2.378474154343249
CD8 T Cell,SLC3A2_SLC3A2,9364,0.013882956001708672,0.347104918421328,19.27873103695465,0.9825301394372756,-2.143956675506094
CD8 T Cell,SLC7A7_SLC7A7,9364,0.019222554463904314,0.3050272833309052,15.868197117281088,1.906234643734245,-0.13697632977662158
CD8 T Cell,SLC43A2_SLC43A2,9364,0.002349423323366083,0.033840516960587326,14.403754582679078,2.3529038715309336,-1.7263974577635557
CD8 T Cell,SLC1A5_SLC7A11,9364,0.00021358393848782572,0.0026982286427863983,12.633106505525916,2.9130583713002114,-1.6221432353101115
CD8 T Cell,SLC7A11_SLC7A11,9364,0.0,0.0,,2.980680860226883,-inf
CD8 T Cell,SLC16A1_SLC16A1,9364,0.008329773601025202,0.11570623234672776,12.848536904599726,1.2918123093663385,-2.6576939879179813
CD8 T Cell,SLC16A1_SLC16A4,9364,0.0009611277231952157,0.33672844412169584,72.01312082190493,2.2632560302918407,-2.298047303740039
CD8 T Cell,SLC16A4_SLC16A4,9364,0.011319948739854762,0.2856022324785673,21.60088459544557,0.9941560602466369,-2.928687170861287
CD8 T Cell,SLC16A1_SLC22A5,9364,0.0005339598462195643,0.07337695180599216,26.669890545142426,2.691500696375606,-1.9549479194480794
CD8 T Cell,SLC22A5_SLCO2B1,9364,0.0005339598462195643,0.17163262652386915,88.14068690130841,2.049286110796819,-1.9173102620847142
CD8 T Cell,SLCO2B1_SLCO2B1,9364,0.026377616403246477,0.9522924654547281,29.177505961130304,1.0200608352926606,-1.012662925772632
CD8 T Cell,SLC22A5_SLC22A5,9364,0.001388295600170867,0.011352513193164276,8.17730258006079,2.076373249851294,-3.168604566648358
CD8 T Cell,SLC16A1_SLC1A5,9364,0.0010679196924391287,0.2523007294029104,53.20335512735308,2.188986870022312,-0.7201183948734089
CD8 T Cell,SLC3A2_SLC7A11,9364,0.0005339598462195643,0.019014670229422194,22.744681529083458,2.92131540364799,-0.4658012061407239
CD8 T Cell,SLC16A1_SLC7A11,9364,0.0005339598462195643,0.007294958297353722,13.661997899284051,2.9476609341233857,-1.033276280133039
CD8 T Cell,SLC16A1_SLC3A2,9364,0.0006407518154634772,0.33497999173935467,66.7105286651,2.0465501080013055,-2.1852793735780893
CD8 T Cell,SLC1A3_SLC1A3,9364,0.0019222554463904314,0.021825086515185294,11.35389500712195,2.4177273853018244,-1.7306049020619008
CD8 T Cell,SLC1A1_SLC1A1,9364,0.0,0.0,,2.996222743708378,-inf
CD8 T Cell,SLC1A1_SLC1A2,9364,0.0,0.0,,2.9980653377030273,-inf
CD8 T Cell,SLC39A8_SLC39A8,9364,0.010679196924391286,0.1696491995346775,15.8859510444272,1.6481039555302877,-1.5850173613387786
CD8 T Cell,SLC30A8_SLC30A8,9364,0.0,0.0,,2.9990195836937312,-inf
CD8 T Cell,CUBN_CUBN,9364,0.0005339598462195643,0.004857833381085836,9.097750356097555,2.5628206038126926,-3.1019890302170534
CD8 T Cell,CUBN_SLC3A2,9364,0.00042716787697565144,0.09694853447170917,69.53916910787058,2.4047163808883436,-2.2005924290725933
CD8 T Cell,SLC11A2_SLC3A2,9364,0.0011747116616830414,0.7085023441040266,68.83746048541086,1.924734108394814,-0.7861482652086059
CD8 T Cell,SLC40A1_SLC40A1,9364,0.05798803929944468,1.8179420792183072,31.28608682963532,1.5162824098627257,0.10916064878908209
CD8 T Cell,SLC11A2_SLC11A2,9364,0.01345578812473302,0.4099479919945656,21.942963608917,0.9341504219386029,-2.0927283957625322
CD8 T Cell,CUBN_SLC11A2,9364,0.00021358393848782572,0.10132093079758663,61.011003172862445,2.3167004884618425,-3.02739971379637
CD8 T Cell,SLC16A9_SLC16A9,9364,0.0,0.0,,2.996287038880456,-inf
CD8 T Cell,SLC12A2_SLC5A3,9364,0.0008543357539513029,0.26928978441694434,71.71283586746246,2.2141621881823,-1.7569857775969784
CD8 T Cell,SLC12A2_SLC1A5,9364,0.0005339598462195643,0.1783128934038418,54.78634371135572,2.2602085816521598,-1.541972886626128
CD8 T Cell,SLC5A1_SLC5A5,9364,0.0,0.0,,2.9977121347490394,-inf
CD8 T Cell,SLC10A1_SLC10A1,9364,0.0,0.0,,3.000176896791119,-inf
CD8 T Cell,SLC5A3_SLC5A3,9364,0.02093122597180692,0.377941424201199,16.19651363748125,1.1642037155377751,-1.2764968732424038
CD8 T Cell,SLC12A2_SLC12A2,9364,0.006087142246903033,0.05541811265595869,9.104126437024512,1.5915292519559374,-2.5822632944089547
CD8 T Cell,SLC22A5_SLC29A1,9364,0.00021358393848782572,0.10615354879931808,63.147618148168704,2.1858999253793714,-4.745845219991779
CD8 T Cell,SLC10A1_SLC6A2,9364,0.0,0.0,,3.0001830898653377,-inf
CD8 T Cell,SLC1A5_SLC29A1,9364,0.0018154634771465185,1.0542845982622333,85.32530024449025,1.9293291218675601,-0.5826148711234742
CD8 T Cell,SLC5A7_SLC5A7,9364,0.0,0.0,,3.0001447492050803,-inf
CD8 T Cell,SLC22A5_SLC5A3,9364,0.00021358393848782572,0.05058858355697635,49.66427076590273,2.339263608478204,-3.721028899820569
CD8 T Cell,SLC1A5_SLC22A5,9364,0.0018154634771465185,0.13123709428027566,34.06829118352317,2.6439957746655933,0.11253054734810496
CD8 T Cell,SLC12A2_SLC29A1,9364,0.0010679196924391287,0.4226031508179624,73.07306275387751,2.036663905123701,-2.2953329190430027
CD8 T Cell,SLC1A5_SLC5A3,9364,0.00149508756941478,0.6317759914241634,62.90260094586506,2.112905193642679,-0.3400445678493958
CD8 T Cell,SLC6A4_SLC6A4,9364,0.0,0.0,,2.999065073733488,-inf
CD8 T Cell,SLC29A1_SLC29A1,9364,0.013989747970952584,0.6607908337883268,31.017051015880156,0.7722577981978764,-2.6491240627985797
CD8 T Cell,SLC5A5_SLC5A5,9364,0.0,0.0,,2.9981194512846536,-inf
CD8 T Cell,SLC29A1_SLC5A3,9364,0.0005339598462195643,0.5865036607608125,76.87151497888374,1.9794027740158042,-1.9109407372089868
CD8 T Cell,SLC5A1_SLC5A1,9364,0.0,0.0,,2.944743871051587,-inf
CD8 T Cell,SLC12A2_SLC22A5,9364,0.0006407518154634772,0.03936668672306158,27.455629476899674,2.7210840672807657,-1.925759451920532
CD8 T Cell,SLC16A4_SLCO2B1,9364,0.0008543357539513029,0.5542047628324364,75.45515737503851,1.6627074808856885,-0.7436067477957787
CD8 T Cell,CD36_MSR1,9364,0.0024562152926099956,0.5168086781760417,102.64470232065626,2.1126942715893535,-1.2312025816232874
CD8 T Cell,CD36_CD36,9364,0.008116189662537377,0.18201164696908415,22.425750818664525,1.9173829462634735,-1.935013283632441
CD8 T Cell,CD36_CPT1A,9364,0.0012815036309269544,0.1786247549876492,48.189955980073,2.5195958299069683,-1.089822214330185
CD8 T Cell,MSR1_MSR1,9364,0.05756087142246903,1.6466580014709613,27.692211041269903,1.361108201615091,-0.04892437813312736
CD8 T Cell,CPT1A_MSR1,9364,0.00598035027765912,1.2349799408681912,83.68341267556158,2.0640671625339495,0.8172362243406939
CD8 T Cell,CPT1A_CPT1A,9364,0.012281076463049979,0.15941340297573856,12.980409612737528,1.9319766829314866,-0.3477395862087475
CD8 T Cell,SLC6A1_SLC6A1,9364,0.0,0.0,,2.9963191864664958,-inf
CD8 T Cell,SLCO1C1_SLCO1C1,9364,0.0,0.0,,2.9986659602473074,-inf
CD8 T Cell,ABCA1_ABCA1,9364,0.017620674925245623,0.6879953218255145,30.06941599153747,0.9727328291674268,-1.5469606013291801
CD8 T Cell,ABCB1_ABCB1,9364,0.0018154634771465185,0.020573076579652384,11.332134652462642,2.8875796814305947,0.3528448766818152
CD8 T Cell,ABCG2_CD36,9364,0.0,0.0007232266411933758,,2.9311452754959824,-inf
CD8 T Cell,ATP7A_ATP7A,9364,0.005446390431439556,0.051800683103393946,9.511011697650606,1.729621613552242,-2.303460799926403
CD8 T Cell,SLC20A2_SLC20A2,9364,0.0006407518154634772,0.006053148730352888,9.446947451837408,2.534206998508785,-2.4643519895036543
CD8 T Cell,ATP7A_ATP7B,9364,0.00042716787697565144,0.009726975477832132,20.475911849921886,2.9148330289992144,-2.0126027118682894
CD8 T Cell,ATP7B_SLC20A2,9364,0.0,0.0,,2.9240611649053574,-inf
CD8 T Cell,ATP7A_SLC20A2,9364,0.0010679196924391287,0.05224347067277407,31.29056377846549,2.818523631207543,-0.653004199014872
CD8 T Cell,SLC19A1_SLC19A1,9364,0.00021358393848782572,0.0018102139206435137,8.47542157645293,2.813387768482773,-2.343427207244048
CD8 T Cell,CHRNA5_CHRNA5,9364,0.00042716787697565144,0.002270627693648433,5.315539430830981,2.4482435803240086,-3.743606747795779
CD8 T Cell,CHRNA5_SLC29A1,9364,0.00042716787697565144,0.1212117309458615,86.98129888331555,2.300016630591617,-3.174241102125641
CD8 T Cell,ABCC3_FOLR2,9364,0.0,0.0013357901575130197,,2.895757901553486,-inf
CD8 T Cell,FOLR1_FOLR1,9364,0.0,0.0,,2.9999518636888487,-inf
CD8 T Cell,ABCC4_ABCC4,9364,0.0017086715079026058,0.013892627967957207,8.130660518246955,2.2171777188862634,-2.2087294785109317
CD8 T Cell,FOLR2_FOLR2,9364,0.0035241349850491242,0.05946055422893408,16.872382721204204,2.5306847475710366,-0.743335181669633
CD8 T Cell,ABCC4_SLC19A1,9364,0.0003203759077317386,0.006891461745014136,21.510549260104124,2.924067748854755,-2.2953329190430027
CD8 T Cell,TRPV6_TRPV6,9364,0.0,0.0,,2.998890993349578,-inf
CD8 T Cell,LRP1_LRP1,9364,0.013669372063220846,0.31617176508114864,21.735096385920432,1.2604452355468807,-1.7996301150054723
CD8 T Cell,SLC29A3_SLC29A3,9364,0.0021358393848782574,0.025872442009055318,12.1134773486397,2.6176939779890755,-0.4787790601389342
CD8 T Cell,LRP2_LRP2,9364,0.0,0.0,,2.999823273344696,-inf
CD8 T Cell,SLC15A1_SLC15A1,9364,0.0,0.0,,2.9701673426211155,-inf
CD8 T Cell,CD38_CD38,9364,0.03791114908158907,0.6690769017218147,17.64855241612133,2.0414527533081954,1.0016704669281793
CD8 T Cell,SLC12A6_SLC12A6,9364,0.0005339598462195643,0.005950285723234272,11.143695102473146,2.8142031602765667,-1.448313779411883
CD8 T Cell,SCARB1_SCARB1,9364,0.006407518154634771,0.10167029487692654,14.469636666302893,1.2333195927264913,-3.219615354307142
CD8 T Cell,ABCC2_SLCO2B1,9364,0.00042716787697565144,0.14796609328934246,68.2263689548127,2.011252748487061,-1.944071330197474
CD8 T Cell,ABCC1_SLCO2B1,9364,0.0035241349850491242,1.3224349432422542,88.66811359366021,1.776203637532415,0.4125357292151302
CD8 T Cell,ABCC1_SLC16A1,9364,0.0008543357539513029,0.39223053030884397,52.913601854636475,2.289499334124324,-0.4787790601389342
CD8 T Cell,ABCC2_SLC16A1,9364,0.00010679196924391286,0.054154093854865214,31.774500133956508,2.477878676155963,-4.936251825738174
CD8 T Cell,ABCB1_ABCC2,9364,0.0005339598462195643,0.08461748177682141,36.87775409443003,2.8131283743318725,-0.30021514042274894
CD8 T Cell,ABCC2_ABCC4,9364,0.0005339598462195643,0.029478006466860895,33.693842520961596,2.7782883524905007,-1.7842487322931246
CD8 T Cell,ABCC4_SLCO2B1,9364,0.00042716787697565144,0.1688561095079467,90.63929619784051,2.093902583971198,-1.6415085601770427
CD8 T Cell,ABCC3_SLCO2B1,9364,0.0,0.025620377361809964,,2.6077251353042907,-inf
CD8 T Cell,ABCC1_ABCC4,9364,0.0016018795386586928,0.1556614154066596,31.346791854683413,2.6422853808776727,0.03476910729005961
CD8 T Cell,ABCC4_SLC16A1,9364,0.0,0.06074382639847281,,2.5204163380148925,-inf
CD8 T Cell,ABCB1_SLCO2B1,9364,0.0019222554463904314,0.6826431206420505,91.93912290445836,2.379574552210794,1.7799552082612342
CD8 T Cell,ABCC2_ABCC2,9364,0.002349423323366083,0.020080661602259353,8.547059783798026,1.9592748945183258,-3.0037871565744196
CD8 T Cell,ABCC1_ABCC1,9364,0.023601025202904743,0.32578270638759554,13.67914914859571,1.4763983981408477,-0.670205707320523
CD8 T Cell,ATP7B_TAP1,9364,0.00010679196924391286,0.0354163223213172,86.21540495451245,2.2820498076795896,-2.5624369891858434
CD8 T Cell,ATP7A_TAP1,9364,0.0034173430158052115,0.8265398284284279,87.29834339633035,1.6071287671182646,0.17368220129466572
CD8 T Cell,TAP1_TAP1,9364,0.09354976505766767,4.752435605493718,38.09003618373626,0.8965115855335388,0.5031448791690738
CD8 T Cell,AQP5_ATP7A,9364,0.0,0.0,,2.8872717735119204,-inf
CD8 T Cell,AQP9_ATP7A,9364,0.00010679196924391286,0.0158634791776194,30.57714359401257,2.7966489290019187,-3.220044791738766
CD8 T Cell,AQP7_ATP7B,9364,0.0,0.0,,2.966942839643701,-inf
CD8 T Cell,AQP5_AQP9,9364,0.0,0.0,,2.979125663352646,-inf
CD8 T Cell,AQP5_AQP5,9364,0.0,0.0,,2.984520393904768,-inf
CD8 T Cell,AQP9_AQP9,9364,0.00074754378470739,0.01085407532475874,14.519651620148693,2.8781258373656198,-2.01896287664773
CD8 T Cell,ABCC2_SLC22A5,9364,0.00021358393848782572,0.01801973306613366,28.197185716579952,2.7737458739690366,-3.743606747795779
CD8 T Cell,ABCC4_SLC22A5,9364,0.00010679196924391286,0.01622609240753949,30.19178232414197,2.790425788926055,-4.258179920625537
CD8 T Cell,SLC24A4_SLC24A4,9364,0.0,0.0,,2.9208063350503655,-inf
CD8 T Cell,CLCN4_CLCN4,9364,0.0,0.0,,2.9914218280314344,-inf
CD8 T Cell,CLCN5_CLCN5,9364,0.00149508756941478,0.010835749803071332,7.247568653997139,1.9319154594882593,-3.6463095464408637
CD8 T Cell,CLCN3_CLCN3,9364,0.013135412217001282,0.6087413438076205,29.041867986346496,0.7672886810508355,-2.8963090543116206
CD8 T Cell,CLCN3_CLCN5,9364,0.0012815036309269544,0.23104542848552354,38.69654947309521,2.5989346997465974,-1.0661321082850845
CD8 T Cell,SLC9A1_SLC9A1,9364,0.004058094831268688,0.04394404046848932,10.828736709129842,1.931569665193814,-1.8935332057802396
CD8 T Cell,SLC6A17_SLC6A17,9364,0.00854335753951303,0.25174333696758505,24.196103867487757,0.9301936895545135,-3.493240947008763
CD8 T Cell,SLC6A9_SLC6A9,9364,0.0003203759077317386,0.0026309765973026623,8.21215495238071,2.4039058914695093,-4.612362214517526
CD8 T Cell,SLC6A17_SLC6A9,9364,0.00010679196924391286,0.03598849466691405,27.721305417408075,2.796826192270462,-3.435057682709616
CD8 T Cell,SLC26A2_SLC26A2,9364,0.00523280649295173,0.0650540617629922,12.431963966299161,1.4476393716851061,-3.2142497700891606
CD8 T Cell,ORAI2_ORAI3,9364,0.0009611277231952157,0.1627925295037752,43.153411422611285,2.5297238105330493,-0.9432045863799415
CD8 T Cell,ORAI2_ORAI2,9364,0.009611277231952157,0.10773750558883165,11.209488914820218,1.8059343928058451,-1.0475412461946771
CD8 T Cell,ORAI3_ORAI3,9364,0.0058735583084152075,0.06279777473572079,10.69160659318708,1.6859039536304088,-2.1401153182210146
CD8 T Cell,SCNN1A_SCNN1G,9364,0.0,0.0,,2.99923266745952,-inf
CD8 T Cell,SCNN1A_SCNN1A,9364,0.0,0.0,,2.8966708699818557,-inf
CD8 T Cell,SCNN1G_SCNN1G,9364,0.0,0.0,,2.9998554209307327,-inf
CD8 T Cell,SLC23A2_SLC23A2,9364,0.0035241349850491242,0.038940268662967216,11.049596235152274,1.598865515538397,-3.3430688182120503
other,SLC2A1_SLC2A1,103187,0.03771792958415304,1.0876459659133617,28.836311481167026,1.702711175162967,0.10032893033487253
other,SLC2A9_SLC2A9,103187,0.001763788074079099,0.016280560611045974,9.23045169105495,2.800740472588601,0.10955033466241652
other,SLC2A3_SLC2A3,103187,0.06289551978446897,2.96090935451523,34.70873262498908,0.9926519426994199,0.05863800593043748
other,SLC2A1_SLC2A3,103187,0.004409470185197748,1.4386784306278897,96.83849472575889,1.7859547192010423,0.08159627309141519
other,SLC2A1_SLC2A9,103187,0.0023452566699293516,0.14820430792671074,28.850109946648082,2.7802501979577956,0.03295363237207327
other,SLC1A5_SLC3A2,103187,0.002006066655683371,1.6753514805381664,64.9906939661513,1.7855850709166257,0.06391710585658958
other,SLC38A7_SLC3A2,103187,0.0032756064232897556,0.6929660803516409,47.90861703442676,2.055151304027889,0.10834457191701935
other,SLC3A2_SLC7A5,103187,0.004021824454630913,4.033273194627972,73.06642638543232,1.7030656561449196,0.07074111766592195
other,SLC1A5_SLC1A5,103187,0.04530609475999884,0.48781228891228184,10.266800466419541,1.4024388037531137,0.06665851491396685
other,SLC7A5_SLC7A5,103187,0.08754009710525551,2.4286872898418386,21.267766485963264,1.0411781482225833,0.10407318581695077
other,SLC1A5_SLC38A7,103187,0.001531200635738998,0.35036404630351314,32.82503589967503,2.4385864914472237,0.002833643995737735
other,SLC1A5_SLC7A5,103187,0.0024906238188919148,1.8657801218709393,66.37209345231545,1.846661237747769,0.006820887885423598
other,SLC38A7_SLC38A7,103187,0.010805624739550525,0.07351080059356445,6.803012538877251,2.082043898926831,0.1047624313385797
other,SLC38A7_SLC7A5,103187,0.00476804248597207,0.7737756058503258,49.570686233811465,2.1039998744868447,0.10204787119788561
other,SLC3A2_SLC3A2,103187,0.06566718675802184,1.7588377814676184,18.92541012464149,1.0446220642478676,0.09790119099954514
other,SLC7A7_SLC7A7,103187,0.021310824037911753,0.3302823130835409,15.498336080105199,1.9098367295507397,0.011809982950566348
other,SLC43A2_SLC43A2,103187,0.008266545204337755,0.09052324358738112,10.95055326617948,2.3631053737906833,0.08858037511933187
other,SLC1A5_SLC7A11,103187,0.0006977623150203029,0.03259090640938167,17.60027312162333,2.8357996038173034,0.08578928633409551
other,SLC7A11_SLC7A11,103187,0.0004070280170951767,0.0021290353941781515,5.230685124263355,2.9791517055711094,0.1253176505207328
other,SLC16A1_SLC16A1,103187,0.056576894376229564,0.7284838945080258,11.750727465903303,1.325887513358489,0.10616980892393282
other,SLC16A1_SLC16A4,103187,0.005068467927161367,2.311387479871164,62.47512946234766,1.9132115378837107,0.10070235126648462
other,SLC16A4_SLC16A4,103187,0.09298651961971954,2.334895012009075,20.855312638903396,1.0940228208578087,0.10946698586015151
other,SLC16A1_SLC22A5,103187,0.0022095806642309593,0.46543458474300586,29.695180639941793,2.4258682919906533,0.09402152003119452
other,SLC22A5_SLCO2B1,103187,0.002151433804645934,0.6474892149329737,59.308341860663326,2.03074691200857,0.09318502957992408
other,SLCO2B1_SLCO2B1,103187,0.05565623576613333,2.1010873464347846,27.224330808472175,1.0572578510872066,0.06456620923061476
other,SLC22A5_SLC22A5,103187,0.013490071423725858,0.09071676858094108,6.724706321524114,2.0821312926653652,0.11190673126117304
other,SLC16A1_SLC1A5,103187,0.0018219349336641244,1.067669576118858,49.525953290168914,2.0111817703188,0.0505498821187608
other,SLC3A2_SLC7A11,103187,0.0007559091746053282,0.06384790790313917,18.441055311550365,2.7334716903821215,0.035680438036056514
other,SLC16A1_SLC7A11,103187,0.001143554905172163,0.04606343290092503,16.49570108867565,2.816630018243972,0.06544619454333424
other,SLC16A1_SLC3A2,103187,0.0031205481310630214,2.114450613234257,62.965634892042665,1.7628777024249538,0.09868252401726621
other,SLC1A3_SLC1A3,103187,0.006783800284919612,0.07513905324576559,11.076247838958306,2.4230783518273395,0.08868872853001032
other,SLC1A1_SLC1A1,103187,1.938228652834175e-05,0.0007502990038279096,38.71055165399525,2.9964387726294066,0.12531765052073307
other,SLC1A1_SLC1A2,103187,1.938228652834175e-05,0.0011537565873413484,59.52634048899586,2.9977281334092996,0.12531765052073307
other,SLC39A8_SLC39A8,103187,0.033977148284183085,0.4893113263577206,14.399343709256431,1.6641913118087064,0.08474424984792961
other,SLC30A8_SLC30A8,103187,0.00031980772771763883,0.0017435274864983621,5.4517991136153485,2.9990512655179087,0.1253176505207328
other,CUBN_CUBN,103187,0.004952174207991317,0.03521830707049038,7.11168581542601,2.5654875165205087,0.11126987603510023
other,CUBN_SLC3A2,103187,0.0021029780883250796,0.3822366718492012,46.589768062558356,2.2440113697666066,0.09896632357378066
other,SLC11A2_SLC3A2,103187,0.0021029780883250796,3.4796986468042683,71.07419970972066,1.5754117980095625,0.053978868800470606
other,SLC40A1_SLC40A1,103187,0.05337881709905318,1.4368503943865676,26.77924127942739,1.5096892961186652,-0.010327374678420525
other,SLC11A2_SLC11A2,103187,0.061383701435258314,1.9240138622951437,20.29661119979675,0.9966537864757182,0.0969003529676357
other,CUBN_SLC11A2,103187,0.0018800817932491496,0.39186687701492134,48.136564687633445,2.191896484982879,0.11052064859265244
other,SLC16A9_SLC16A9,103187,0.0002907342979251262,0.0015039544676383367,5.172951655073235,2.996075537173104,0.1253176505207328
other,SLC12A2_SLC5A3,103187,0.003072092414742167,1.0551213003155193,51.02593899657402,1.9890830099952461,0.08936077274432339
other,SLC12A2_SLC1A5,103187,0.0016474943549090485,0.6907540004314345,44.230654426861626,2.1265857906041306,0.08349747482610576
other,SLC5A1_SLC5A5,103187,0.000310116584453468,0.0029206289759426294,9.417841941893503,2.9899579631912125,0.12531765052073307
other,SLC10A1_SLC10A1,103187,1.938228652834175e-05,0.000696980725416958,35.959675056799824,3.0001481796482667,0.12531765052073307
other,SLC5A3_SLC5A3,103187,0.05340789052884569,0.9873128774562886,14.650455138974767,1.1926819303490679,0.0748992146767883
other,SLC12A2_SLC12A2,103187,0.03921036564683536,0.31993489704460903,8.155583968181112,1.6092133841082845,0.1051348161864811
other,SLC22A5_SLC29A1,103187,0.006231405118861872,1.166910300164967,59.33246678527328,1.9759070909807603,0.12083722753806386
other,SLC10A1_SLC6A2,103187,9.691143264170874e-06,0.00072651226576537,74.96662116753123,3.0000778247270907,0.12531765052073307
other,SLC1A5_SLC29A1,103187,0.0028007404033453826,2.4753710167535763,79.23581681033106,1.682991023060133,0.04285549032875996
other,SLC5A7_SLC5A7,103187,1.938228652834175e-05,0.00026365103797874363,13.602679827956308,3.0002211127686365,0.12531765052073307
other,SLC22A5_SLC5A3,103187,0.0030527101282138256,0.5598408734935996,41.48332624563253,2.1556896759065243,0.11618663876860473
other,SLC1A5_SLC22A5,103187,0.0016668766414373905,0.36351598997880896,30.874831713460072,2.4526964253190915,-0.0106600189982416
other,SLC12A2_SLC29A1,103187,0.005620863093219107,2.1954104095923155,69.53399654927767,1.793769029719413,0.10065559628646376
other,SLC1A5_SLC5A3,103187,0.001928537509570004,1.2598737908989663,56.786390750938494,1.8966143140657448,0.027232650838543558
other,SLC6A4_SLC6A4,103187,3.87645730566835e-05,0.001068162898948687,27.55513126345454,2.999080438766055,0.12531765052073307
other,SLC29A1_SLC29A1,103187,0.09444988225260934,4.250177928778717,29.923261280894486,0.9065638199600182,0.10605496305818042
other,SLC5A5_SLC5A5,103187,0.000310116584453468,0.001435793083582633,4.629849403613786,2.9978383734677303,0.12531765052073307
other,SLC29A1_SLC5A3,103187,0.002141742661381763,3.7234493515113383,66.70270508044122,1.5998537615350041,0.09304124749697662
other,SLC5A1_SLC5A1,103187,0.004244720749706843,0.08591945964772184,20.241486946733957,2.94538889319578,0.12531765052073307
other,SLC12A2_SLC22A5,103187,0.0025972263947977945,0.3271291547451779,27.784652657057336,2.519049727759432,0.09337475801797879
other,SLC16A4_SLCO2B1,103187,0.0014827449194181439,2.84476669244342,78.67211368686051,1.552047704873141,0.051788615098767685
other,CD36_MSR1,103187,0.006066655683370967,1.2347951750526431,98.46772241580854,2.2771381268372837,0.07326182945421296
other,CD36_CD36,103187,0.03311463653367188,1.318896857474533,39.828214817742065,1.944581570148094,0.09358125555513666
other,CD36_CPT1A,103187,0.002858887262930408,0.4490357918702513,52.131270808640714,2.538725352765776,0.06779394939975701
other,MSR1_MSR1,103187,0.0597265159370851,1.7998947559160077,28.90609771050451,1.368685092357611,0.004358755084871577
other,CPT1A_MSR1,103187,0.003159312704119705,0.7250071925790691,80.82175656408926,2.2777890047555944,-0.1033830232839381
other,CPT1A_CPT1A,103187,0.015932239526296917,0.1949100252786782,12.233686604885017,1.933691639494498,0.02777246673045496
other,SLC6A1_SLC6A1,103187,0.00011629371917005049,0.001336871380411347,11.495645594208804,2.996204395191375,0.1253176505207328
other,SLCO1C1_SLCO1C1,103187,0.00010660257590587962,0.0015285073704842608,14.338371821650856,2.998200121744763,0.12531765052073307
other,ABCA1_ABCA1,103187,0.054561136577282024,2.233785327352283,28.4648589001719,1.0241367719047638,0.0836439115944908
other,ABCB1_ABCB1,103187,0.001385833486776435,0.011347990866310626,8.188567367286677,2.8873437725969398,-0.03673910758823996
other,ABCG2_CD36,103187,0.00016474943549090487,0.01613016957936497,65.39691607931856,2.940895425790219,0.12531765052073307
other,ATP7A_ATP7A,103187,0.028831151210908353,0.24421920068111005,8.470671146447632,1.742498788039502,0.10079533138666408
other,SLC20A2_SLC20A2,103187,0.0037989281595549825,0.024855502031024945,6.542767061416763,2.5351531817033743,0.10340287409229212
other,ATP7A_ATP7B,103187,0.0018413172201924661,0.04643233908195724,14.89221492657524,2.820633548303892,0.09526041666455322
other,ATP7B_SLC20A2,103187,0.00048455716320854373,0.01714868240817817,17.8916952937712,2.881084718359124,0.12531765052073307
other,ATP7A_SLC20A2,103187,0.0017347146442865866,0.12122900997600584,20.73846751833096,2.692925138603681,0.04689100356391683
other,SLC19A1_SLC19A1,103187,0.0011629371917005048,0.007206838239893491,6.19710014549908,2.8154492321300775,0.1014709085663649
other,CHRNA5_CHRNA5,103187,0.00620233168906936,0.03823923755672732,6.165300321509409,2.453616883529783,0.11632886729347834
other,CHRNA5_SLC29A1,103187,0.004167191603593476,0.6993300401398074,55.68409539333479,2.122212906110104,0.11195926766571414
other,ABCC3_FOLR2,103187,0.0002519697248684427,0.015975550557673794,39.28114132826258,2.9277166587679972,0.12531765052073307
other,FOLR1_FOLR1,103187,1.938228652834175e-05,0.0005186959147100383,26.761337675592358,2.999993561433084,0.12531765052073307
other,ABCC4_ABCC4,103187,0.008460368069621173,0.05935124885473259,7.0152088379991895,2.2220764776108815,0.09911588532040289
other,FOLR2_FOLR2,103187,0.006115111399691822,0.09439007692020376,15.435544955887584,2.538561908918725,0.05177441415635723
other,ABCC4_SLC19A1,103187,0.0016862589279657322,0.03867077987881557,15.689847044448516,2.849982626757131,0.10065559628646406
other,TRPV6_TRPV6,103187,5.8146859585025245e-05,0.0009461215918286438,16.271241449337044,2.9991920121817897,0.1253176505207328
other,LRP1_LRP1,103187,0.05066529698508533,1.103800045968224,19.748788194081254,1.2929197701578683,0.0904208309918556
other,SLC29A3_SLC29A3,103187,0.0030527101282138256,0.03419103222265325,11.200222355425147,2.621476549446722,0.03650838356287689
other,LRP2_LRP2,103187,7.7529146113367e-05,0.00034610204270921907,4.464153935129524,2.9993867578716076,0.12531765052073307
other,SLC15A1_SLC15A1,103187,0.00365356101059242,0.11277303779100313,30.866608622122655,2.9684642859937527,0.12531765052073307
other,CD38_CD38,103187,0.017211470437167472,0.3426426356991818,19.907807235299252,2.035176201160597,-0.13758136091186451
other,SLC12A6_SLC12A6,103187,0.001540891779003169,0.009985163984375942,6.48012022676604,2.8217319802406142,0.08064860118700458
other,SCARB1_SCARB1,103187,0.06452363185284968,0.9509831140325806,13.130173286864082,1.2798895417891105,0.11237472542649737
other,ABCC2_SLCO2B1,103187,0.0017540969308149283,0.7295332455896867,57.12501098712769,1.9871443060335834,0.09378207708762613
other,ABCC1_SLCO2B1,103187,0.0025681529650052816,1.494273790275283,83.4206308375518,1.7786470286875882,-0.044002320490866956
other,ABCC1_SLC16A1,103187,0.0012210840512855302,0.8422061983244052,52.59366938299746,2.049855679377637,0.0365083835628772
other,ABCC2_SLC16A1,103187,0.003556649577950711,0.5680398966597046,37.269590964212725,2.235882254492191,0.12139194730693298
other,ABCB1_ABCC2,103187,0.0006686888852277903,0.034082421724972216,22.140816100581333,2.784981891762119,0.024388741669952436
other,ABCC2_ABCC4,103187,0.0019576109393625164,0.16330589430241454,23.291397669375446,2.6431862777831787,0.09004217577320243
other,ABCC4_SLCO2B1,103187,0.0014149069165689475,0.532015908632674,60.39445912789693,2.083452255302299,0.08632351890486914
other,ABCC3_SLCO2B1,103187,0.0004167191603593476,0.08724512720993187,75.59987238871133,2.6158531743530307,0.12531765052073307
other,ABCC1_ABCC4,103187,0.0015602740655315107,0.24661966331084084,30.377558597359638,2.5215917617404804,-0.0031970900019472927
other,ABCC4_SLC16A1,103187,0.0024906238188919148,0.3601889876922075,36.21630181852266,2.30610306529647,0.1253176505207328
other,ABCB1_SLCO2B1,103187,0.00043610144688768933,0.11150235694180498,53.40023017457289,2.441196002517652,-0.3601091766495088
other,ABCC2_ABCC2,103187,0.020341709711494665,0.14583491085797837,7.169255334303104,1.9718873675860709,0.11027519628233207
other,ABCC1_ABCC1,103187,0.038822719916268525,0.4014561134259059,10.214425933933878,1.4807577094970112,0.04784595930264801
other,ATP7B_TAP1,103187,0.0006783800284919612,0.1974998940375592,61.43442088080348,2.3498818118251608,0.10485354796101755
other,ATP7A_TAP1,103187,0.0029945632686288,1.4125010921551542,73.47666062942463,1.7124309313578756,-0.016847250599065035
other,TAP1_TAP1,103187,0.06350606181011174,3.780218621855888,34.69539426633265,0.8573093697209216,-0.05569484384006391
other,AQP5_ATP7A,103187,0.0018025526471357827,0.09190988221203579,43.487399563195815,2.8424782281513825,0.12531765052073307
other,AQP9_ATP7A,103187,0.001075716902322967,0.07223901994690257,40.82036415730194,2.711120880523932,0.11237859481323485
other,AQP7_ATP7B,103187,0.0005911597391144234,0.009244925864394331,13.389025922670484,2.937659784370579,0.12531765052073307
other,AQP5_AQP9,103187,0.0010272611860021126,0.02806084902926226,24.69836730063462,2.9721893858679174,0.12531765052073307
other,AQP5_AQP5,103187,0.0023646389564576935,0.0507102168118329,21.445225992469677,2.985292973013113,0.12531765052073307
other,AQP9_AQP9,103187,0.003236841850233072,0.05558363209434098,17.172180374008274,2.8774297413090144,0.09539401397061287
other,ABCC2_SLC22A5,103187,0.00310116584453468,0.2231276072278048,24.29607444900343,2.6054320902039816,0.11632886729347834
other,ABCC4_SLC22A5,103187,0.0022192718074951303,0.13474647979743046,23.361284536642916,2.6505341136574088,0.11903138767330164
other,SLC24A4_SLC24A4,103187,0.0010175700427379419,0.006616609263905488,6.502362477282053,2.9223466364302397,0.12531765052073307
other,CLCN4_CLCN4,103187,0.000155058292226734,0.0017055634059783176,10.999498198292791,2.9909663582147465,0.12531765052073307
other,CLCN5_CLCN5,103187,0.020283562851909638,0.1471057874571503,7.2524629194175665,1.942342137734059,0.1156996479591359
other,CLCN3_CLCN3,103187,0.10547840328723579,4.2489449413121605,27.964939455710237,0.9149275121699063,0.1091052018007126
other,CLCN3_CLCN5,103187,0.0028104315466095536,1.5034243270672498,37.740373593331206,2.12372738785891,0.06682200121058866
other,SLC9A1_SLC9A1,103187,0.01607760667525948,0.11631392215274729,7.234529647483746,1.9372914677683453,0.09264497193393285
other,SLC6A17_SLC6A17,103187,0.10416040780330856,3.049059059952426,23.902529239904265,1.0586645474929288,0.11461908431893536
other,SLC6A9_SLC6A9,103187,0.008518514929206198,0.06456487460547498,7.579358038583785,2.4065068010530837,0.12040216010661642
other,SLC6A17_SLC6A9,103187,0.0012501574810780429,0.4523142312122187,28.509652157371953,2.3876908610172083,0.11417709291553266
other,SLC26A2_SLC26A2,103187,0.052496923062013624,0.5031037720301024,9.448505989287002,1.4755069127437825,0.11232628146857858
other,ORAI2_ORAI3,103187,0.001928537509570004,0.354585644207084,33.69172555167821,2.3774979079975034,0.06150255292328953
other,ORAI2_ORAI2,103187,0.020797193444910697,0.17397835384990423,8.365472692781951,1.8130238641901706,0.06604753843406473
other,ORAI3_ORAI3,103187,0.02770697859226453,0.22297799430038753,8.046486920444938,1.6985447774185212,0.09782739308731848
other,SCNN1A_SCNN1G,103187,0.0012113929080213592,0.015148865155119744,12.505327590090728,2.993208757325091,0.1253176505207328
other,SCNN1A_SCNN1A,103187,0.0073652688807698645,0.16244337237127351,22.05532140115079,2.8982011307095097,0.12531765052073307
other,SCNN1G_SCNN1G,103187,9.691143264170875e-05,0.0003697331683800561,3.8151656445632853,2.9998389432178993,0.12531765052073307
other,SLC23A2_SLC23A2,103187,0.03868704391057013,0.3144055798708536,8.12101316307425,1.6166754968001702,0.11344058796865178
