cell_type,metabolite,n_cells,frac_sig,mean_cs,mean_cs_sig,mean_neg_log10_pval,log2_enrichment
CD4 T Cell,"(3a,5b,7a)-23-Carboxy-7-hydroxy-24-norcholan-3-yl-b-D-Glucopyranosiduronic acid",34384,0.01390181479758027,0.2657492582461137,15.633758737010256,1.324731377185136,-2.396102303574628
CD4 T Cell,17a-Ethynylestradiol,34384,0.0003489995346672871,0.0034716829636094867,9.947528918395717,2.796108403970616,-2.027417360204625
CD4 T Cell,"1b,3a,12a-Trihydroxy-5b-cholanoic acid",34384,0.01390181479758027,0.2657492582461137,15.633758737010256,1.324731377185136,-2.396102303574628
CD4 T Cell,2-Hydroxychlorpropamide,34384,0.0002908329455560726,0.0030871013259353873,10.614689199096237,2.818260164663657,-1.9694341760982166
CD4 T Cell,25-Hydroxycholesterol,34384,0.13599348534201955,4.589040905811577,31.509465356818296,1.3570403522077528,1.5131340222569254
CD4 T Cell,"3',4'-Dihydrodiol",34384,0.0005234993020009306,0.007357336977825627,14.054148591419796,2.7847595064991597,-1.5511904990243501
CD4 T Cell,3-Sulfodeoxycholic acid,34384,0.01390181479758027,0.2657492582461137,15.633758737010256,1.324731377185136,-2.396102303574628
CD4 T Cell,"3alpha,7alpha-Dihydroxycoprostanic acid",34384,0.01390181479758027,0.2657492582461137,15.633758737010256,1.324731377185136,-2.396102303574628
CD4 T Cell,3b-Hydroxy-5-cholenoic acid,34384,0.01390181479758027,0.2657492582461137,15.633758737010256,1.324731377185136,-2.396102303574628
CD4 T Cell,4'-Hydroxydiclofenac,34384,0.007794322940902746,1.3294003475810878,35.45446863333215,1.0576977657839657,-0.20464642993784884
CD4 T Cell,4-Hydroxycyclophosphamide,34384,0.0002908329455560726,0.0030871013259353873,10.614689199096237,2.8213370952149197,-1.8947148227185115
CD4 T Cell,4-Hydroxyvalsartan,34384,0.0,0.0,,2.996619067824351,-inf
CD4 T Cell,4-ene-Valproic acid,34384,0.004798743601675198,0.030404647598873374,6.3359600184221945,2.1030151534372443,-1.7068134462646447
CD4 T Cell,5-Hydroxyomeprazole,34384,0.015239646347138204,0.27348827227093964,14.951559730746268,1.3171217350546272,-2.3312783692276184
CD4 T Cell,5-Methyltetrahydrofolic acid,34384,0.019834806886924152,0.7891586980460301,31.103659156981575,0.9972205600735528,-2.4035700495385406
CD4 T Cell,8-Hydroxycarvedilol,34384,0.0002908329455560726,0.0030871013259353873,10.614689199096237,2.8213370952149197,-1.8947148227185115
CD4 T Cell,ADP,34384,0.012796649604467194,0.09631004488280372,7.526192234659825,1.8093575554573855,-1.008011754033762
CD4 T Cell,Acetate,34384,0.23225919032107958,10.289558781084413,37.34907589759048,1.2901787507276046,2.139947925057583
CD4 T Cell,Acetyl-L-Carnitine,34384,0.0034027454630060493,0.020352182924478324,5.981106475856946,2.1163454573738467,-2.1614859346266577
CD4 T Cell,Acetylcholine,34384,2.908329455560726e-05,0.0004016339909402823,13.809783144490666,2.997855002617019,0.432014258432672
CD4 T Cell,Adenine,34384,0.05624709167054444,0.6971539531433487,12.39448889600874,2.1143326966983538,1.8862025844111083
CD4 T Cell,Adenosine,34384,0.050255932992089344,1.2312307410043788,18.803471557796207,1.1640981595041084,-0.15489501179568793
CD4 T Cell,Adenosine diphosphate ribose,34384,0.019543973941368076,0.24989903028779742,12.786500383058968,1.898050697477333,-0.37636261949460403
CD4 T Cell,Adenosine triphosphate,34384,0.005613075849232201,7.2098256395165885,97.66047457372699,0.739176724068516,-1.0438591489609061
CD4 T Cell,Adenosylcobalamin,34384,0.00017449976733364356,0.0013060703634666213,7.484653896239384,2.924252940115365,-1.7643829543708314
CD4 T Cell,Amiloride-sensitive sodium transport,34384,0.004536993950674732,0.3066288448036148,30.232068144569787,1.0303146860982337,-3.744489235333645
CD4 T Cell,Anion exchange,34384,0.0034027454630060493,0.02733239695620253,8.032454161898015,2.21920304447897,-1.0500323414549162
CD4 T Cell,Betaine,34384,0.00037808282922289436,0.0016170192721437233,4.276891588722291,2.9926187166631633,2.0169767591538283
CD4 T Cell,Bilirubin,34384,5.816658911121452e-05,0.0003845816376740995,6.6117275148931185,2.971409027521268,-2.3924141769838734
CD4 T Cell,Butyrate,34384,0.0013959981386691485,0.010052464674395063,7.200915528424996,2.9279163400187405,1.6361549752128974
CD4 T Cell,Cadmium,34384,0.014687063750581666,0.35573828912156125,17.2708338996743,1.2335231615584723,-1.7194888045423797
CD4 T Cell,Calcidiol,34384,0.00031991624011167984,0.0030283328183104852,9.466017784071612,2.8846133518021735,-2.039291460492917
CD4 T Cell,Calcium,34384,0.00017449976733364356,0.0013060703634666213,7.484653896239384,2.924252940115365,-1.7643829543708314
CD4 T Cell,Calcium release-activated calcium transport,34384,0.002675663099115868,0.6790761432687124,39.75422669766889,1.3216199671542246,-0.4762695724757129
CD4 T Cell,Chenodeoxycholic acid,34384,0.01390181479758027,0.2657492582461137,15.633758737010256,1.324731377185136,-2.396102303574628
CD4 T Cell,Chenodeoxycholic acid 3-sulfate,34384,0.01390181479758027,0.2657492582461137,15.633758737010256,1.324731377185136,-2.396102303574628
CD4 T Cell,Chloride,34384,0.0025302466263378317,0.42170871664987913,32.07736275959987,1.3162602659025358,-1.5596704733553244
CD4 T Cell,Chloride ion,34384,0.004653327128897162,0.4424670595897551,33.478298407582884,1.1094158147278717,-3.126406454835992
CD4 T Cell,Chloride_bicarbonate anion exchange,34384,2.908329455560726e-05,0.00033393566317419616,11.482043842581561,2.998087752475859,-0.9830232408461715
CD4 T Cell,Cholesterol,34384,0.032427873429502097,0.532824800184996,14.837591870914428,1.9837450651113386,1.213138124614212
CD4 T Cell,Cholic acid,34384,0.003344578873894835,2.7637264006262483,76.54896689096677,0.8301226716491908,-1.8701246258668052
CD4 T Cell,Choline,34384,0.0034027454630060493,0.02415588542481643,6.081396502543714,2.104724332250701,-2.166923660888531
CD4 T Cell,Citric acid,34384,0.26300023266635647,9.725688711961903,33.677167213693274,1.545165998235762,2.390654535031713
CD4 T Cell,Cobalamin,34384,0.00017449976733364356,0.0013060703634666213,7.484653896239384,2.924252940115365,-1.7643829543708314
CD4 T Cell,Coprocholic acid,34384,0.01390181479758027,0.2657492582461137,15.633758737010256,1.324731377185136,-2.396102303574628
CD4 T Cell,Cortisol,34384,0.0015414146114471848,0.01639022295802175,7.757095305188245,2.6978976034669584,0.2252609608738146
CD4 T Cell,Creatine,34384,0.0034027454630060493,0.020352182924478324,5.981106475856946,2.1163454573738467,-2.1614859346266577
CD4 T Cell,Cyclic AMP,34384,0.0027629129827826896,0.02277118996634251,8.241732587397061,2.4003968657020778,-1.2988640058546193
CD4 T Cell,Cytidine,34384,0.050255932992089344,1.2312307410043788,18.803471557796207,1.1640981595041084,-0.15489501179568793
CD4 T Cell,D-Aspartate,34384,0.016402978129362495,0.14731834411935185,8.981194936524458,2.7894450998894826,2.6057813261693785
CD4 T Cell,D-Galactose,34384,0.07986272684969753,5.800781890660338,43.843741118548266,0.9695490976520558,0.6463877653564409
CD4 T Cell,D-Glucose,34384,0.06116216845044207,6.851347996144937,55.08426559005255,0.9085577132305508,0.7217749786015578
CD4 T Cell,D-Lactate,34384,0.0013959981386691485,0.010052464674395063,7.200915528424996,2.9279163400187405,1.6361549752128974
CD4 T Cell,D-Maltose,34384,0.07739064681247092,5.560597773349818,42.913868072382755,0.9853862337112768,0.6228274734783321
CD4 T Cell,D-Mannose,34384,0.07986272684969753,5.800781890660338,43.843741118548266,0.9695490976520558,0.6463877653564409
CD4 T Cell,D-Xylose,34384,0.07739064681247092,5.560597773349818,42.913868072382755,0.9853862337112768,0.6228274734783321
CD4 T Cell,Dehydroascorbic acid,34384,0.07986272684969753,5.801547148648649,43.8464205140504,0.9695225595076625,0.6462861778451578
CD4 T Cell,Dehydroepiandrosterone,34384,0.0,0.0,,2.996619067824351,-inf
CD4 T Cell,Deoxycholic acid,34384,0.01390181479758027,0.2657492582461137,15.633758737010256,1.324731377185136,-2.396102303574628
CD4 T Cell,Digoxin,34384,0.0,0.0,,2.9986305590059583,-inf
CD4 T Cell,Docosahexaenoic acid,34384,0.07986272684969753,5.801547148648649,43.8464205140504,0.9695225595076625,0.6462861778451578
CD4 T Cell,Dopamine,34384,0.000785248953001396,0.07972228093879037,26.1154876787321,1.8712457434960361,-3.203983706689488
CD4 T Cell,E-3179,34384,0.0002908329455560726,0.0030871013259353873,10.614689199096237,2.8213370952149197,-1.8947148227185115
CD4 T Cell,Estradiol,34384,0.2324046067938576,10.114981467385542,37.189052560595634,1.4057714754542059,2.4205654270176056
CD4 T Cell,Estriol,34384,0.0002908329455560726,0.0030871013259353873,10.614689199096237,2.8213370952149197,-1.8947148227185115
CD4 T Cell,Estrone,34384,0.0,0.0,,2.9986305590059583,-inf
CD4 T Cell,Ethanol,34384,0.04583527221963704,1.2610054455579454,19.631544550459957,1.1456119359846368,-0.14345780036873942
CD4 T Cell,Fatty acid,34384,0.05552000930665426,15.450892269360759,110.1998563942943,1.105707697388461,1.4242260729943312
CD4 T Cell,Folic acid,34384,0.010062819916240112,3.1420114074628533,69.2124339660646,0.8201186265541089,-2.45537953121902
CD4 T Cell,Folinic acid,34384,0.004013494648673802,0.3815226812014177,32.078169740364565,1.2338651700195014,-3.2049955617066916
CD4 T Cell,Fusidic Acid,34384,5.816658911121452e-05,0.0003845816376740995,6.6117275148931185,2.9731165839263536,-2.2868039890232748
CD4 T Cell,GABA,34384,0.00037808282922289436,0.0016170192721437233,4.276891588722291,2.9853575503728065,0.9894960227317211
CD4 T Cell,Glucosamine,34384,0.021259888320148905,0.2409493752988259,11.32952947331742,1.9353948460707162,-0.20019029143540654
CD4 T Cell,Glutathione,34384,0.0034318287575616567,2.7518538076647245,76.30493362617295,0.8326742150343694,-1.806012578845745
CD4 T Cell,Glycerol,34384,0.0002908329455560726,0.0030871013259353873,10.614689199096237,2.8213370952149197,-1.8947148227185115
CD4 T Cell,Glycochenodeoxycholate-3-sulfate,34384,0.01390181479758027,0.2657492582461137,15.633758737010256,1.324731377185136,-2.396102303574628
CD4 T Cell,Glycyl-glycine,34384,0.0,0.0,,2.996326521041157,-inf
CD4 T Cell,Guanosine,34384,0.050255932992089344,1.2312307410043788,18.803471557796207,1.1640981595041084,-0.15489501179568793
CD4 T Cell,Heme,34384,0.07756514657980457,2.774878312199365,25.683994199712917,1.2565975587359266,0.9111438471417042
CD4 T Cell,Histamine,34384,0.0034027454630060493,0.020352182924478324,5.981106475856946,2.1163454573738467,-2.1614859346266577
CD4 T Cell,Hydroxycelecoxib,34384,0.0027629129827826896,0.02277118996634251,8.241732587397061,2.4003968657020778,-1.2988640058546193
CD4 T Cell,Hydroxylansoprazole,34384,0.0015414146114471848,0.01639022295802175,7.757095305188245,2.6978976034669584,0.2252609608738146
CD4 T Cell,Hyodeoxycholic acid,34384,0.01390181479758027,0.2657492582461137,15.633758737010256,1.324731377185136,-2.396102303574628
CD4 T Cell,Inosine,34384,0.050255932992089344,1.2312307410043788,18.803471557796207,1.1640981595041084,-0.15489501179568793
CD4 T Cell,Iron,34384,0.020009306654257795,36.70539540604609,251.6890707851143,0.4824464536754151,-0.5291998527076092
CD4 T Cell,Isoursodeoxycholic acid,34384,0.01390181479758027,0.2657492582461137,15.633758737010256,1.324731377185136,-2.396102303574628
CD4 T Cell,Ketone bodies,34384,0.0013959981386691485,0.010052464674395063,7.200915528424996,2.9279163400187405,1.6361549752128974
CD4 T Cell,L-Alanine,34384,0.022859469520707307,0.5369315737974775,16.573391305608936,1.1713803044903544,-1.198516103164935
CD4 T Cell,L-Arginine,34384,0.0052640763145649135,0.0528915062829374,9.706849614505572,2.370983951833192,-0.5785743765555232
CD4 T Cell,L-Asparagine,34384,0.022859469520707307,0.5369315737974775,16.573391305608936,1.1713803044903544,-1.198516103164935
CD4 T Cell,L-Aspartate,34384,0.016402978129362495,0.14731834411935185,8.981194936524458,2.7894450998894826,2.6057813261693785
CD4 T Cell,L-Carnitine,34384,0.0018322475570032573,0.056846043095561585,10.305890288977658,1.915539706849006,-3.102129051798906
CD4 T Cell,L-Cysteine,34384,0.006834574220567706,1.4839233563172687,41.9438452676992,1.0219290772240956,-0.94885663769498
CD4 T Cell,L-Cystine,34384,0.04109469520707306,0.8587262120524104,15.290841309396956,1.3177337033411929,0.25420740958227445
CD4 T Cell,L-Dopa,34384,0.0,0.0,,2.996326521041157,-inf
CD4 T Cell,L-Glutamate,34384,0.005002326663564449,3.5317101733129785,71.15734410766804,0.8179461280710606,-0.9782973929923511
CD4 T Cell,L-Glutamine,34384,0.021492554676593764,11.260123316325368,122.8070344378194,0.772090316948561,0.8193377552762727
CD4 T Cell,L-Histidine,34384,0.005147743136342485,0.04728240240844889,9.185074149220942,2.394190397270034,-0.594235640725153
CD4 T Cell,L-Isoleucine,34384,0.04292694276407631,0.3970325119647008,9.249028381703436,2.051225232508701,1.5833658752168935
CD4 T Cell,L-Lactate,34384,0.010935318752908329,0.13376592477494373,11.658346866465594,1.477711776138603,-2.2189865269739153
CD4 T Cell,L-Leucine,34384,0.005118659841786877,5.0385527014724145,96.89959153650715,0.7744707033071817,-0.9446044779881004
CD4 T Cell,L-Lysine,34384,8.724988366682178e-05,0.0007307204308642098,8.375030431611663,2.995514457192201,-1.7556127447430994
CD4 T Cell,L-Methionine,34384,0.0077070730572359235,0.6950334193815452,27.157271161617906,1.7372030255926567,1.8023827083777875
CD4 T Cell,L-Ornithine,34384,8.724988366682178e-05,0.0007307204308642098,8.375030431611663,2.995514457192201,-1.7556127447430994
CD4 T Cell,L-Phenylalanine,34384,0.0077070730572359235,0.6950334193815452,27.157271161617906,1.7372030255926567,1.8023827083777875
CD4 T Cell,L-Serine,34384,0.005118659841786877,2.369885635920414,59.97775168867386,0.875068618756663,-1.5076539918953114
CD4 T Cell,L-Threonine,34384,0.022859469520707307,0.5369315737974775,16.573391305608936,1.1713803044903544,-1.198516103164935
CD4 T Cell,L-Tyrosine,34384,0.005147743136342485,0.04728240240844889,9.185074149220942,2.394190397270034,-0.594235640725153
CD4 T Cell,L-Valine,34384,0.04292694276407631,0.3970325119647008,9.249028381703436,2.051225232508701,1.5833658752168935
CD4 T Cell,Leukotriene C4,34384,0.03687761749651,1.007329898999993,18.21760825058037,1.166432553957905,0.04092543012741533
CD4 T Cell,Lithocholic acid,34384,0.01390181479758027,0.2657492582461137,15.633758737010256,1.324731377185136,-2.396102303574628
CD4 T Cell,Malic acid,34384,0.016373894834806887,0.14712814608172226,8.985531394092252,2.8085282093248414,2.7702635787600056
CD4 T Cell,Manganese,34384,0.017013727315030248,0.424441721991501,16.71721797244798,1.234439899844314,-1.5160966842710468
CD4 T Cell,N-Desmethylcitalopram,34384,0.004362494183341089,0.08329710530307313,19.09391779160578,1.9591731828271026,-2.6667196951526875
CD4 T Cell,N-Desmethyleletriptan,34384,0.0002908329455560726,0.0030871013259353873,10.614689199096237,2.8213370952149197,-1.8947148227185115
CD4 T Cell,N-Desmethyltamoxifen,34384,0.0015414146114471848,0.01639022295802175,7.757095305188245,2.6978976034669584,0.2252609608738146
CD4 T Cell,N-desmethylimatinib,34384,0.0015995812005583992,0.017606265607246045,8.235244756834641,2.6916889374325548,0.2475896872952443
CD4 T Cell,Neurotransmitter,34384,0.0013959981386691485,0.013637662115100327,9.282738354522905,2.1849322999478735,-3.250200068312259
CD4 T Cell,Nicotinate,34384,0.23740693345742206,10.186197503908325,36.78585325076702,1.3858594841240133,2.411599111714365
CD4 T Cell,Norepinephrine,34384,0.0034027454630060493,0.02415588542481643,6.081396502543714,2.1049871461810543,-2.1625070707133287
CD4 T Cell,O-Deethylated candesartan,34384,0.0002908329455560726,0.0030871013259353873,10.614689199096237,2.8213370952149197,-1.8947148227185115
CD4 T Cell,O-Desmethylverapamil (D-702),34384,0.004042577943229409,3.421465955673035,67.60125857513638,0.7571358725009676,-2.8204583253723343
CD4 T Cell,Oxalic acid,34384,0.26300023266635647,9.725688711961903,33.677167213693274,1.545165998235762,2.390654535031713
CD4 T Cell,Phosphate,34384,0.0012505816658911122,0.2839146087582006,35.86361115113686,1.4535264346966845,-1.586045713112319
CD4 T Cell,Potassium,34384,0.0,0.0,,2.9974033791573316,-inf
CD4 T Cell,Progesterone,34384,0.0364413680781759,1.011633042975153,18.313822593835642,1.162252358145259,0.027521660966510347
CD4 T Cell,Prostaglandins,34384,5.816658911121452e-05,0.000647828734837442,11.137471609325303,2.993614450829707,-0.0704860820965112
CD4 T Cell,Putrescine,34384,0.001017915309446254,0.005887121161554047,5.783507829110697,2.582936955085078,-3.7855857640848782
CD4 T Cell,Pyruvate,34384,0.0013959981386691485,0.010052464674395063,7.200915528424996,2.9279163400187405,1.6361549752128974
CD4 T Cell,Serotonin,34384,0.004129827826896231,0.08085783271197519,19.578983943440527,1.9851845777193782,-2.69145143191698
CD4 T Cell,Sodium,34384,0.0019485807352256864,8.658789031256516,210.10920949633774,0.5466217014789809,-3.9603031643460884
CD4 T Cell,Sodium_calcium_potassium exchange,34384,0.001919497440670079,0.013784037206677013,7.181065686581552,2.5555561348992715,-0.9201964033907333
CD4 T Cell,Sodium_hydrogen exchange,34384,0.004449744067007911,0.3144226758295975,21.619955196480742,1.5258025696415207,-0.661537080421107
CD4 T Cell,Spermine,34384,0.001017915309446254,0.007197913709581309,5.783507829110697,2.572637348146785,-3.7889052735049003
CD4 T Cell,Sulfolithocholic acid,34384,0.01390181479758027,0.2657492582461137,15.633758737010256,1.324731377185136,-2.396102303574628
CD4 T Cell,Taurocholic acid,34384,0.12267333643555142,13.325155163686649,54.73081470876991,0.9232330502436462,1.9557044825529737
CD4 T Cell,Testosterone,34384,0.0025593299208934387,0.023588136667603045,6.9721457408392205,2.4029807423382827,-2.5859751140852083
CD4 T Cell,Thiamine,34384,0.00020358306188925082,0.0010476379098588754,5.145997413226796,2.875888314875509,-2.294609391512075
CD4 T Cell,Thymidine,34384,0.04906351791530945,1.2533162744077955,19.050754947956346,1.1573786697731443,-0.1495234453308674
CD4 T Cell,Trihydroxycoprostanoic acid,34384,0.01390181479758027,0.2657492582461137,15.633758737010256,1.324731377185136,-2.396102303574628
CD4 T Cell,Urea,34384,8.724988366682178e-05,0.0014163197950211384,16.23291327733561,2.8936992106364214,-5.115737163191412
CD4 T Cell,Uridine,34384,0.050255932992089344,1.2312307410043788,18.803471557796207,1.1640981595041084,-0.15489501179568793
CD4 T Cell,Ursocholic acid,34384,0.01390181479758027,0.2657492582461137,15.633758737010256,1.324731377185136,-2.396102303574628
CD4 T Cell,Ursodeoxycholic acid,34384,0.01390181479758027,0.2657492582461137,15.633758737010256,1.324731377185136,-2.396102303574628
CD4 T Cell,Ursodeoxycholic acid 3-sulfate,34384,0.01390181479758027,0.2657492582461137,15.633758737010256,1.324731377185136,-2.396102303574628
CD4 T Cell,Varanic acid,34384,0.01390181479758027,0.2657492582461137,15.633758737010256,1.324731377185136,-2.396102303574628
CD4 T Cell,Vitamin C,34384,0.005932992089343881,0.043888426708125136,7.397351293785171,2.4144572600996757,0.5396549816206418
CD4 T Cell,Vitamin D3,34384,0.032282456956724055,0.4102313901455578,12.707564070959334,2.1270750043468984,1.2730096654718148
CD4 T Cell,Water,34384,0.024139134481154026,0.6639322792639997,16.158145676182517,1.3478407516826723,0.532792028522549
CD4 T Cell,Zinc,34384,0.014047231270358305,0.3608446543919341,17.61461464395626,1.229800344040351,-1.7453038195531587
CD4 T Cell,alpha-Ketoisovaleric acid,34384,0.0013959981386691485,0.010052464674395063,7.200915528424996,2.9279163400187405,1.6361549752128974
CD4 T Cell,alpha-Tocopherol,34384,0.014454397394136807,0.13443844967167345,9.300868518130423,2.626683898415701,2.235986541095624
CD8 T Cell,"(3a,5b,7a)-23-Carboxy-7-hydroxy-24-norcholan-3-yl-b-D-Glucopyranosiduronic acid",12339,0.008833779074479292,0.19375217909342665,21.084309993036456,1.3213571186538575,-3.050272876572205
CD8 T Cell,17a-Ethynylestradiol,12339,0.0033227976335197342,0.04104257807165897,12.351813922590244,2.773398652342112,1.2236840538985474
CD8 T Cell,"1b,3a,12a-Trihydroxy-5b-cholanoic acid",12339,0.008833779074479292,0.19375217909342665,21.084309993036456,1.3213571186538575,-3.050272876572205
CD8 T Cell,2-Hydroxychlorpropamide,12339,0.0029175784099197666,0.0332030939015003,11.380360434739229,2.8140764083740395,1.3570746406629786
CD8 T Cell,25-Hydroxycholesterol,12339,0.011913445173839047,0.3217153342081015,22.89385173356371,1.1907094679920665,-1.9997409372321213
CD8 T Cell,"3',4'-Dihydrodiol",12339,0.0034038414782397277,0.044390245372410445,13.041219944051726,2.747269428818297,1.1497138325183431
CD8 T Cell,3-Sulfodeoxycholic acid,12339,0.008833779074479292,0.19375217909342665,21.084309993036456,1.3213571186538575,-3.050272876572205
CD8 T Cell,"3alpha,7alpha-Dihydroxycoprostanic acid",12339,0.008833779074479292,0.19375217909342665,21.084309993036456,1.3213571186538575,-3.050272876572205
CD8 T Cell,3b-Hydroxy-5-cholenoic acid,12339,0.008833779074479292,0.19375217909342665,21.084309993036456,1.3213571186538575,-3.050272876572205
CD8 T Cell,4'-Hydroxydiclofenac,12339,0.007293946024799417,1.1870716441342872,36.17607068593473,1.0632634084899284,-0.3003706138597012
CD8 T Cell,4-Hydroxycyclophosphamide,12339,0.0029175784099197666,0.0332030939015003,11.380360434739229,2.8168376112815054,1.4317939940426836
CD8 T Cell,4-Hydroxyvalsartan,12339,0.0,0.0,,2.9965508679942046,-inf
CD8 T Cell,4-ene-Valproic acid,12339,0.002512359186319799,0.019073617737323544,7.591915137446297,2.098450926402285,-2.64042743991734
CD8 T Cell,5-Hydroxyomeprazole,12339,0.009968392900559203,0.2753597827881913,22.1765977458393,1.3031703711102411,-2.9436749552195836
CD8 T Cell,5-Methyltetrahydrofolic acid,12339,0.033795283248237294,1.2872380725976196,33.15206845049477,1.017202240562401,-1.6347824949118042
CD8 T Cell,8-Hydroxycarvedilol,12339,0.0029175784099197666,0.0332030939015003,11.380360434739229,2.8168376112815054,1.4317939940426836
CD8 T Cell,ADP,12339,0.006807682956479455,0.06144289944295372,9.025523050316737,1.8061016187752028,-1.9185421345734162
CD8 T Cell,Acetate,12339,0.022449144987438205,1.1218080434819562,30.91446963396952,1.0640977989038145,-1.2310553553200319
CD8 T Cell,Acetyl-L-Carnitine,12339,0.0021071399627198314,0.014283924097138776,6.778820747484437,2.1120622756319603,-2.8528990258627247
CD8 T Cell,Acetylcholine,12339,0.0,0.0,,2.9982139843105733,-inf
CD8 T Cell,Adenine,12339,0.004457411459599644,0.05245266191692071,11.76751627987063,2.087447249643472,-1.771297871334828
CD8 T Cell,Adenosine,12339,0.014587892049598834,0.3339415528985885,18.740311935093136,1.120840700892999,-1.9394175074232365
CD8 T Cell,Adenosine diphosphate ribose,12339,0.015803549720398737,0.22146535019216632,14.013645928313538,1.8969602044649065,-0.682837818317508
CD8 T Cell,Adenosine triphosphate,12339,0.003241753788799741,5.90808146242974,113.92153910262998,0.7249317114699633,-1.835876181135379
CD8 T Cell,Adenosylcobalamin,12339,8.104384471999351e-05,0.0011215776551979563,13.839146687487585,2.9228499283137768,-2.8708335448857425
CD8 T Cell,Amiloride-sensitive sodium transport,12339,0.0087527352297593,0.5577628194575968,35.81774879144368,1.0313872876544095,-2.796492041826179
CD8 T Cell,Anion exchange,12339,0.00299862225463976,0.03418405246972845,11.399919551999442,2.2168799010288813,-1.2324317852031257
CD8 T Cell,Betaine,12339,0.0,0.0,,2.9921208071728946,-inf
CD8 T Cell,Bilirubin,12339,8.104384471999351e-05,0.0007628915494126606,9.413318828202819,2.9705048441157773,-1.9139022667776282
CD8 T Cell,Butyrate,12339,0.0004862630683199611,0.004789693640184767,9.850004971039974,2.927585781579859,0.11466688541914262
CD8 T Cell,Cadmium,12339,0.024151065726558067,0.6224653646468153,22.901547967702356,1.2448974233965768,-1.00194795151313
CD8 T Cell,Calcidiol,12339,8.104384471999351e-05,0.0011215776551979563,13.839146687487585,2.8817237916766034,-4.020211168923969
CD8 T Cell,Calcium,12339,8.104384471999351e-05,0.0011215776551979563,13.839146687487585,2.9228499283137768,-2.8708335448857425
CD8 T Cell,Calcium release-activated calcium transport,12339,0.0017829645838398573,0.3877735357481289,48.70095660550194,1.345719159339806,-1.0618879996891832
CD8 T Cell,Chenodeoxycholic acid,12339,0.008833779074479292,0.19375217909342665,21.084309993036456,1.3213571186538575,-3.050272876572205
CD8 T Cell,Chenodeoxycholic acid 3-sulfate,12339,0.008833779074479292,0.19375217909342665,21.084309993036456,1.3213571186538575,-3.050272876572205
CD8 T Cell,Chloride,12339,0.0021071399627198314,0.3012441320634327,34.685353099158164,1.3352566594168922,-1.8236623408567154
CD8 T Cell,Chloride ion,12339,0.008104384471999352,0.5992934750049378,37.87590204531853,1.118917440108446,-2.325966449742385
CD8 T Cell,Chloride_bicarbonate anion exchange,12339,0.0,0.0,,2.997774845002525,-inf
CD8 T Cell,Cholesterol,12339,0.0066455952670394685,0.1732651872670553,18.02206651687322,1.9677232353245429,-1.073625955369126
CD8 T Cell,Cholic acid,12339,0.005186806062079585,2.5064952909601574,73.60357133519906,0.8539757085138187,-1.2371027666049352
CD8 T Cell,Choline,12339,0.0021071399627198314,0.015691812891353876,6.778820747484437,2.102813086579681,-2.8583367521245977
CD8 T Cell,Citric acid,12339,0.024313153415998056,0.8293670699207804,27.77770271441472,1.2767578828112174,-1.044600612622449
CD8 T Cell,Cobalamin,12339,8.104384471999351e-05,0.0011215776551979563,13.839146687487585,2.9228499283137768,-2.8708335448857425
CD8 T Cell,Coprocholic acid,12339,0.008833779074479292,0.19375217909342665,21.084309993036456,1.3213571186538575,-3.050272876572205
CD8 T Cell,Cortisol,12339,0.001864008428559851,0.08160760369476452,22.836642492098196,2.6506041634380004,0.4994143725738735
CD8 T Cell,Creatine,12339,0.0021071399627198314,0.014283924097138776,6.778820747484437,2.1120622756319603,-2.8528990258627247
CD8 T Cell,Cyclic AMP,12339,0.0015398330496798767,0.012841683437042818,8.339659575245859,2.3993676474010543,-2.142280190535736
CD8 T Cell,Cytidine,12339,0.014587892049598834,0.3339415528985885,18.740311935093136,1.120840700892999,-1.9394175074232365
CD8 T Cell,D-Aspartate,12339,0.0007293946024799417,0.006969988027704109,9.555853585982334,2.788129711406451,-1.8853331145808574
CD8 T Cell,D-Galactose,12339,0.03971148391279682,3.036577767474751,42.08904763125137,0.8922139861852277,-0.36157829558184384
CD8 T Cell,D-Glucose,12339,0.02836534565199773,3.3092748809196975,48.606872449266426,0.849371880633638,-0.3867351340916476
CD8 T Cell,D-Lactate,12339,0.0004862630683199611,0.004789693640184767,9.850004971039974,2.927585781579859,0.11466688541914262
CD8 T Cell,D-Maltose,12339,0.03938730853391685,2.961091626442893,42.00235916512332,0.9150709483591359,-0.35160090773186187
CD8 T Cell,D-Mannose,12339,0.03971148391279682,3.036577767474751,42.08904763125137,0.8922139861852277,-0.36157829558184384
CD8 T Cell,D-Xylose,12339,0.03938730853391685,2.961091626442893,42.00235916512332,0.9150709483591359,-0.35160090773186187
CD8 T Cell,Dehydroascorbic acid,12339,0.03971148391279682,3.036577767474751,42.08904763125137,0.8921602069243596,-0.361679883093127
CD8 T Cell,Dehydroepiandrosterone,12339,0.0,0.0,,2.9965508679942046,-inf
CD8 T Cell,Deoxycholic acid,12339,0.008833779074479292,0.19375217909342665,21.084309993036456,1.3213571186538575,-3.050272876572205
CD8 T Cell,Digoxin,12339,0.0,0.0,,2.9983948862237098,-inf
CD8 T Cell,Docosahexaenoic acid,12339,0.03971148391279682,3.036577767474751,42.08904763125137,0.8921602069243596,-0.361679883093127
CD8 T Cell,Dopamine,12339,0.0006483507577599481,0.08989084736178621,40.87372139980491,1.8817269236359706,-3.4803592986467113
CD8 T Cell,E-3179,12339,0.0029175784099197666,0.0332030939015003,11.380360434739229,2.8168376112815054,1.4317939940426836
CD8 T Cell,Estradiol,12339,0.0212334873166383,0.9734592801761696,30.570823475703563,1.2256881259000534,-1.0316600003390355
CD8 T Cell,Estriol,12339,0.0029175784099197666,0.0332030939015003,11.380360434739229,2.8168376112815054,1.4317939940426836
CD8 T Cell,Estrone,12339,0.0,0.0,,2.9983948862237098,-inf
CD8 T Cell,Ethanol,12339,0.012967015155198963,0.3661152160072676,19.886426844166728,1.110206281451227,-1.9650696147315079
CD8 T Cell,Fatty acid,12339,0.01474997973903882,1.7482505386596232,33.69453426072228,0.968190385151936,-0.488068764004665
CD8 T Cell,Folic acid,12339,0.005754112975119539,2.4796914408592516,105.52075424799453,0.8222248264435246,-3.2617487291448177
CD8 T Cell,Folinic acid,12339,0.003728016857119702,0.26810464349013835,36.51243671497848,1.2471338015792697,-3.3114461522216025
CD8 T Cell,Fusidic Acid,12339,8.104384471999351e-05,0.0007628915494126606,9.413318828202819,2.972499387711717,-1.8082920788170294
CD8 T Cell,GABA,12339,0.0,0.0,,2.9853886951499966,-inf
CD8 T Cell,Glucosamine,12339,0.008266472161439338,0.07548614103185884,9.131602884236337,1.9244362406778708,-1.562980635210103
CD8 T Cell,Glutathione,12339,0.004538455304319637,2.451100499212616,79.14185215339853,0.8560190139099815,-1.402788795943737
CD8 T Cell,Glycerol,12339,0.0029175784099197666,0.0332030939015003,11.380360434739229,2.8168376112815054,1.4317939940426836
CD8 T Cell,Glycochenodeoxycholate-3-sulfate,12339,0.008833779074479292,0.19375217909342665,21.084309993036456,1.3213571186538575,-3.050272876572205
CD8 T Cell,Glycyl-glycine,12339,0.0,0.0,,2.9966282034759666,-inf
CD8 T Cell,Guanosine,12339,0.014587892049598834,0.3339415528985885,18.740311935093136,1.120840700892999,-1.9394175074232365
CD8 T Cell,Heme,12339,0.017586514304238594,0.6180661368449479,25.485338211550143,1.1893037432978821,-1.2297951197584973
CD8 T Cell,Histamine,12339,0.0021071399627198314,0.014283924097138776,6.778820747484437,2.1120622756319603,-2.8528990258627247
CD8 T Cell,Hydroxycelecoxib,12339,0.0015398330496798767,0.012841683437042818,8.339659575245859,2.3993676474010543,-2.142280190535736
CD8 T Cell,Hydroxylansoprazole,12339,0.001864008428559851,0.08160760369476452,22.836642492098196,2.6506041634380004,0.4994143725738735
CD8 T Cell,Hyodeoxycholic acid,12339,0.008833779074479292,0.19375217909342665,21.084309993036456,1.3213571186538575,-3.050272876572205
CD8 T Cell,Inosine,12339,0.014587892049598834,0.3339415528985885,18.740311935093136,1.120840700892999,-1.9394175074232365
CD8 T Cell,Iron,12339,0.005429937596239566,16.11593172199323,257.8016974924971,0.42104031001687753,-2.4108635067456894
CD8 T Cell,Isoursodeoxycholic acid,12339,0.008833779074479292,0.19375217909342665,21.084309993036456,1.3213571186538575,-3.050272876572205
CD8 T Cell,Ketone bodies,12339,0.0004862630683199611,0.004789693640184767,9.850004971039974,2.927585781579859,0.11466688541914262
CD8 T Cell,L-Alanine,12339,0.021557662695518277,0.47061786123160804,17.23030197444953,1.1684727157237769,-1.2831072597161066
CD8 T Cell,L-Arginine,12339,0.010292568279439177,0.09641641017592373,9.367575473706479,2.372776896795677,0.38877633333968264
CD8 T Cell,L-Asparagine,12339,0.021557662695518277,0.47061786123160804,17.23030197444953,1.1684727157237769,-1.2831072597161066
CD8 T Cell,L-Aspartate,12339,0.0007293946024799417,0.006969988027704109,9.555853585982334,2.788129711406451,-1.8853331145808574
CD8 T Cell,L-Carnitine,12339,0.0015398330496798767,0.04251372535557283,18.26181749858662,1.9268854503511847,-3.352969551648992
CD8 T Cell,L-Cysteine,12339,0.0038090607018396953,0.7970189502480252,42.127819885558594,1.0434595995315725,-1.7922728223760973
CD8 T Cell,L-Cystine,12339,0.013291190534078937,0.32214484702999047,17.41360941940805,1.2997170906541289,-1.374274425927336
CD8 T Cell,L-Dopa,12339,0.0,0.0,,2.9966282034759666,-inf
CD8 T Cell,L-Glutamate,12339,0.002674446875759786,1.805350565111094,78.38210141985657,0.8423179541611502,-1.8816561181297506
CD8 T Cell,L-Glutamine,12339,0.0030796660993597535,3.6226471318784115,110.20775620695007,0.743200016946902,-1.9836533752200474
CD8 T Cell,L-Histidine,12339,0.010292568279439177,0.09641641017592373,9.367575473706479,2.3952958628376404,0.40535540617026067
CD8 T Cell,L-Isoleucine,12339,0.002512359186319799,0.02073282606824956,8.252333576004236,2.030353156579168,-2.511402910250382
CD8 T Cell,L-Lactate,12339,0.012156576707999028,0.16240601185130862,12.988458346864164,1.476522509095299,-2.0662447779494264
CD8 T Cell,L-Leucine,12339,0.002026096117999838,2.6110672509006028,97.08296638239045,0.799439259301243,-2.281667996644428
CD8 T Cell,L-Lysine,12339,0.0,0.0,,2.9951703857009724,-inf
CD8 T Cell,L-Methionine,12339,0.0009725261366399222,0.14773429893730414,27.55482747853218,1.8182380185001283,-1.1839914301453727
CD8 T Cell,L-Ornithine,12339,0.0,0.0,,2.9951703857009724,-inf
CD8 T Cell,L-Phenylalanine,12339,0.0009725261366399222,0.14773429893730414,27.55482747853218,1.8182380185001283,-1.1839914301453727
CD8 T Cell,L-Serine,12339,0.0035659291676797145,1.5531742140686302,62.5181024836649,0.8866061608596599,-2.029142081689066
CD8 T Cell,L-Threonine,12339,0.021557662695518277,0.47061786123160804,17.23030197444953,1.1684727157237769,-1.2831072597161066
CD8 T Cell,L-Tyrosine,12339,0.010292568279439177,0.09641641017592373,9.367575473706479,2.3952958628376404,0.40535540617026067
CD8 T Cell,L-Valine,12339,0.002512359186319799,0.02073282606824956,8.252333576004236,2.030353156579168,-2.511402910250382
CD8 T Cell,Leukotriene C4,12339,0.034281546316557256,0.8749577868868863,19.431345659353788,1.1616692244757434,-0.06438783668579676
CD8 T Cell,Lithocholic acid,12339,0.008833779074479292,0.19375217909342665,21.084309993036456,1.3213571186538575,-3.050272876572205
CD8 T Cell,Malic acid,12339,0.0007293946024799417,0.006969988027704109,9.555853585982334,2.8067873616328964,-1.7182906216716665
CD8 T Cell,Manganese,12339,0.024151065726558067,0.6226871137344577,22.901547967702356,1.2435853852315477,-1.0107090680734068
CD8 T Cell,N-Desmethylcitalopram,12339,0.019288435043358455,0.40771300157366264,21.1376921278043,1.966297609240563,-0.5222087121343799
CD8 T Cell,N-Desmethyleletriptan,12339,0.0029175784099197666,0.0332030939015003,11.380360434739229,2.8168376112815054,1.4317939940426836
CD8 T Cell,N-Desmethyltamoxifen,12339,0.001864008428559851,0.08160760369476452,22.836642492098196,2.6506041634380004,0.4994143725738735
CD8 T Cell,N-desmethylimatinib,12339,0.0017829645838398573,0.08583236966157642,23.80356295774374,2.6439044230072772,0.4041735026141274
CD8 T Cell,Neurotransmitter,12339,0.0019450522732798443,0.02606887949222227,12.345435362291402,2.183512838390479,-2.7716881581060133
CD8 T Cell,Nicotinate,12339,0.02074722424831834,0.9784756493679729,31.09974949018596,1.1960949179882,-1.1047727200502246
CD8 T Cell,Norepinephrine,12339,0.0021071399627198314,0.015691812891353876,6.778820747484437,2.103082164026107,-2.8539201619493957
CD8 T Cell,O-Deethylated candesartan,12339,0.0029175784099197666,0.0332030939015003,11.380360434739229,2.8168376112815054,1.4317939940426836
CD8 T Cell,O-Desmethylverapamil (D-702),12339,0.012237620552719021,3.3794940907099025,51.95920685389929,0.7945085591553366,-1.2224827485645178
CD8 T Cell,Oxalic acid,12339,0.024313153415998056,0.8293670699207804,27.77770271441472,1.2767578828112174,-1.044600612622449
CD8 T Cell,Phosphate,12339,0.0008914822919199286,0.22909920376894816,31.666276023638126,1.4634488242731236,-2.0743669389708743
CD8 T Cell,Potassium,12339,0.0,0.0,,2.9971649292969107,-inf
CD8 T Cell,Progesterone,12339,0.03492989707431721,0.9194622393759444,19.64353023135483,1.1570033897843734,-0.03359306906000681
CD8 T Cell,Prostaglandins,12339,0.0,0.0,,2.9948052313055253,-inf
CD8 T Cell,Putrescine,12339,0.0004052192235999676,0.008014235375840876,19.777530060500112,2.5817835606141655,-5.114428775936237
CD8 T Cell,Pyruvate,12339,0.0004862630683199611,0.004789693640184767,9.850004971039974,2.927585781579859,0.11466688541914262
CD8 T Cell,Serotonin,12339,0.01637085663343869,0.3745099076721623,22.87662252854857,1.9928005750491486,-0.7044751584636224
CD8 T Cell,Sodium,12339,0.005673069130399546,7.063248581724736,145.8475318696254,0.5750181799312585,-2.418597427652649
CD8 T Cell,Sodium_calcium_potassium exchange,12339,0.0010535699813599157,0.007937958064335457,7.5343434273719385,2.5515241927767147,-1.7856388944018493
CD8 T Cell,Sodium_hydrogen exchange,12339,0.0027554907204797798,0.20785556625635246,27.484680308640186,1.5414390395849613,-1.352950171657174
CD8 T Cell,Spermine,12339,0.0004052192235999676,0.008014235375840876,19.777530060500112,2.575312197757542,-5.117748285356259
CD8 T Cell,Sulfolithocholic acid,12339,0.008833779074479292,0.19375217909342665,21.084309993036456,1.3213571186538575,-3.050272876572205
CD8 T Cell,Taurocholic acid,12339,0.012723883621038982,3.574194048766875,57.62689643488922,0.7336244854833567,-1.3135062381428455
CD8 T Cell,Testosterone,12339,0.002350271496879812,0.09669843169135141,23.06190195999027,2.3654522917125123,-2.708913827388688
CD8 T Cell,Thiamine,12339,0.00024313153415998054,0.0017531379728274728,7.210656482239396,2.8755177751737766,-2.038489902642278
CD8 T Cell,Thymidine,12339,0.014101628981278872,0.33711583732639955,18.99287175076039,1.1176443674797594,-1.9483122975634595
CD8 T Cell,Trihydroxycoprostanoic acid,12339,0.008833779074479292,0.19375217909342665,21.084309993036456,1.3213571186538575,-3.050272876572205
CD8 T Cell,Urea,12339,0.00024313153415998054,0.004451708325291283,18.309876341923047,2.892426303992564,-3.6372252529851665
CD8 T Cell,Uridine,12339,0.014587892049598834,0.3339415528985885,18.740311935093136,1.120840700892999,-1.9394175074232365
CD8 T Cell,Ursocholic acid,12339,0.008833779074479292,0.19375217909342665,21.084309993036456,1.3213571186538575,-3.050272876572205
CD8 T Cell,Ursodeoxycholic acid,12339,0.008833779074479292,0.19375217909342665,21.084309993036456,1.3213571186538575,-3.050272876572205
CD8 T Cell,Ursodeoxycholic acid 3-sulfate,12339,0.008833779074479292,0.19375217909342665,21.084309993036456,1.3213571186538575,-3.050272876572205
CD8 T Cell,Varanic acid,12339,0.008833779074479292,0.19375217909342665,21.084309993036456,1.3213571186538575,-3.050272876572205
CD8 T Cell,Vitamin C,12339,0.0013777453602398899,0.015449178711210319,11.213377418683773,2.4178154445750195,-1.566795608894269
CD8 T Cell,Vitamin D3,12339,0.0055109814409595595,0.08382443713419901,15.210437202924728,2.117727598961248,-1.2773595443090686
CD8 T Cell,Water,12339,0.0029175784099197666,0.3527743134969857,39.03821709769477,1.3287697536320344,-2.5157385860631805
CD8 T Cell,Zinc,12339,0.02350271496879812,0.6409835217511505,23.228252354328696,1.2389177157366618,-1.002762198167752
CD8 T Cell,alpha-Ketoisovaleric acid,12339,0.0004862630683199611,0.004789693640184767,9.850004971039974,2.927585781579859,0.11466688541914262
CD8 T Cell,alpha-Tocopherol,12339,0.0009725261366399222,0.01289512192689461,13.259409121329384,2.6201662135337607,-1.6576410895392608
other,"(3a,5b,7a)-23-Carboxy-7-hydroxy-24-norcholan-3-yl-b-D-Glucopyranosiduronic acid",231605,0.08540402841044019,1.7207965564823438,19.09531737760627,1.4011814049552385,0.22292858782512653
other,17a-Ethynylestradiol,231605,0.001480969754538978,0.015843010600823337,10.697727318378103,2.793156993192238,0.057827798981060496
other,"1b,3a,12a-Trihydroxy-5b-cholanoic acid",231605,0.08540402841044019,1.7207965564823438,19.09531737760627,1.4011814049552385,0.22292858782512653
other,2-Hydroxychlorpropamide,231605,0.0011700956369681138,0.013335075812292733,11.396569127328629,2.8169256945229715,0.03892966410232239
other,25-Hydroxycholesterol,231605,0.03643271950087433,0.9595232106968258,19.613305133204403,1.2172895263509957,-0.38709692632135023
other,"3',4'-Dihydrodiol",231605,0.0015845944603959327,0.01882509775007016,11.88007292753406,2.7800853888439185,0.04666364611058048
other,3-Sulfodeoxycholic acid,231605,0.08540402841044019,1.7207965564823438,19.09531737760627,1.4011814049552385,0.22292858782512653
other,"3alpha,7alpha-Dihydroxycoprostanic acid",231605,0.08540402841044019,1.7207965564823438,19.09531737760627,1.4011814049552385,0.22292858782512653
other,3b-Hydroxy-5-cholenoic acid,231605,0.08540402841044019,1.7207965564823438,19.09531737760627,1.4011814049552385,0.22292858782512653
other,4'-Hydroxydiclofenac,231605,0.00924850499773321,1.4133523499124094,34.75965991006839,1.0632561263322184,0.042150038088664396
other,4-Hydroxycyclophosphamide,231605,0.001101012499730144,0.012983339875831555,11.79218208604693,2.8203219308755134,0.02585341298701372
other,4-Hydroxyvalsartan,231605,4.749465685110425e-05,0.0010736633281175894,22.605981373515842,2.996182745531336,0.26511965288785827
other,4-ene-Valproic acid,231605,0.017978886466181645,0.10248856772489272,5.700495852047017,2.1059771415923345,0.19876158652298634
other,5-Hydroxyomeprazole,231605,0.08937199110554608,1.7403143434975639,18.587745702863288,1.4040433447288068,0.22071497314688926
other,5-Methyltetrahydrofolic acid,231605,0.1213747544310356,4.586719348786494,33.934075304101405,1.156920907506493,0.20979207072219216
other,8-Hydroxycarvedilol,231605,0.001101012499730144,0.012983339875831555,11.79218208604693,2.8203219308755134,0.02585341298701372
other,ADP,231605,0.028665184257680103,0.18751150573530512,6.53811038480995,1.8156499583622534,0.15552166269777606
other,Acetate,231605,0.02765052567949742,1.4569378910282482,26.881007556369745,1.0822527245833322,-0.9304089453251785
other,Acetyl-L-Carnitine,231605,0.01767664774076553,0.09965711637249328,5.637783692587031,2.1195707344178127,0.2155876265473784
other,Acetylcholine,231605,2.158848038686557e-05,0.0002471378374020949,11.447671766302438,2.9980187867665284,0.0020852470540640724
other,Adenine,231605,0.009697545389780014,0.0592547317319151,6.1102814527026705,2.088609596674211,-0.6498843889311018
other,Adenosine,231605,0.0590013168973036,1.369326215025601,17.874149376334913,1.17238976371235,0.0765582191854426
other,Adenosine diphosphate ribose,231605,0.026743809503249068,0.4219706245420847,15.778254197137478,1.903898518562059,0.07611851913532895
other,Adenosine triphosphate,231605,0.012901275879190864,6.686153513690199,92.26200228526972,0.7336753086610411,0.15679114029428062
other,Adenosylcobalamin,231605,0.000682195980224952,0.005064766846867768,7.424210921321579,2.9238799000482905,0.20257818681914516
other,Amiloride-sensitive sodium transport,231605,0.07193713434511345,3.9040875608480894,36.01163324009074,1.1051058760533488,0.24243881353321067
other,Anion exchange,231605,0.007802076811813216,0.07494354828524233,9.605589651689845,2.2205420000678386,0.1471266235603086
other,Betaine,231605,5.613004900585048e-05,0.00021014501817847653,3.743895148863543,2.9931548495099842,-0.734880347112142
other,Bilirubin,231605,0.0003540510783445953,0.0021942365259971118,6.197514031750744,2.971172149900242,0.21328072136824008
other,Butyrate,231605,0.0003065564214934911,0.00283145135239929,9.236313950316022,2.928268384481199,-0.5509175122695469
other,Cadmium,231605,0.05465771464346625,1.3161258290222528,19.803587639695493,1.2753905575466014,0.17639033441303364
other,Calcidiol,231605,0.0015284644113900822,0.01233336751653607,8.069123117704342,2.8834218858459324,0.21702536468681283
other,Calcium,231605,0.000682195980224952,0.005064766846867768,7.424210921321579,2.9238799000482905,0.20257818681914516
other,Calcium release-activated calcium transport,231605,0.003980915783338011,0.8188106339251153,38.69088498552154,1.3330219584119338,0.09693430563064208
other,Chenodeoxycholic acid,231605,0.08540402841044019,1.7207965564823438,19.09531737760627,1.4011814049552385,0.22292858782512653
other,Chenodeoxycholic acid 3-sulfate,231605,0.08540402841044019,1.7207965564823438,19.09531737760627,1.4011814049552385,0.22292858782512653
other,Chloride,231605,0.008475637399883423,0.9642996199889737,29.606052432042542,1.3115958761406965,0.18437338199614844
other,Chloride ion,231605,0.047710541654972904,2.4746318337824005,30.797571169979122,1.1597124400657852,0.23156709317683155
other,Chloride_bicarbonate anion exchange,231605,6.476544116059671e-05,0.0010917103629885041,16.856371907996834,2.9982352088508843,0.17201024849637675
other,Cholesterol,231605,0.011640508624597914,0.21497217269932564,15.547321153280047,1.994716945590355,-0.26494219527756674
other,Cholic acid,231605,0.013920252153450918,5.584514532915306,94.36042615517363,0.8789642192498751,0.187164245450817
other,Choline,231605,0.017745730878003498,0.10512263666831825,5.748249301282415,2.1054171986577956,0.21577719183113983
other,Citric acid,231605,0.019930485093154295,0.6948265689484137,27.02688991748762,1.273887424156751,-1.3313608109450625
other,Cobalamin,231605,0.000682195980224952,0.005064766846867768,7.424210921321579,2.9238799000482905,0.20257818681914516
other,Coprocholic acid,231605,0.08540402841044019,1.7207965564823438,19.09531737760627,1.4011814049552385,0.22292858782512653
other,Cortisol,231605,0.001256449558515576,0.03329113931702298,18.546486104429547,2.70417301883145,-0.06964125704707096
other,Creatine,231605,0.01767664774076553,0.09965711637249328,5.637783692587031,2.1195707344178127,0.2155876265473784
other,Cyclic AMP,231605,0.0076768636255693965,0.06165709951240304,8.031548106057427,2.403010699509015,0.175462888378233
other,Cytidine,231605,0.0590013168973036,1.369326215025601,17.874149376334913,1.17238976371235,0.0765582191854426
other,D-Aspartate,231605,0.0007642322056950411,0.007120568019196583,9.317283367717653,2.7898887990000065,-1.8180215824123878
other,D-Galactose,231605,0.04734353748839619,3.703375929758172,43.18366432463425,0.9109998555479704,-0.10796705949567408
other,D-Glucose,231605,0.03397595043284903,3.952905741130462,49.53076984928993,0.8632717337620648,-0.1263506694100513
other,D-Lactate,231605,0.0003065564214934911,0.00283145135239929,9.236313950316022,2.928268384481199,-0.5509175122695469
other,D-Maltose,231605,0.046808143174801926,3.503152498794883,43.22806506335349,0.9311407691615199,-0.10257220775866041
other,D-Mannose,231605,0.04734353748839619,3.703375929758172,43.18366432463425,0.9109998555479704,-0.10796705949567408
other,D-Xylose,231605,0.046808143174801926,3.503152498794883,43.22806506335349,0.9311407691615199,-0.10257220775866041
other,Dehydroascorbic acid,231605,0.04734785518447356,3.7061848928217334,43.18184488231445,0.9110026564393935,-0.10793708027111384
other,Dehydroepiandrosterone,231605,4.749465685110425e-05,0.0010736633281175894,22.605981373515842,2.996182745531336,0.26511965288785827
other,Deoxycholic acid,231605,0.08540402841044019,1.7207965564823438,19.09531737760627,1.4011814049552385,0.22292858782512653
other,Digoxin,231605,2.590617646423868e-05,0.00036498855681521173,14.088862450197851,2.9983397287808935,0.265119652887858
other,Docosahexaenoic acid,231605,0.04734785518447356,3.7061848928217334,43.18184488231445,0.9110026564393935,-0.10793708027111384
other,Dopamine,231605,0.008544720537121391,0.6486176716069353,34.54240707506601,1.8488166414552059,0.2398275819285852
other,E-3179,231605,0.001101012499730144,0.012983339875831555,11.79218208604693,2.8203219308755134,0.02585341298701372
other,Estradiol,231605,0.016532458280261654,0.8340802929254643,31.059239390345684,1.2335545228983307,-1.3927000734985402
other,Estriol,231605,0.001101012499730144,0.012983339875831555,11.79218208604693,2.8203219308755134,0.02585341298701372
other,Estrone,231605,2.590617646423868e-05,0.00036498855681521173,14.088862450197851,2.9983397287808935,0.265119652887858
other,Ethanol,231605,0.05334513503594482,1.4378925772821518,19.10427623426271,1.1531409959192336,0.07544066412506105
other,Fatty acid,231605,0.01583299151572721,1.7276661385141598,27.56131714986217,0.9677650757240568,-0.3858478699639105
other,Folic acid,231605,0.0645236501802638,12.977124487803433,120.34668654859271,0.9149321257025083,0.22541387458794673
other,Folinic acid,231605,0.043682131214783794,2.1892118568811942,32.14477809794972,1.2712212327062786,0.2391168050320206
other,Fusidic Acid,231605,0.00032814490188035663,0.0018292479691818999,5.574512840820709,2.973182514820655,0.2092664181543407
other,GABA,231605,0.00017270784309492455,0.0012608660025887936,7.300571763239438,2.9858314689190406,-0.14087270678797864
other,Glucosamine,231605,0.025755057101530622,0.20303239402683956,7.882963216295266,1.9339078355894301,0.07653142892877658
other,Glutathione,231605,0.013669825780963278,5.554994484656346,95.10668895676744,0.8811937532451072,0.18793280566362472
other,Glycerol,231605,0.001101012499730144,0.012983339875831555,11.79218208604693,2.8203219308755134,0.02585341298701372
other,Glycochenodeoxycholate-3-sulfate,231605,0.08540402841044019,1.7207965564823438,19.09531737760627,1.4011814049552385,0.22292858782512653
other,Glycyl-glycine,231605,6.908313723796982e-05,0.00035173593646118257,5.091487597755762,2.9959614430093007,0.26511965288785827
other,Guanosine,231605,0.0590013168973036,1.369326215025601,17.874149376334913,1.17238976371235,0.0765582191854426
other,Heme,231605,0.037114915481099284,1.2962574368612911,26.408222471699663,1.2125910172573346,-0.1522656012474086
other,Histamine,231605,0.01767664774076553,0.09965711637249328,5.637783692587031,2.1195707344178127,0.2155876265473784
other,Hydroxycelecoxib,231605,0.0076768636255693965,0.06165709951240304,8.031548106057427,2.403010699509015,0.175462888378233
other,Hydroxylansoprazole,231605,0.001256449558515576,0.03329113931702298,18.546486104429547,2.70417301883145,-0.06964125704707096
other,Hyodeoxycholic acid,231605,0.08540402841044019,1.7207965564823438,19.09531737760627,1.4011814049552385,0.22292858782512653
other,Inosine,231605,0.0590013168973036,1.369326215025601,17.874149376334913,1.17238976371235,0.0765582191854426
other,Iron,231605,0.03144146283543101,33.892254135946295,248.71134402091795,0.5098116548446124,0.12279731176883774
other,Isoursodeoxycholic acid,231605,0.08540402841044019,1.7207965564823438,19.09531737760627,1.4011814049552385,0.22292858782512653
other,Ketone bodies,231605,0.0003065564214934911,0.00283145135239929,9.236313950316022,2.928268384481199,-0.5509175122695469
other,L-Alanine,231605,0.05850478184840569,1.2715714153545876,16.96921565342782,1.2086179136800053,0.15724651943908471
other,L-Arginine,231605,0.008117268625461454,0.05745051771962127,6.462369578794186,2.3741570616242376,0.04623957666030102
other,L-Asparagine,231605,0.05850478184840569,1.2715714153545876,16.96921565342782,1.2086179136800053,0.15724651943908471
other,L-Aspartate,231605,0.0007642322056950411,0.007120568019196583,9.317283367717653,2.7898887990000065,-1.8180215824123878
other,L-Carnitine,231605,0.01855314004447227,0.8843052463446757,38.64632186656064,1.9013463234664387,0.23784798020914538
other,L-Cysteine,231605,0.014636989702294856,1.9077464031865572,35.15702136292544,1.0487420063687833,0.1498388674977564
other,L-Cystine,231605,0.03459769866799076,0.7497162102057681,15.651779987712322,1.3158096756555975,0.005931314338631004
other,L-Dopa,231605,6.908313723796982e-05,0.00035173593646118257,5.091487597755762,2.9959614430093007,0.26511965288785827
other,L-Glutamate,231605,0.010958312644372963,4.6769524208342546,87.16631081836185,0.8580706456728402,0.15305709988068675
other,L-Glutamine,231605,0.011282139850175945,6.431655646874,100.94944388282995,0.7683580829254549,-0.11045849581582765
other,L-Histidine,231605,0.008026597007836618,0.047848500860918,5.9612437019327125,2.396949211736454,0.04661275784536082
other,L-Isoleucine,231605,0.010707886271885321,0.07206606273005968,6.730185668788496,2.03632782002108,-0.41984383183523505
other,L-Lactate,231605,0.058910645279678764,0.6807554144816734,11.125074863989067,1.5109726083888944,0.2105465546958813
other,L-Leucine,231605,0.010971265732605082,5.586661684119662,92.81319323991407,0.8145254884409111,0.15528745716198694
other,L-Lysine,231605,0.000341097990112476,0.0021960660499397567,6.438226297421486,2.9952547920400394,0.2113483964468772
other,L-Methionine,231605,0.0014593812741521125,0.1885882391943883,25.080489393185676,1.8045524538197097,-0.5984435110565599
other,L-Ornithine,231605,0.000341097990112476,0.0021960660499397567,6.438226297421486,2.9952547920400394,0.2113483964468772
other,L-Phenylalanine,231605,0.0014593812741521125,0.1885882391943883,25.080489393185676,1.8045524538197097,-0.5984435110565599
other,L-Serine,231605,0.0165410936724164,3.733115623086702,58.9513741736535,0.9059078270037825,0.1845625936253015
other,L-Threonine,231605,0.05850478184840569,1.2715714153545876,16.96921565342782,1.2086179136800053,0.15724651943908471
other,L-Tyrosine,231605,0.008026597007836618,0.047848500860918,5.9612437019327125,2.396949211736454,0.04661275784536082
other,L-Valine,231605,0.010707886271885321,0.07206606273005968,6.730185668788496,2.03632782002108,-0.41984383183523505
other,Leukotriene C4,231605,0.03577642969711362,0.9911182226691868,17.788833775560892,1.1662945381110348,-0.002810601298754662
other,Lithocholic acid,231605,0.08540402841044019,1.7207965564823438,19.09531737760627,1.4011814049552385,0.22292858782512653
other,Malic acid,231605,0.0004144988234278189,0.004729923567565638,11.411186956937913,2.809461782706321,-2.533622138865038
other,Manganese,231605,0.054666350035620995,1.3174290821806147,19.80715043847205,1.2741307605842072,0.16785713176174402
other,N-Desmethylcitalopram,231605,0.03161417067852594,0.7431155035822278,23.505772494832268,1.9765080251575142,0.19062656639000697
other,N-Desmethyleletriptan,231605,0.001101012499730144,0.012983339875831555,11.79218208604693,2.8203219308755134,0.02585341298701372
other,N-Desmethyltamoxifen,231605,0.001256449558515576,0.03329113931702298,18.546486104429547,2.70417301883145,-0.06964125704707096
other,N-desmethylimatinib,231605,0.0012866734310571879,0.035751788855548326,19.03076595860009,2.6976486615196715,-0.06645861203322374
other,Neurotransmitter,231605,0.015651648280477538,0.19027564314691692,11.941851140015018,2.1834235272904166,0.23674560449027407
other,Nicotinate,231605,0.017270784309492453,0.878671044271465,30.17065356357314,1.2016468819107282,-1.369357451860353
other,Norepinephrine,231605,0.017689600828997648,0.10470054573541396,5.742627839334981,2.1056760311954217,0.21562328091759786
other,O-Deethylated candesartan,231605,0.001101012499730144,0.012983339875831555,11.79218208604693,2.8203219308755134,0.02585341298701372
other,O-Desmethylverapamil (D-702),231605,0.03306491656052331,8.586310178014505,72.98613026522393,0.8457169272456866,0.21149544048834878
other,Oxalic acid,231605,0.019930485093154295,0.6948265689484137,27.02688991748762,1.273887424156751,-1.3313608109450625
other,Phosphate,231605,0.004278836812676756,0.6994447108987976,32.20805258431608,1.4309966399594873,0.1885736731061013
other,Potassium,231605,3.885926469635802e-05,0.0004420792098645736,11.37641726674273,2.997268827536379,0.265119652887858
other,Progesterone,231605,0.03569439347164353,1.0078454025730303,17.944442028584433,1.1623694473794473,-0.00235797316655924
other,Prostaglandins,231605,6.476544116059671e-05,0.000959386696995568,14.813250397177235,2.9936715230759807,0.08454740724603715
other,Putrescine,231605,0.01669653073120183,0.4713386102936967,28.22973334292,2.5895748569883295,0.2502731617869919
other,Pyruvate,231605,0.0003065564214934911,0.00283145135239929,9.236313950316022,2.928268384481199,-0.5509175122695469
other,Serotonin,231605,0.03057360592387902,0.7307265618465759,23.900568472881826,2.0021353130466175,0.19668174337951247
other,Sodium,231605,0.03585846592258371,25.558282212968887,204.72846661130734,0.6547282477715642,0.24151499177990757
other,Sodium_calcium_potassium exchange,231605,0.004024092744111742,0.027684869469696394,6.87977917760626,2.5535690478814708,0.14773851563912357
other,Sodium_hydrogen exchange,231605,0.0076509574491051575,0.48508217969520734,21.065140800771303,1.5224010240438548,0.12038085917528928
other,Spermine,231605,0.01673538999589819,0.47576203634816516,28.415147547055252,2.575859639118708,0.2503074586992443
other,Sulfolithocholic acid,231605,0.08540402841044019,1.7207965564823438,19.09531737760627,1.4011814049552385,0.22292858782512653
other,Taurocholic acid,231605,0.019114440534530774,6.50395889829973,80.45009138507598,0.7641785128255056,-0.7263823454088222
other,Testosterone,231605,0.017961615681872153,0.5100835984209978,27.76977132015782,2.4116512458223887,0.22510397403997887
other,Thiamine,231605,0.0011571425487359945,0.006461285908816387,5.5838288168336545,2.8752339468890953,0.2122677706221229
other,Thymidine,231605,0.05736491008397919,1.3850207235057452,18.167631859930655,1.1656264338938878,0.07599438919431016
other,Trihydroxycoprostanoic acid,231605,0.08540402841044019,1.7207965564823438,19.09531737760627,1.4011814049552385,0.22292858782512653
other,Urea,231605,0.003609593920683923,0.04898917773665439,13.571936016384978,2.888853081028997,0.2548023619023448
other,Uridine,231605,0.0590013168973036,1.369326215025601,17.874149376334913,1.17238976371235,0.0765582191854426
other,Ursocholic acid,231605,0.08540402841044019,1.7207965564823438,19.09531737760627,1.4011814049552385,0.22292858782512653
other,Ursodeoxycholic acid,231605,0.08540402841044019,1.7207965564823438,19.09531737760627,1.4011814049552385,0.22292858782512653
other,Ursodeoxycholic acid 3-sulfate,231605,0.08540402841044019,1.7207965564823438,19.09531737760627,1.4011814049552385,0.22292858782512653
other,Varanic acid,231605,0.08540402841044019,1.7207965564823438,19.09531737760627,1.4011814049552385,0.22292858782512653
other,Vitamin C,231605,0.003950691910796399,0.028494197403880615,7.212457475110131,2.4160459420247076,-0.04699953344541896
other,Vitamin D3,231605,0.010966948036527709,0.15206503211202801,13.865756599333169,2.1204801679531675,-0.28457862037209536
other,Water,231605,0.016312255780315622,1.5959289138429427,37.65770240081322,1.2977380038340576,-0.03262561758933866
other,Zinc,231605,0.05325878111439736,1.3326918419879747,20.1631107604384,1.2685974183369677,0.1774297905325836
other,alpha-Ketoisovaleric acid,231605,0.0003065564214934911,0.00283145135239929,9.236313950316022,2.928268384481199,-0.5509175122695469
other,alpha-Tocopherol,231605,0.0014896051466937242,0.018495582368194274,12.416432911262708,2.6235333110114336,-1.042520055067101
