gene,ligand,tf,pair,cell_type,mean,std,n
ATP1A1,BMP2,AR,BMP2#AR,B,0.0,0.0,20
ATP1A1,IL18,CREB1,IL18#CREB1,B,0.0,0.0,20
ATP1A1,CCL15,CREB3,CCL15#CREB3,B,0.0,0.0,20
ATP1A1,IL18,ELK1,IL18#ELK1,B,0.0,0.0,20
ATP1A1,TGFB1,ESRRA,TGFB1#ESRRA,B,0.0,0.0,20
ATP1A1,IFNG,ESRRA,IFNG#ESRRA,B,0.0,0.0,20
ATP1A1,PDGFA,ETV6,PDGFA#ETV6,B,0.0,0.0,20
ATP1A1,BMP4,GRHL2,BMP4#GRHL2,B,0.0,0.0,20
ATP1A1,TGFB1,GRHL2,TGFB1#GRHL2,B,0.0,0.0,20
ATP1A1,GAS6,GRHL2,GAS6#GRHL2,B,0.0,0.0,20
ATP1A1,BMP2,HES1,BMP2#HES1,B,0.0,0.0,20
ATP1A1,BMP4,HES1,BMP4#HES1,B,0.0,0.0,20
ATP1A1,IGF1,HNF4A,IGF1#HNF4A,B,0.0,0.0,20
ATP1A1,TGFB1,HNF4A,TGFB1#HNF4A,B,0.0,0.0,20
ATP1A1,WNT5A,HNF4A,WNT5A#HNF4A,B,0.0,0.0,20
ATP1A1,BMP2,ID4,BMP2#ID4,B,0.0,0.0,20
ATP1A1,EGF,JUN,EGF#JUN,B,0.0,0.0,20
ATP1A1,TGFB1,JUN,TGFB1#JUN,B,0.0,0.0,20
ATP1A1,TGFA,JUN,TGFA#JUN,B,0.0,0.0,20
ATP1A1,IL18,KLF16,IL18#KLF16,B,0.0,0.0,20
ATP1A1,IFNG,KLF4,IFNG#KLF4,B,0.0,0.0,20
ATP1A1,VEGFA,KLF4,VEGFA#KLF4,B,0.0,0.0,20
ATP1A1,TNFSF10,KLF4,TNFSF10#KLF4,B,0.0,0.0,20
ATP1A1,PDGFB,KLF4,PDGFB#KLF4,B,0.0,0.0,20
ATP1A1,PDGFC,KLF5,PDGFC#KLF5,B,0.0,0.0,20
ATP1A1,BMP6,KLF5,BMP6#KLF5,B,0.0,0.0,20
ATP1A1,PDGFB,KLF5,PDGFB#KLF5,B,0.0,0.0,20
ATP1A1,TGFB1,MLXIP,TGFB1#MLXIP,B,0.0,0.0,20
ATP1A1,VEGFA,NR4A1,VEGFA#NR4A1,B,0.0,0.0,20
ATP1A1,CXCL12,OVOL2,CXCL12#OVOL2,B,0.0,0.0,20
ATP1A1,VEGFA,PAX1,VEGFA#PAX1,B,0.0,0.0,20
ATP1A1,IL18,POLR2A,IL18#POLR2A,B,0.0,0.0,20
ATP1A1,TGFA,POLR2A,TGFA#POLR2A,B,0.0,0.0,20
ATP1A1,VEGFA,PRDM1,VEGFA#PRDM1,B,0.0,0.0,20
ATP1A1,CXCL12,RELA,CXCL12#RELA,B,0.0,0.0,20
ATP1A1,BMP2,REST,BMP2#REST,B,0.0,0.0,20
ATP1A1,BMP2,RUNX2,BMP2#RUNX2,B,0.0,0.0,20
ATP1A1,BMP2,RXRA,BMP2#RXRA,B,0.0,0.0,20
ATP1A1,BMP6,RXRA,BMP6#RXRA,B,0.0,0.0,20
ATP1A1,CXCL12,RXRA,CXCL12#RXRA,B,0.0,0.0,20
ATP1A1,IL18,SIN3A,IL18#SIN3A,B,0.0,0.0,20
ATP1A1,CXCL12,SIN3A,CXCL12#SIN3A,B,0.0,0.0,20
ATP1A1,IL18,SMAD1,IL18#SMAD1,B,0.0,0.0,20
ATP1A1,BMP6,SMAD4,BMP6#SMAD4,B,0.0,0.0,20
ATP1A1,LIF,SMC3,LIF#SMC3,B,0.0,0.0,20
ATP1A1,BMP2,SNAI2,BMP2#SNAI2,B,0.0,0.0,20
ATP1A1,PDGFA,SP1,PDGFA#SP1,B,0.0,0.0,20
ATP1A1,IL18,SREBF1,IL18#SREBF1,B,0.0,0.0,20
ATP1A1,PDGFA,TAF1,PDGFA#TAF1,B,0.0,0.0,20
ATP1A1,CSF1,TCF7L2,CSF1#TCF7L2,B,0.0,0.0,20
ATP1A1,BMP2,TFAP2B,BMP2#TFAP2B,B,0.0,0.0,20
ATP1A1,GAS6,TFEB,GAS6#TFEB,B,0.0,0.0,20
ATP1A1,TGFB1,VDR,TGFB1#VDR,B,0.0,0.0,20
ATP1A1,BMP6,VDR,BMP6#VDR,B,0.0,0.0,20
ATP1A1,GDF11,VDR,GDF11#VDR,B,0.0,0.0,20
ATP1A1,IL12A,XBP1,IL12A#XBP1,B,0.0,0.0,20
ATP1A1,BMP2,ZBTB1,BMP2#ZBTB1,B,0.0,0.0,20
ATP1A1,BMP2,AR,BMP2#AR,Endothelial,0.0,0.0,391
ATP1A1,IL18,CREB1,IL18#CREB1,Endothelial,0.0,0.0,391
ATP1A1,CCL15,CREB3,CCL15#CREB3,Endothelial,0.0,0.0,391
ATP1A1,IL18,ELK1,IL18#ELK1,Endothelial,0.0,0.0,391
ATP1A1,TGFB1,ESRRA,TGFB1#ESRRA,Endothelial,0.0,0.0,391
ATP1A1,IFNG,ESRRA,IFNG#ESRRA,Endothelial,0.0,0.0,391
ATP1A1,PDGFA,ETV6,PDGFA#ETV6,Endothelial,0.0,0.0,391
ATP1A1,BMP4,GRHL2,BMP4#GRHL2,Endothelial,0.0,0.0,391
ATP1A1,TGFB1,GRHL2,TGFB1#GRHL2,Endothelial,0.0,0.0,391
ATP1A1,GAS6,GRHL2,GAS6#GRHL2,Endothelial,0.0,0.0,391
ATP1A1,BMP2,HES1,BMP2#HES1,Endothelial,0.0,0.0,391
ATP1A1,BMP4,HES1,BMP4#HES1,Endothelial,0.0,0.0,391
ATP1A1,IGF1,HNF4A,IGF1#HNF4A,Endothelial,0.0,0.0,391
ATP1A1,TGFB1,HNF4A,TGFB1#HNF4A,Endothelial,0.0,0.0,391
ATP1A1,WNT5A,HNF4A,WNT5A#HNF4A,Endothelial,0.0,0.0,391
ATP1A1,BMP2,ID4,BMP2#ID4,Endothelial,0.0,0.0,391
ATP1A1,EGF,JUN,EGF#JUN,Endothelial,0.0,0.0,391
ATP1A1,TGFB1,JUN,TGFB1#JUN,Endothelial,0.0,0.0,391
ATP1A1,TGFA,JUN,TGFA#JUN,Endothelial,0.0,0.0,391
ATP1A1,IL18,KLF16,IL18#KLF16,Endothelial,0.0,0.0,391
ATP1A1,IFNG,KLF4,IFNG#KLF4,Endothelial,0.0,0.0,391
ATP1A1,VEGFA,KLF4,VEGFA#KLF4,Endothelial,0.0,0.0,391
ATP1A1,TNFSF10,KLF4,TNFSF10#KLF4,Endothelial,0.0,0.0,391
ATP1A1,PDGFB,KLF4,PDGFB#KLF4,Endothelial,0.0,0.0,391
ATP1A1,PDGFC,KLF5,PDGFC#KLF5,Endothelial,0.0,0.0,391
ATP1A1,BMP6,KLF5,BMP6#KLF5,Endothelial,0.0,0.0,391
ATP1A1,PDGFB,KLF5,PDGFB#KLF5,Endothelial,0.0,0.0,391
ATP1A1,TGFB1,MLXIP,TGFB1#MLXIP,Endothelial,0.0,0.0,391
ATP1A1,VEGFA,NR4A1,VEGFA#NR4A1,Endothelial,0.0,0.0,391
ATP1A1,CXCL12,OVOL2,CXCL12#OVOL2,Endothelial,0.0,0.0,391
ATP1A1,VEGFA,PAX1,VEGFA#PAX1,Endothelial,0.0,0.0,391
ATP1A1,IL18,POLR2A,IL18#POLR2A,Endothelial,0.0,0.0,391
ATP1A1,TGFA,POLR2A,TGFA#POLR2A,Endothelial,0.0,0.0,391
ATP1A1,VEGFA,PRDM1,VEGFA#PRDM1,Endothelial,0.0,0.0,391
ATP1A1,CXCL12,RELA,CXCL12#RELA,Endothelial,0.0,0.0,391
ATP1A1,BMP2,REST,BMP2#REST,Endothelial,0.0,0.0,391
ATP1A1,BMP2,RUNX2,BMP2#RUNX2,Endothelial,0.0,0.0,391
ATP1A1,BMP2,RXRA,BMP2#RXRA,Endothelial,0.0,0.0,391
ATP1A1,BMP6,RXRA,BMP6#RXRA,Endothelial,0.0,0.0,391
ATP1A1,CXCL12,RXRA,CXCL12#RXRA,Endothelial,0.0,0.0,391
ATP1A1,IL18,SIN3A,IL18#SIN3A,Endothelial,0.0,0.0,391
ATP1A1,CXCL12,SIN3A,CXCL12#SIN3A,Endothelial,0.0,0.0,391
ATP1A1,IL18,SMAD1,IL18#SMAD1,Endothelial,0.0,0.0,391
ATP1A1,BMP6,SMAD4,BMP6#SMAD4,Endothelial,0.0,0.0,391
ATP1A1,LIF,SMC3,LIF#SMC3,Endothelial,0.0,0.0,391
ATP1A1,BMP2,SNAI2,BMP2#SNAI2,Endothelial,0.0,0.0,391
ATP1A1,PDGFA,SP1,PDGFA#SP1,Endothelial,0.0,0.0,391
ATP1A1,IL18,SREBF1,IL18#SREBF1,Endothelial,0.0,0.0,391
ATP1A1,PDGFA,TAF1,PDGFA#TAF1,Endothelial,0.0,0.0,391
ATP1A1,CSF1,TCF7L2,CSF1#TCF7L2,Endothelial,0.0,0.0,391
ATP1A1,BMP2,TFAP2B,BMP2#TFAP2B,Endothelial,0.0,0.0,391
ATP1A1,GAS6,TFEB,GAS6#TFEB,Endothelial,0.0,0.0,391
ATP1A1,TGFB1,VDR,TGFB1#VDR,Endothelial,0.0,0.0,391
ATP1A1,BMP6,VDR,BMP6#VDR,Endothelial,0.0,0.0,391
ATP1A1,GDF11,VDR,GDF11#VDR,Endothelial,0.0,0.0,391
ATP1A1,IL12A,XBP1,IL12A#XBP1,Endothelial,0.0,0.0,391
ATP1A1,BMP2,ZBTB1,BMP2#ZBTB1,Endothelial,0.0,0.0,391
ATP1A1,BMP2,AR,BMP2#AR,Enteric_glia,0.0,0.0,92
ATP1A1,IL18,CREB1,IL18#CREB1,Enteric_glia,0.0,0.0,92
ATP1A1,CCL15,CREB3,CCL15#CREB3,Enteric_glia,0.0,0.0,92
ATP1A1,IL18,ELK1,IL18#ELK1,Enteric_glia,0.0,0.0,92
ATP1A1,TGFB1,ESRRA,TGFB1#ESRRA,Enteric_glia,0.0,0.0,92
ATP1A1,IFNG,ESRRA,IFNG#ESRRA,Enteric_glia,0.0,0.0,92
ATP1A1,PDGFA,ETV6,PDGFA#ETV6,Enteric_glia,0.0,0.0,92
ATP1A1,BMP4,GRHL2,BMP4#GRHL2,Enteric_glia,0.0,0.0,92
ATP1A1,TGFB1,GRHL2,TGFB1#GRHL2,Enteric_glia,0.0,0.0,92
ATP1A1,GAS6,GRHL2,GAS6#GRHL2,Enteric_glia,0.0,0.0,92
ATP1A1,BMP2,HES1,BMP2#HES1,Enteric_glia,0.0,0.0,92
ATP1A1,BMP4,HES1,BMP4#HES1,Enteric_glia,0.0,0.0,92
ATP1A1,IGF1,HNF4A,IGF1#HNF4A,Enteric_glia,0.0,0.0,92
ATP1A1,TGFB1,HNF4A,TGFB1#HNF4A,Enteric_glia,0.0,0.0,92
ATP1A1,WNT5A,HNF4A,WNT5A#HNF4A,Enteric_glia,0.0,0.0,92
ATP1A1,BMP2,ID4,BMP2#ID4,Enteric_glia,0.0,0.0,92
ATP1A1,EGF,JUN,EGF#JUN,Enteric_glia,0.0,0.0,92
ATP1A1,TGFB1,JUN,TGFB1#JUN,Enteric_glia,0.0,0.0,92
ATP1A1,TGFA,JUN,TGFA#JUN,Enteric_glia,0.0,0.0,92
ATP1A1,IL18,KLF16,IL18#KLF16,Enteric_glia,0.0,0.0,92
ATP1A1,IFNG,KLF4,IFNG#KLF4,Enteric_glia,0.0,0.0,92
ATP1A1,VEGFA,KLF4,VEGFA#KLF4,Enteric_glia,0.0,0.0,92
ATP1A1,TNFSF10,KLF4,TNFSF10#KLF4,Enteric_glia,0.0,0.0,92
ATP1A1,PDGFB,KLF4,PDGFB#KLF4,Enteric_glia,0.0,0.0,92
ATP1A1,PDGFC,KLF5,PDGFC#KLF5,Enteric_glia,0.0,0.0,92
ATP1A1,BMP6,KLF5,BMP6#KLF5,Enteric_glia,0.0,0.0,92
ATP1A1,PDGFB,KLF5,PDGFB#KLF5,Enteric_glia,0.0,0.0,92
ATP1A1,TGFB1,MLXIP,TGFB1#MLXIP,Enteric_glia,0.0,0.0,92
ATP1A1,VEGFA,NR4A1,VEGFA#NR4A1,Enteric_glia,0.0,0.0,92
ATP1A1,CXCL12,OVOL2,CXCL12#OVOL2,Enteric_glia,0.0,0.0,92
ATP1A1,VEGFA,PAX1,VEGFA#PAX1,Enteric_glia,0.0,0.0,92
ATP1A1,IL18,POLR2A,IL18#POLR2A,Enteric_glia,0.0,0.0,92
ATP1A1,TGFA,POLR2A,TGFA#POLR2A,Enteric_glia,0.0,0.0,92
ATP1A1,VEGFA,PRDM1,VEGFA#PRDM1,Enteric_glia,0.0,0.0,92
ATP1A1,CXCL12,RELA,CXCL12#RELA,Enteric_glia,0.0,0.0,92
ATP1A1,BMP2,REST,BMP2#REST,Enteric_glia,0.0,0.0,92
ATP1A1,BMP2,RUNX2,BMP2#RUNX2,Enteric_glia,0.0,0.0,92
ATP1A1,BMP2,RXRA,BMP2#RXRA,Enteric_glia,0.0,0.0,92
ATP1A1,BMP6,RXRA,BMP6#RXRA,Enteric_glia,0.0,0.0,92
ATP1A1,CXCL12,RXRA,CXCL12#RXRA,Enteric_glia,0.0,0.0,92
ATP1A1,IL18,SIN3A,IL18#SIN3A,Enteric_glia,0.0,0.0,92
ATP1A1,CXCL12,SIN3A,CXCL12#SIN3A,Enteric_glia,0.0,0.0,92
ATP1A1,IL18,SMAD1,IL18#SMAD1,Enteric_glia,0.0,0.0,92
ATP1A1,BMP6,SMAD4,BMP6#SMAD4,Enteric_glia,0.0,0.0,92
ATP1A1,LIF,SMC3,LIF#SMC3,Enteric_glia,0.0,0.0,92
ATP1A1,BMP2,SNAI2,BMP2#SNAI2,Enteric_glia,0.0,0.0,92
ATP1A1,PDGFA,SP1,PDGFA#SP1,Enteric_glia,0.0,0.0,92
ATP1A1,IL18,SREBF1,IL18#SREBF1,Enteric_glia,0.0,0.0,92
ATP1A1,PDGFA,TAF1,PDGFA#TAF1,Enteric_glia,0.0,0.0,92
ATP1A1,CSF1,TCF7L2,CSF1#TCF7L2,Enteric_glia,0.0,0.0,92
ATP1A1,BMP2,TFAP2B,BMP2#TFAP2B,Enteric_glia,0.0,0.0,92
ATP1A1,GAS6,TFEB,GAS6#TFEB,Enteric_glia,0.0,0.0,92
ATP1A1,TGFB1,VDR,TGFB1#VDR,Enteric_glia,0.0,0.0,92
ATP1A1,BMP6,VDR,BMP6#VDR,Enteric_glia,0.0,0.0,92
ATP1A1,GDF11,VDR,GDF11#VDR,Enteric_glia,0.0,0.0,92
ATP1A1,IL12A,XBP1,IL12A#XBP1,Enteric_glia,0.0,0.0,92
ATP1A1,BMP2,ZBTB1,BMP2#ZBTB1,Enteric_glia,0.0,0.0,92
ATP1A1,BMP2,AR,BMP2#AR,Fibroblast,0.0,0.0,944
ATP1A1,IL18,CREB1,IL18#CREB1,Fibroblast,0.0,0.0,944
ATP1A1,CCL15,CREB3,CCL15#CREB3,Fibroblast,0.0,0.0,944
ATP1A1,IL18,ELK1,IL18#ELK1,Fibroblast,0.0,0.0,944
ATP1A1,TGFB1,ESRRA,TGFB1#ESRRA,Fibroblast,0.0,0.0,944
ATP1A1,IFNG,ESRRA,IFNG#ESRRA,Fibroblast,0.0,0.0,944
ATP1A1,PDGFA,ETV6,PDGFA#ETV6,Fibroblast,0.0,0.0,944
ATP1A1,BMP4,GRHL2,BMP4#GRHL2,Fibroblast,0.0,0.0,944
ATP1A1,TGFB1,GRHL2,TGFB1#GRHL2,Fibroblast,0.0,0.0,944
ATP1A1,GAS6,GRHL2,GAS6#GRHL2,Fibroblast,0.0,0.0,944
ATP1A1,BMP2,HES1,BMP2#HES1,Fibroblast,0.0,0.0,944
ATP1A1,BMP4,HES1,BMP4#HES1,Fibroblast,0.0,0.0,944
ATP1A1,IGF1,HNF4A,IGF1#HNF4A,Fibroblast,0.0,0.0,944
ATP1A1,TGFB1,HNF4A,TGFB1#HNF4A,Fibroblast,0.0,0.0,944
ATP1A1,WNT5A,HNF4A,WNT5A#HNF4A,Fibroblast,0.0,0.0,944
ATP1A1,BMP2,ID4,BMP2#ID4,Fibroblast,0.0,0.0,944
ATP1A1,EGF,JUN,EGF#JUN,Fibroblast,0.0,0.0,944
ATP1A1,TGFB1,JUN,TGFB1#JUN,Fibroblast,0.0,0.0,944
ATP1A1,TGFA,JUN,TGFA#JUN,Fibroblast,0.0,0.0,944
ATP1A1,IL18,KLF16,IL18#KLF16,Fibroblast,0.0,0.0,944
ATP1A1,IFNG,KLF4,IFNG#KLF4,Fibroblast,0.0,0.0,944
ATP1A1,VEGFA,KLF4,VEGFA#KLF4,Fibroblast,0.0,0.0,944
ATP1A1,TNFSF10,KLF4,TNFSF10#KLF4,Fibroblast,0.0,0.0,944
ATP1A1,PDGFB,KLF4,PDGFB#KLF4,Fibroblast,0.0,0.0,944
ATP1A1,PDGFC,KLF5,PDGFC#KLF5,Fibroblast,0.0,0.0,944
ATP1A1,BMP6,KLF5,BMP6#KLF5,Fibroblast,0.0,0.0,944
ATP1A1,PDGFB,KLF5,PDGFB#KLF5,Fibroblast,0.0,0.0,944
ATP1A1,TGFB1,MLXIP,TGFB1#MLXIP,Fibroblast,0.0,0.0,944
ATP1A1,VEGFA,NR4A1,VEGFA#NR4A1,Fibroblast,0.0,0.0,944
ATP1A1,CXCL12,OVOL2,CXCL12#OVOL2,Fibroblast,0.0,0.0,944
ATP1A1,VEGFA,PAX1,VEGFA#PAX1,Fibroblast,0.0,0.0,944
ATP1A1,IL18,POLR2A,IL18#POLR2A,Fibroblast,0.0,0.0,944
ATP1A1,TGFA,POLR2A,TGFA#POLR2A,Fibroblast,0.0,0.0,944
ATP1A1,VEGFA,PRDM1,VEGFA#PRDM1,Fibroblast,0.0,0.0,944
ATP1A1,CXCL12,RELA,CXCL12#RELA,Fibroblast,0.0,0.0,944
ATP1A1,BMP2,REST,BMP2#REST,Fibroblast,0.0,0.0,944
ATP1A1,BMP2,RUNX2,BMP2#RUNX2,Fibroblast,0.0,0.0,944
ATP1A1,BMP2,RXRA,BMP2#RXRA,Fibroblast,0.0,0.0,944
ATP1A1,BMP6,RXRA,BMP6#RXRA,Fibroblast,0.0,0.0,944
ATP1A1,CXCL12,RXRA,CXCL12#RXRA,Fibroblast,0.0,0.0,944
ATP1A1,IL18,SIN3A,IL18#SIN3A,Fibroblast,0.0,0.0,944
ATP1A1,CXCL12,SIN3A,CXCL12#SIN3A,Fibroblast,0.0,0.0,944
ATP1A1,IL18,SMAD1,IL18#SMAD1,Fibroblast,0.0,0.0,944
ATP1A1,BMP6,SMAD4,BMP6#SMAD4,Fibroblast,0.0,0.0,944
ATP1A1,LIF,SMC3,LIF#SMC3,Fibroblast,0.0,0.0,944
ATP1A1,BMP2,SNAI2,BMP2#SNAI2,Fibroblast,0.0,0.0,944
ATP1A1,PDGFA,SP1,PDGFA#SP1,Fibroblast,0.0,0.0,944
ATP1A1,IL18,SREBF1,IL18#SREBF1,Fibroblast,0.0,0.0,944
ATP1A1,PDGFA,TAF1,PDGFA#TAF1,Fibroblast,0.0,0.0,944
ATP1A1,CSF1,TCF7L2,CSF1#TCF7L2,Fibroblast,0.0,0.0,944
ATP1A1,BMP2,TFAP2B,BMP2#TFAP2B,Fibroblast,0.0,0.0,944
ATP1A1,GAS6,TFEB,GAS6#TFEB,Fibroblast,0.0,0.0,944
ATP1A1,TGFB1,VDR,TGFB1#VDR,Fibroblast,0.0,0.0,944
ATP1A1,BMP6,VDR,BMP6#VDR,Fibroblast,0.0,0.0,944
ATP1A1,GDF11,VDR,GDF11#VDR,Fibroblast,0.0,0.0,944
ATP1A1,IL12A,XBP1,IL12A#XBP1,Fibroblast,0.0,0.0,944
ATP1A1,BMP2,ZBTB1,BMP2#ZBTB1,Fibroblast,0.0,0.0,944
ATP1A1,BMP2,AR,BMP2#AR,IEC,1.1189291e-10,1.9784743e-11,7778
ATP1A1,IL18,CREB1,IL18#CREB1,IEC,-1.491242e-07,5.4702674e-08,7778
ATP1A1,CCL15,CREB3,CCL15#CREB3,IEC,-2.6802796e-05,2.9982557e-06,7778
ATP1A1,IL18,ELK1,IL18#ELK1,IEC,-6.2289496e-07,1.6454516e-07,7778
ATP1A1,TGFB1,ESRRA,TGFB1#ESRRA,IEC,3.3658867e-05,3.912455e-06,7778
ATP1A1,IFNG,ESRRA,IFNG#ESRRA,IEC,1.2238926e-05,1.1269864e-06,7778
ATP1A1,PDGFA,ETV6,PDGFA#ETV6,IEC,-3.251775e-05,3.1781046e-06,7778
ATP1A1,BMP4,GRHL2,BMP4#GRHL2,IEC,0.00014514537,3.196263e-05,7778
ATP1A1,TGFB1,GRHL2,TGFB1#GRHL2,IEC,7.6728264e-07,1.1530912e-07,7778
ATP1A1,GAS6,GRHL2,GAS6#GRHL2,IEC,-1.6339101e-05,2.780752e-06,7778
ATP1A1,BMP2,HES1,BMP2#HES1,IEC,-7.0345865e-05,5.091828e-06,7778
ATP1A1,BMP4,HES1,BMP4#HES1,IEC,2.1872896e-05,4.2684037e-06,7778
ATP1A1,IGF1,HNF4A,IGF1#HNF4A,IEC,1.14946246e-07,3.2260004e-08,7778
ATP1A1,TGFB1,HNF4A,TGFB1#HNF4A,IEC,5.1746523e-05,1.8090817e-05,7778
ATP1A1,WNT5A,HNF4A,WNT5A#HNF4A,IEC,0.00010475746,1.9257981e-05,7778
ATP1A1,BMP2,ID4,BMP2#ID4,IEC,1.8257838e-07,6.864777e-08,7778
ATP1A1,EGF,JUN,EGF#JUN,IEC,3.2729696e-07,9.773137e-08,7778
ATP1A1,TGFB1,JUN,TGFB1#JUN,IEC,1.5635964e-06,3.5904992e-07,7778
ATP1A1,TGFA,JUN,TGFA#JUN,IEC,-0.00030391716,9.549201e-05,7778
ATP1A1,IL18,KLF16,IL18#KLF16,IEC,-7.7938466e-07,1.5242406e-07,7778
ATP1A1,IFNG,KLF4,IFNG#KLF4,IEC,1.1484492e-06,4.3500356e-07,7778
ATP1A1,VEGFA,KLF4,VEGFA#KLF4,IEC,-0.001216001,0.00028986402,7778
ATP1A1,TNFSF10,KLF4,TNFSF10#KLF4,IEC,-0.0025816988,0.000676616,7778
ATP1A1,PDGFB,KLF4,PDGFB#KLF4,IEC,1.4888965e-07,2.4407031e-08,7778
ATP1A1,PDGFC,KLF5,PDGFC#KLF5,IEC,1.0489962e-05,2.8129607e-06,7778
ATP1A1,BMP6,KLF5,BMP6#KLF5,IEC,0.000112345355,4.4624772e-05,7778
ATP1A1,PDGFB,KLF5,PDGFB#KLF5,IEC,1.2847651e-07,1.3646943e-08,7778
ATP1A1,TGFB1,MLXIP,TGFB1#MLXIP,IEC,8.509271e-08,3.140248e-08,7778
ATP1A1,VEGFA,NR4A1,VEGFA#NR4A1,IEC,-1.3610469e-05,2.461103e-06,7778
ATP1A1,CXCL12,OVOL2,CXCL12#OVOL2,IEC,5.0470527e-07,1.977341e-07,7778
ATP1A1,VEGFA,PAX1,VEGFA#PAX1,IEC,-1.919566e-07,1.9437435e-08,7778
ATP1A1,IL18,POLR2A,IL18#POLR2A,IEC,-2.4351118e-06,8.0776914e-07,7778
ATP1A1,TGFA,POLR2A,TGFA#POLR2A,IEC,-0.00015651881,1.7297081e-05,7778
ATP1A1,VEGFA,PRDM1,VEGFA#PRDM1,IEC,5.052855e-07,1.0783484e-07,7778
ATP1A1,CXCL12,RELA,CXCL12#RELA,IEC,2.595519e-06,3.2971985e-07,7778
ATP1A1,BMP2,REST,BMP2#REST,IEC,-0.00011064169,5.553185e-05,7778
ATP1A1,BMP2,RUNX2,BMP2#RUNX2,IEC,-1.3004053e-05,1.4956014e-06,7778
ATP1A1,BMP2,RXRA,BMP2#RXRA,IEC,-0.0010308072,0.00018977908,7778
ATP1A1,BMP6,RXRA,BMP6#RXRA,IEC,7.315373e-05,1.6742166e-05,7778
ATP1A1,CXCL12,RXRA,CXCL12#RXRA,IEC,8.3654486e-05,1.7324903e-05,7778
ATP1A1,IL18,SIN3A,IL18#SIN3A,IEC,-2.465789e-07,1.0111146e-07,7778
ATP1A1,CXCL12,SIN3A,CXCL12#SIN3A,IEC,2.09394e-06,5.9089035e-07,7778
ATP1A1,IL18,SMAD1,IL18#SMAD1,IEC,-1.8796137e-13,6.183142e-14,7778
ATP1A1,BMP6,SMAD4,BMP6#SMAD4,IEC,3.3643016e-07,2.7749875e-08,7778
ATP1A1,LIF,SMC3,LIF#SMC3,IEC,-3.867997e-09,4.2828485e-10,7778
ATP1A1,BMP2,SNAI2,BMP2#SNAI2,IEC,-6.078552e-08,5.9536025e-09,7778
ATP1A1,PDGFA,SP1,PDGFA#SP1,IEC,-0.00015107855,5.0022936e-05,7778
ATP1A1,IL18,SREBF1,IL18#SREBF1,IEC,7.4768373e-06,1.080207e-06,7778
ATP1A1,PDGFA,TAF1,PDGFA#TAF1,IEC,2.8725932e-08,4.8886233e-09,7778
ATP1A1,CSF1,TCF7L2,CSF1#TCF7L2,IEC,7.67649e-06,2.0216637e-06,7778
ATP1A1,BMP2,TFAP2B,BMP2#TFAP2B,IEC,2.9683227e-08,1.268349e-08,7778
ATP1A1,GAS6,TFEB,GAS6#TFEB,IEC,0.00010877651,3.5695593e-05,7778
ATP1A1,TGFB1,VDR,TGFB1#VDR,IEC,3.98929e-05,4.9997616e-06,7778
ATP1A1,BMP6,VDR,BMP6#VDR,IEC,0.0002735756,4.8020986e-05,7778
ATP1A1,GDF11,VDR,GDF11#VDR,IEC,-3.9211283e-09,1.0429625e-09,7778
ATP1A1,IL12A,XBP1,IL12A#XBP1,IEC,-1.9032873e-08,1.3758965e-09,7778
ATP1A1,BMP2,ZBTB1,BMP2#ZBTB1,IEC,-7.853026e-06,8.6638374e-07,7778
ATP1A1,BMP2,AR,BMP2#AR,MAST,0.0,0.0,171
ATP1A1,IL18,CREB1,IL18#CREB1,MAST,0.0,0.0,171
ATP1A1,CCL15,CREB3,CCL15#CREB3,MAST,0.0,0.0,171
ATP1A1,IL18,ELK1,IL18#ELK1,MAST,0.0,0.0,171
ATP1A1,TGFB1,ESRRA,TGFB1#ESRRA,MAST,0.0,0.0,171
ATP1A1,IFNG,ESRRA,IFNG#ESRRA,MAST,0.0,0.0,171
ATP1A1,PDGFA,ETV6,PDGFA#ETV6,MAST,0.0,0.0,171
ATP1A1,BMP4,GRHL2,BMP4#GRHL2,MAST,0.0,0.0,171
ATP1A1,TGFB1,GRHL2,TGFB1#GRHL2,MAST,0.0,0.0,171
ATP1A1,GAS6,GRHL2,GAS6#GRHL2,MAST,0.0,0.0,171
ATP1A1,BMP2,HES1,BMP2#HES1,MAST,0.0,0.0,171
ATP1A1,BMP4,HES1,BMP4#HES1,MAST,0.0,0.0,171
ATP1A1,IGF1,HNF4A,IGF1#HNF4A,MAST,0.0,0.0,171
ATP1A1,TGFB1,HNF4A,TGFB1#HNF4A,MAST,0.0,0.0,171
ATP1A1,WNT5A,HNF4A,WNT5A#HNF4A,MAST,0.0,0.0,171
ATP1A1,BMP2,ID4,BMP2#ID4,MAST,0.0,0.0,171
ATP1A1,EGF,JUN,EGF#JUN,MAST,0.0,0.0,171
ATP1A1,TGFB1,JUN,TGFB1#JUN,MAST,0.0,0.0,171
ATP1A1,TGFA,JUN,TGFA#JUN,MAST,0.0,0.0,171
ATP1A1,IL18,KLF16,IL18#KLF16,MAST,0.0,0.0,171
ATP1A1,IFNG,KLF4,IFNG#KLF4,MAST,0.0,0.0,171
ATP1A1,VEGFA,KLF4,VEGFA#KLF4,MAST,0.0,0.0,171
ATP1A1,TNFSF10,KLF4,TNFSF10#KLF4,MAST,0.0,0.0,171
ATP1A1,PDGFB,KLF4,PDGFB#KLF4,MAST,0.0,0.0,171
ATP1A1,PDGFC,KLF5,PDGFC#KLF5,MAST,0.0,0.0,171
ATP1A1,BMP6,KLF5,BMP6#KLF5,MAST,0.0,0.0,171
ATP1A1,PDGFB,KLF5,PDGFB#KLF5,MAST,0.0,0.0,171
ATP1A1,TGFB1,MLXIP,TGFB1#MLXIP,MAST,0.0,0.0,171
ATP1A1,VEGFA,NR4A1,VEGFA#NR4A1,MAST,0.0,0.0,171
ATP1A1,CXCL12,OVOL2,CXCL12#OVOL2,MAST,0.0,0.0,171
ATP1A1,VEGFA,PAX1,VEGFA#PAX1,MAST,0.0,0.0,171
ATP1A1,IL18,POLR2A,IL18#POLR2A,MAST,0.0,0.0,171
ATP1A1,TGFA,POLR2A,TGFA#POLR2A,MAST,0.0,0.0,171
ATP1A1,VEGFA,PRDM1,VEGFA#PRDM1,MAST,0.0,0.0,171
ATP1A1,CXCL12,RELA,CXCL12#RELA,MAST,0.0,0.0,171
ATP1A1,BMP2,REST,BMP2#REST,MAST,0.0,0.0,171
ATP1A1,BMP2,RUNX2,BMP2#RUNX2,MAST,0.0,0.0,171
ATP1A1,BMP2,RXRA,BMP2#RXRA,MAST,0.0,0.0,171
ATP1A1,BMP6,RXRA,BMP6#RXRA,MAST,0.0,0.0,171
ATP1A1,CXCL12,RXRA,CXCL12#RXRA,MAST,0.0,0.0,171
ATP1A1,IL18,SIN3A,IL18#SIN3A,MAST,0.0,0.0,171
ATP1A1,CXCL12,SIN3A,CXCL12#SIN3A,MAST,0.0,0.0,171
ATP1A1,IL18,SMAD1,IL18#SMAD1,MAST,0.0,0.0,171
ATP1A1,BMP6,SMAD4,BMP6#SMAD4,MAST,0.0,0.0,171
ATP1A1,LIF,SMC3,LIF#SMC3,MAST,0.0,0.0,171
ATP1A1,BMP2,SNAI2,BMP2#SNAI2,MAST,0.0,0.0,171
ATP1A1,PDGFA,SP1,PDGFA#SP1,MAST,0.0,0.0,171
ATP1A1,IL18,SREBF1,IL18#SREBF1,MAST,0.0,0.0,171
ATP1A1,PDGFA,TAF1,PDGFA#TAF1,MAST,0.0,0.0,171
ATP1A1,CSF1,TCF7L2,CSF1#TCF7L2,MAST,0.0,0.0,171
ATP1A1,BMP2,TFAP2B,BMP2#TFAP2B,MAST,0.0,0.0,171
ATP1A1,GAS6,TFEB,GAS6#TFEB,MAST,0.0,0.0,171
ATP1A1,TGFB1,VDR,TGFB1#VDR,MAST,0.0,0.0,171
ATP1A1,BMP6,VDR,BMP6#VDR,MAST,0.0,0.0,171
ATP1A1,GDF11,VDR,GDF11#VDR,MAST,0.0,0.0,171
ATP1A1,IL12A,XBP1,IL12A#XBP1,MAST,0.0,0.0,171
ATP1A1,BMP2,ZBTB1,BMP2#ZBTB1,MAST,0.0,0.0,171
ATP1A1,BMP2,AR,BMP2#AR,MNP,0.0,0.0,464
ATP1A1,IL18,CREB1,IL18#CREB1,MNP,0.0,0.0,464
ATP1A1,CCL15,CREB3,CCL15#CREB3,MNP,0.0,0.0,464
ATP1A1,IL18,ELK1,IL18#ELK1,MNP,0.0,0.0,464
ATP1A1,TGFB1,ESRRA,TGFB1#ESRRA,MNP,0.0,0.0,464
ATP1A1,IFNG,ESRRA,IFNG#ESRRA,MNP,0.0,0.0,464
ATP1A1,PDGFA,ETV6,PDGFA#ETV6,MNP,0.0,0.0,464
ATP1A1,BMP4,GRHL2,BMP4#GRHL2,MNP,0.0,0.0,464
ATP1A1,TGFB1,GRHL2,TGFB1#GRHL2,MNP,0.0,0.0,464
ATP1A1,GAS6,GRHL2,GAS6#GRHL2,MNP,0.0,0.0,464
ATP1A1,BMP2,HES1,BMP2#HES1,MNP,0.0,0.0,464
ATP1A1,BMP4,HES1,BMP4#HES1,MNP,0.0,0.0,464
ATP1A1,IGF1,HNF4A,IGF1#HNF4A,MNP,0.0,0.0,464
ATP1A1,TGFB1,HNF4A,TGFB1#HNF4A,MNP,0.0,0.0,464
ATP1A1,WNT5A,HNF4A,WNT5A#HNF4A,MNP,0.0,0.0,464
ATP1A1,BMP2,ID4,BMP2#ID4,MNP,0.0,0.0,464
ATP1A1,EGF,JUN,EGF#JUN,MNP,0.0,0.0,464
ATP1A1,TGFB1,JUN,TGFB1#JUN,MNP,0.0,0.0,464
ATP1A1,TGFA,JUN,TGFA#JUN,MNP,0.0,0.0,464
ATP1A1,IL18,KLF16,IL18#KLF16,MNP,0.0,0.0,464
ATP1A1,IFNG,KLF4,IFNG#KLF4,MNP,0.0,0.0,464
ATP1A1,VEGFA,KLF4,VEGFA#KLF4,MNP,0.0,0.0,464
ATP1A1,TNFSF10,KLF4,TNFSF10#KLF4,MNP,0.0,0.0,464
ATP1A1,PDGFB,KLF4,PDGFB#KLF4,MNP,0.0,0.0,464
ATP1A1,PDGFC,KLF5,PDGFC#KLF5,MNP,0.0,0.0,464
ATP1A1,BMP6,KLF5,BMP6#KLF5,MNP,0.0,0.0,464
ATP1A1,PDGFB,KLF5,PDGFB#KLF5,MNP,0.0,0.0,464
ATP1A1,TGFB1,MLXIP,TGFB1#MLXIP,MNP,0.0,0.0,464
ATP1A1,VEGFA,NR4A1,VEGFA#NR4A1,MNP,0.0,0.0,464
ATP1A1,CXCL12,OVOL2,CXCL12#OVOL2,MNP,0.0,0.0,464
ATP1A1,VEGFA,PAX1,VEGFA#PAX1,MNP,0.0,0.0,464
ATP1A1,IL18,POLR2A,IL18#POLR2A,MNP,0.0,0.0,464
ATP1A1,TGFA,POLR2A,TGFA#POLR2A,MNP,0.0,0.0,464
ATP1A1,VEGFA,PRDM1,VEGFA#PRDM1,MNP,0.0,0.0,464
ATP1A1,CXCL12,RELA,CXCL12#RELA,MNP,0.0,0.0,464
ATP1A1,BMP2,REST,BMP2#REST,MNP,0.0,0.0,464
ATP1A1,BMP2,RUNX2,BMP2#RUNX2,MNP,0.0,0.0,464
ATP1A1,BMP2,RXRA,BMP2#RXRA,MNP,0.0,0.0,464
ATP1A1,BMP6,RXRA,BMP6#RXRA,MNP,0.0,0.0,464
ATP1A1,CXCL12,RXRA,CXCL12#RXRA,MNP,0.0,0.0,464
ATP1A1,IL18,SIN3A,IL18#SIN3A,MNP,0.0,0.0,464
ATP1A1,CXCL12,SIN3A,CXCL12#SIN3A,MNP,0.0,0.0,464
ATP1A1,IL18,SMAD1,IL18#SMAD1,MNP,0.0,0.0,464
ATP1A1,BMP6,SMAD4,BMP6#SMAD4,MNP,0.0,0.0,464
ATP1A1,LIF,SMC3,LIF#SMC3,MNP,0.0,0.0,464
ATP1A1,BMP2,SNAI2,BMP2#SNAI2,MNP,0.0,0.0,464
ATP1A1,PDGFA,SP1,PDGFA#SP1,MNP,0.0,0.0,464
ATP1A1,IL18,SREBF1,IL18#SREBF1,MNP,0.0,0.0,464
ATP1A1,PDGFA,TAF1,PDGFA#TAF1,MNP,0.0,0.0,464
ATP1A1,CSF1,TCF7L2,CSF1#TCF7L2,MNP,0.0,0.0,464
ATP1A1,BMP2,TFAP2B,BMP2#TFAP2B,MNP,0.0,0.0,464
ATP1A1,GAS6,TFEB,GAS6#TFEB,MNP,0.0,0.0,464
ATP1A1,TGFB1,VDR,TGFB1#VDR,MNP,0.0,0.0,464
ATP1A1,BMP6,VDR,BMP6#VDR,MNP,0.0,0.0,464
ATP1A1,GDF11,VDR,GDF11#VDR,MNP,0.0,0.0,464
ATP1A1,IL12A,XBP1,IL12A#XBP1,MNP,0.0,0.0,464
ATP1A1,BMP2,ZBTB1,BMP2#ZBTB1,MNP,0.0,0.0,464
ATP1A1,BMP2,AR,BMP2#AR,Muscularis_mucosa,0.0,0.0,92
ATP1A1,IL18,CREB1,IL18#CREB1,Muscularis_mucosa,0.0,0.0,92
ATP1A1,CCL15,CREB3,CCL15#CREB3,Muscularis_mucosa,0.0,0.0,92
ATP1A1,IL18,ELK1,IL18#ELK1,Muscularis_mucosa,0.0,0.0,92
ATP1A1,TGFB1,ESRRA,TGFB1#ESRRA,Muscularis_mucosa,0.0,0.0,92
ATP1A1,IFNG,ESRRA,IFNG#ESRRA,Muscularis_mucosa,0.0,0.0,92
ATP1A1,PDGFA,ETV6,PDGFA#ETV6,Muscularis_mucosa,0.0,0.0,92
ATP1A1,BMP4,GRHL2,BMP4#GRHL2,Muscularis_mucosa,0.0,0.0,92
ATP1A1,TGFB1,GRHL2,TGFB1#GRHL2,Muscularis_mucosa,0.0,0.0,92
ATP1A1,GAS6,GRHL2,GAS6#GRHL2,Muscularis_mucosa,0.0,0.0,92
ATP1A1,BMP2,HES1,BMP2#HES1,Muscularis_mucosa,0.0,0.0,92
ATP1A1,BMP4,HES1,BMP4#HES1,Muscularis_mucosa,0.0,0.0,92
ATP1A1,IGF1,HNF4A,IGF1#HNF4A,Muscularis_mucosa,0.0,0.0,92
ATP1A1,TGFB1,HNF4A,TGFB1#HNF4A,Muscularis_mucosa,0.0,0.0,92
ATP1A1,WNT5A,HNF4A,WNT5A#HNF4A,Muscularis_mucosa,0.0,0.0,92
ATP1A1,BMP2,ID4,BMP2#ID4,Muscularis_mucosa,0.0,0.0,92
ATP1A1,EGF,JUN,EGF#JUN,Muscularis_mucosa,0.0,0.0,92
ATP1A1,TGFB1,JUN,TGFB1#JUN,Muscularis_mucosa,0.0,0.0,92
ATP1A1,TGFA,JUN,TGFA#JUN,Muscularis_mucosa,0.0,0.0,92
ATP1A1,IL18,KLF16,IL18#KLF16,Muscularis_mucosa,0.0,0.0,92
ATP1A1,IFNG,KLF4,IFNG#KLF4,Muscularis_mucosa,0.0,0.0,92
ATP1A1,VEGFA,KLF4,VEGFA#KLF4,Muscularis_mucosa,0.0,0.0,92
ATP1A1,TNFSF10,KLF4,TNFSF10#KLF4,Muscularis_mucosa,0.0,0.0,92
ATP1A1,PDGFB,KLF4,PDGFB#KLF4,Muscularis_mucosa,0.0,0.0,92
ATP1A1,PDGFC,KLF5,PDGFC#KLF5,Muscularis_mucosa,0.0,0.0,92
ATP1A1,BMP6,KLF5,BMP6#KLF5,Muscularis_mucosa,0.0,0.0,92
ATP1A1,PDGFB,KLF5,PDGFB#KLF5,Muscularis_mucosa,0.0,0.0,92
ATP1A1,TGFB1,MLXIP,TGFB1#MLXIP,Muscularis_mucosa,0.0,0.0,92
ATP1A1,VEGFA,NR4A1,VEGFA#NR4A1,Muscularis_mucosa,0.0,0.0,92
ATP1A1,CXCL12,OVOL2,CXCL12#OVOL2,Muscularis_mucosa,0.0,0.0,92
ATP1A1,VEGFA,PAX1,VEGFA#PAX1,Muscularis_mucosa,0.0,0.0,92
ATP1A1,IL18,POLR2A,IL18#POLR2A,Muscularis_mucosa,0.0,0.0,92
ATP1A1,TGFA,POLR2A,TGFA#POLR2A,Muscularis_mucosa,0.0,0.0,92
ATP1A1,VEGFA,PRDM1,VEGFA#PRDM1,Muscularis_mucosa,0.0,0.0,92
ATP1A1,CXCL12,RELA,CXCL12#RELA,Muscularis_mucosa,0.0,0.0,92
ATP1A1,BMP2,REST,BMP2#REST,Muscularis_mucosa,0.0,0.0,92
ATP1A1,BMP2,RUNX2,BMP2#RUNX2,Muscularis_mucosa,0.0,0.0,92
ATP1A1,BMP2,RXRA,BMP2#RXRA,Muscularis_mucosa,0.0,0.0,92
ATP1A1,BMP6,RXRA,BMP6#RXRA,Muscularis_mucosa,0.0,0.0,92
ATP1A1,CXCL12,RXRA,CXCL12#RXRA,Muscularis_mucosa,0.0,0.0,92
ATP1A1,IL18,SIN3A,IL18#SIN3A,Muscularis_mucosa,0.0,0.0,92
ATP1A1,CXCL12,SIN3A,CXCL12#SIN3A,Muscularis_mucosa,0.0,0.0,92
ATP1A1,IL18,SMAD1,IL18#SMAD1,Muscularis_mucosa,0.0,0.0,92
ATP1A1,BMP6,SMAD4,BMP6#SMAD4,Muscularis_mucosa,0.0,0.0,92
ATP1A1,LIF,SMC3,LIF#SMC3,Muscularis_mucosa,0.0,0.0,92
ATP1A1,BMP2,SNAI2,BMP2#SNAI2,Muscularis_mucosa,0.0,0.0,92
ATP1A1,PDGFA,SP1,PDGFA#SP1,Muscularis_mucosa,0.0,0.0,92
ATP1A1,IL18,SREBF1,IL18#SREBF1,Muscularis_mucosa,0.0,0.0,92
ATP1A1,PDGFA,TAF1,PDGFA#TAF1,Muscularis_mucosa,0.0,0.0,92
ATP1A1,CSF1,TCF7L2,CSF1#TCF7L2,Muscularis_mucosa,0.0,0.0,92
ATP1A1,BMP2,TFAP2B,BMP2#TFAP2B,Muscularis_mucosa,0.0,0.0,92
ATP1A1,GAS6,TFEB,GAS6#TFEB,Muscularis_mucosa,0.0,0.0,92
ATP1A1,TGFB1,VDR,TGFB1#VDR,Muscularis_mucosa,0.0,0.0,92
ATP1A1,BMP6,VDR,BMP6#VDR,Muscularis_mucosa,0.0,0.0,92
ATP1A1,GDF11,VDR,GDF11#VDR,Muscularis_mucosa,0.0,0.0,92
ATP1A1,IL12A,XBP1,IL12A#XBP1,Muscularis_mucosa,0.0,0.0,92
ATP1A1,BMP2,ZBTB1,BMP2#ZBTB1,Muscularis_mucosa,0.0,0.0,92
ATP1A1,BMP2,AR,BMP2#AR,Myofibroblast,0.0,0.0,219
ATP1A1,IL18,CREB1,IL18#CREB1,Myofibroblast,0.0,0.0,219
ATP1A1,CCL15,CREB3,CCL15#CREB3,Myofibroblast,0.0,0.0,219
ATP1A1,IL18,ELK1,IL18#ELK1,Myofibroblast,0.0,0.0,219
ATP1A1,TGFB1,ESRRA,TGFB1#ESRRA,Myofibroblast,0.0,0.0,219
ATP1A1,IFNG,ESRRA,IFNG#ESRRA,Myofibroblast,0.0,0.0,219
ATP1A1,PDGFA,ETV6,PDGFA#ETV6,Myofibroblast,0.0,0.0,219
ATP1A1,BMP4,GRHL2,BMP4#GRHL2,Myofibroblast,0.0,0.0,219
ATP1A1,TGFB1,GRHL2,TGFB1#GRHL2,Myofibroblast,0.0,0.0,219
ATP1A1,GAS6,GRHL2,GAS6#GRHL2,Myofibroblast,0.0,0.0,219
ATP1A1,BMP2,HES1,BMP2#HES1,Myofibroblast,0.0,0.0,219
ATP1A1,BMP4,HES1,BMP4#HES1,Myofibroblast,0.0,0.0,219
ATP1A1,IGF1,HNF4A,IGF1#HNF4A,Myofibroblast,0.0,0.0,219
ATP1A1,TGFB1,HNF4A,TGFB1#HNF4A,Myofibroblast,0.0,0.0,219
ATP1A1,WNT5A,HNF4A,WNT5A#HNF4A,Myofibroblast,0.0,0.0,219
ATP1A1,BMP2,ID4,BMP2#ID4,Myofibroblast,0.0,0.0,219
ATP1A1,EGF,JUN,EGF#JUN,Myofibroblast,0.0,0.0,219
ATP1A1,TGFB1,JUN,TGFB1#JUN,Myofibroblast,0.0,0.0,219
ATP1A1,TGFA,JUN,TGFA#JUN,Myofibroblast,0.0,0.0,219
ATP1A1,IL18,KLF16,IL18#KLF16,Myofibroblast,0.0,0.0,219
ATP1A1,IFNG,KLF4,IFNG#KLF4,Myofibroblast,0.0,0.0,219
ATP1A1,VEGFA,KLF4,VEGFA#KLF4,Myofibroblast,0.0,0.0,219
ATP1A1,TNFSF10,KLF4,TNFSF10#KLF4,Myofibroblast,0.0,0.0,219
ATP1A1,PDGFB,KLF4,PDGFB#KLF4,Myofibroblast,0.0,0.0,219
ATP1A1,PDGFC,KLF5,PDGFC#KLF5,Myofibroblast,0.0,0.0,219
ATP1A1,BMP6,KLF5,BMP6#KLF5,Myofibroblast,0.0,0.0,219
ATP1A1,PDGFB,KLF5,PDGFB#KLF5,Myofibroblast,0.0,0.0,219
ATP1A1,TGFB1,MLXIP,TGFB1#MLXIP,Myofibroblast,0.0,0.0,219
ATP1A1,VEGFA,NR4A1,VEGFA#NR4A1,Myofibroblast,0.0,0.0,219
ATP1A1,CXCL12,OVOL2,CXCL12#OVOL2,Myofibroblast,0.0,0.0,219
ATP1A1,VEGFA,PAX1,VEGFA#PAX1,Myofibroblast,0.0,0.0,219
ATP1A1,IL18,POLR2A,IL18#POLR2A,Myofibroblast,0.0,0.0,219
ATP1A1,TGFA,POLR2A,TGFA#POLR2A,Myofibroblast,0.0,0.0,219
ATP1A1,VEGFA,PRDM1,VEGFA#PRDM1,Myofibroblast,0.0,0.0,219
ATP1A1,CXCL12,RELA,CXCL12#RELA,Myofibroblast,0.0,0.0,219
ATP1A1,BMP2,REST,BMP2#REST,Myofibroblast,0.0,0.0,219
ATP1A1,BMP2,RUNX2,BMP2#RUNX2,Myofibroblast,0.0,0.0,219
ATP1A1,BMP2,RXRA,BMP2#RXRA,Myofibroblast,0.0,0.0,219
ATP1A1,BMP6,RXRA,BMP6#RXRA,Myofibroblast,0.0,0.0,219
ATP1A1,CXCL12,RXRA,CXCL12#RXRA,Myofibroblast,0.0,0.0,219
ATP1A1,IL18,SIN3A,IL18#SIN3A,Myofibroblast,0.0,0.0,219
ATP1A1,CXCL12,SIN3A,CXCL12#SIN3A,Myofibroblast,0.0,0.0,219
ATP1A1,IL18,SMAD1,IL18#SMAD1,Myofibroblast,0.0,0.0,219
ATP1A1,BMP6,SMAD4,BMP6#SMAD4,Myofibroblast,0.0,0.0,219
ATP1A1,LIF,SMC3,LIF#SMC3,Myofibroblast,0.0,0.0,219
ATP1A1,BMP2,SNAI2,BMP2#SNAI2,Myofibroblast,0.0,0.0,219
ATP1A1,PDGFA,SP1,PDGFA#SP1,Myofibroblast,0.0,0.0,219
ATP1A1,IL18,SREBF1,IL18#SREBF1,Myofibroblast,0.0,0.0,219
ATP1A1,PDGFA,TAF1,PDGFA#TAF1,Myofibroblast,0.0,0.0,219
ATP1A1,CSF1,TCF7L2,CSF1#TCF7L2,Myofibroblast,0.0,0.0,219
ATP1A1,BMP2,TFAP2B,BMP2#TFAP2B,Myofibroblast,0.0,0.0,219
ATP1A1,GAS6,TFEB,GAS6#TFEB,Myofibroblast,0.0,0.0,219
ATP1A1,TGFB1,VDR,TGFB1#VDR,Myofibroblast,0.0,0.0,219
ATP1A1,BMP6,VDR,BMP6#VDR,Myofibroblast,0.0,0.0,219
ATP1A1,GDF11,VDR,GDF11#VDR,Myofibroblast,0.0,0.0,219
ATP1A1,IL12A,XBP1,IL12A#XBP1,Myofibroblast,0.0,0.0,219
ATP1A1,BMP2,ZBTB1,BMP2#ZBTB1,Myofibroblast,0.0,0.0,219
ATP1A1,BMP2,AR,BMP2#AR,Pericyte,0.0,0.0,109
ATP1A1,IL18,CREB1,IL18#CREB1,Pericyte,0.0,0.0,109
ATP1A1,CCL15,CREB3,CCL15#CREB3,Pericyte,0.0,0.0,109
ATP1A1,IL18,ELK1,IL18#ELK1,Pericyte,0.0,0.0,109
ATP1A1,TGFB1,ESRRA,TGFB1#ESRRA,Pericyte,0.0,0.0,109
ATP1A1,IFNG,ESRRA,IFNG#ESRRA,Pericyte,0.0,0.0,109
ATP1A1,PDGFA,ETV6,PDGFA#ETV6,Pericyte,0.0,0.0,109
ATP1A1,BMP4,GRHL2,BMP4#GRHL2,Pericyte,0.0,0.0,109
ATP1A1,TGFB1,GRHL2,TGFB1#GRHL2,Pericyte,0.0,0.0,109
ATP1A1,GAS6,GRHL2,GAS6#GRHL2,Pericyte,0.0,0.0,109
ATP1A1,BMP2,HES1,BMP2#HES1,Pericyte,0.0,0.0,109
ATP1A1,BMP4,HES1,BMP4#HES1,Pericyte,0.0,0.0,109
ATP1A1,IGF1,HNF4A,IGF1#HNF4A,Pericyte,0.0,0.0,109
ATP1A1,TGFB1,HNF4A,TGFB1#HNF4A,Pericyte,0.0,0.0,109
ATP1A1,WNT5A,HNF4A,WNT5A#HNF4A,Pericyte,0.0,0.0,109
ATP1A1,BMP2,ID4,BMP2#ID4,Pericyte,0.0,0.0,109
ATP1A1,EGF,JUN,EGF#JUN,Pericyte,0.0,0.0,109
ATP1A1,TGFB1,JUN,TGFB1#JUN,Pericyte,0.0,0.0,109
ATP1A1,TGFA,JUN,TGFA#JUN,Pericyte,0.0,0.0,109
ATP1A1,IL18,KLF16,IL18#KLF16,Pericyte,0.0,0.0,109
ATP1A1,IFNG,KLF4,IFNG#KLF4,Pericyte,0.0,0.0,109
ATP1A1,VEGFA,KLF4,VEGFA#KLF4,Pericyte,0.0,0.0,109
ATP1A1,TNFSF10,KLF4,TNFSF10#KLF4,Pericyte,0.0,0.0,109
ATP1A1,PDGFB,KLF4,PDGFB#KLF4,Pericyte,0.0,0.0,109
ATP1A1,PDGFC,KLF5,PDGFC#KLF5,Pericyte,0.0,0.0,109
ATP1A1,BMP6,KLF5,BMP6#KLF5,Pericyte,0.0,0.0,109
ATP1A1,PDGFB,KLF5,PDGFB#KLF5,Pericyte,0.0,0.0,109
ATP1A1,TGFB1,MLXIP,TGFB1#MLXIP,Pericyte,0.0,0.0,109
ATP1A1,VEGFA,NR4A1,VEGFA#NR4A1,Pericyte,0.0,0.0,109
ATP1A1,CXCL12,OVOL2,CXCL12#OVOL2,Pericyte,0.0,0.0,109
ATP1A1,VEGFA,PAX1,VEGFA#PAX1,Pericyte,0.0,0.0,109
ATP1A1,IL18,POLR2A,IL18#POLR2A,Pericyte,0.0,0.0,109
ATP1A1,TGFA,POLR2A,TGFA#POLR2A,Pericyte,0.0,0.0,109
ATP1A1,VEGFA,PRDM1,VEGFA#PRDM1,Pericyte,0.0,0.0,109
ATP1A1,CXCL12,RELA,CXCL12#RELA,Pericyte,0.0,0.0,109
ATP1A1,BMP2,REST,BMP2#REST,Pericyte,0.0,0.0,109
ATP1A1,BMP2,RUNX2,BMP2#RUNX2,Pericyte,0.0,0.0,109
ATP1A1,BMP2,RXRA,BMP2#RXRA,Pericyte,0.0,0.0,109
ATP1A1,BMP6,RXRA,BMP6#RXRA,Pericyte,0.0,0.0,109
ATP1A1,CXCL12,RXRA,CXCL12#RXRA,Pericyte,0.0,0.0,109
ATP1A1,IL18,SIN3A,IL18#SIN3A,Pericyte,0.0,0.0,109
ATP1A1,CXCL12,SIN3A,CXCL12#SIN3A,Pericyte,0.0,0.0,109
ATP1A1,IL18,SMAD1,IL18#SMAD1,Pericyte,0.0,0.0,109
ATP1A1,BMP6,SMAD4,BMP6#SMAD4,Pericyte,0.0,0.0,109
ATP1A1,LIF,SMC3,LIF#SMC3,Pericyte,0.0,0.0,109
ATP1A1,BMP2,SNAI2,BMP2#SNAI2,Pericyte,0.0,0.0,109
ATP1A1,PDGFA,SP1,PDGFA#SP1,Pericyte,0.0,0.0,109
ATP1A1,IL18,SREBF1,IL18#SREBF1,Pericyte,0.0,0.0,109
ATP1A1,PDGFA,TAF1,PDGFA#TAF1,Pericyte,0.0,0.0,109
ATP1A1,CSF1,TCF7L2,CSF1#TCF7L2,Pericyte,0.0,0.0,109
ATP1A1,BMP2,TFAP2B,BMP2#TFAP2B,Pericyte,0.0,0.0,109
ATP1A1,GAS6,TFEB,GAS6#TFEB,Pericyte,0.0,0.0,109
ATP1A1,TGFB1,VDR,TGFB1#VDR,Pericyte,0.0,0.0,109
ATP1A1,BMP6,VDR,BMP6#VDR,Pericyte,0.0,0.0,109
ATP1A1,GDF11,VDR,GDF11#VDR,Pericyte,0.0,0.0,109
ATP1A1,IL12A,XBP1,IL12A#XBP1,Pericyte,0.0,0.0,109
ATP1A1,BMP2,ZBTB1,BMP2#ZBTB1,Pericyte,0.0,0.0,109
ATP1A1,BMP2,AR,BMP2#AR,Plasma,0.0,0.0,1230
ATP1A1,IL18,CREB1,IL18#CREB1,Plasma,0.0,0.0,1230
ATP1A1,CCL15,CREB3,CCL15#CREB3,Plasma,0.0,0.0,1230
ATP1A1,IL18,ELK1,IL18#ELK1,Plasma,0.0,0.0,1230
ATP1A1,TGFB1,ESRRA,TGFB1#ESRRA,Plasma,0.0,0.0,1230
ATP1A1,IFNG,ESRRA,IFNG#ESRRA,Plasma,0.0,0.0,1230
ATP1A1,PDGFA,ETV6,PDGFA#ETV6,Plasma,0.0,0.0,1230
ATP1A1,BMP4,GRHL2,BMP4#GRHL2,Plasma,0.0,0.0,1230
ATP1A1,TGFB1,GRHL2,TGFB1#GRHL2,Plasma,0.0,0.0,1230
ATP1A1,GAS6,GRHL2,GAS6#GRHL2,Plasma,0.0,0.0,1230
ATP1A1,BMP2,HES1,BMP2#HES1,Plasma,0.0,0.0,1230
ATP1A1,BMP4,HES1,BMP4#HES1,Plasma,0.0,0.0,1230
ATP1A1,IGF1,HNF4A,IGF1#HNF4A,Plasma,0.0,0.0,1230
ATP1A1,TGFB1,HNF4A,TGFB1#HNF4A,Plasma,0.0,0.0,1230
ATP1A1,WNT5A,HNF4A,WNT5A#HNF4A,Plasma,0.0,0.0,1230
ATP1A1,BMP2,ID4,BMP2#ID4,Plasma,0.0,0.0,1230
ATP1A1,EGF,JUN,EGF#JUN,Plasma,0.0,0.0,1230
ATP1A1,TGFB1,JUN,TGFB1#JUN,Plasma,0.0,0.0,1230
ATP1A1,TGFA,JUN,TGFA#JUN,Plasma,0.0,0.0,1230
ATP1A1,IL18,KLF16,IL18#KLF16,Plasma,0.0,0.0,1230
ATP1A1,IFNG,KLF4,IFNG#KLF4,Plasma,0.0,0.0,1230
ATP1A1,VEGFA,KLF4,VEGFA#KLF4,Plasma,0.0,0.0,1230
ATP1A1,TNFSF10,KLF4,TNFSF10#KLF4,Plasma,0.0,0.0,1230
ATP1A1,PDGFB,KLF4,PDGFB#KLF4,Plasma,0.0,0.0,1230
ATP1A1,PDGFC,KLF5,PDGFC#KLF5,Plasma,0.0,0.0,1230
ATP1A1,BMP6,KLF5,BMP6#KLF5,Plasma,0.0,0.0,1230
ATP1A1,PDGFB,KLF5,PDGFB#KLF5,Plasma,0.0,0.0,1230
ATP1A1,TGFB1,MLXIP,TGFB1#MLXIP,Plasma,0.0,0.0,1230
ATP1A1,VEGFA,NR4A1,VEGFA#NR4A1,Plasma,0.0,0.0,1230
ATP1A1,CXCL12,OVOL2,CXCL12#OVOL2,Plasma,0.0,0.0,1230
ATP1A1,VEGFA,PAX1,VEGFA#PAX1,Plasma,0.0,0.0,1230
ATP1A1,IL18,POLR2A,IL18#POLR2A,Plasma,0.0,0.0,1230
ATP1A1,TGFA,POLR2A,TGFA#POLR2A,Plasma,0.0,0.0,1230
ATP1A1,VEGFA,PRDM1,VEGFA#PRDM1,Plasma,0.0,0.0,1230
ATP1A1,CXCL12,RELA,CXCL12#RELA,Plasma,0.0,0.0,1230
ATP1A1,BMP2,REST,BMP2#REST,Plasma,0.0,0.0,1230
ATP1A1,BMP2,RUNX2,BMP2#RUNX2,Plasma,0.0,0.0,1230
ATP1A1,BMP2,RXRA,BMP2#RXRA,Plasma,0.0,0.0,1230
ATP1A1,BMP6,RXRA,BMP6#RXRA,Plasma,0.0,0.0,1230
ATP1A1,CXCL12,RXRA,CXCL12#RXRA,Plasma,0.0,0.0,1230
ATP1A1,IL18,SIN3A,IL18#SIN3A,Plasma,0.0,0.0,1230
ATP1A1,CXCL12,SIN3A,CXCL12#SIN3A,Plasma,0.0,0.0,1230
ATP1A1,IL18,SMAD1,IL18#SMAD1,Plasma,0.0,0.0,1230
ATP1A1,BMP6,SMAD4,BMP6#SMAD4,Plasma,0.0,0.0,1230
ATP1A1,LIF,SMC3,LIF#SMC3,Plasma,0.0,0.0,1230
ATP1A1,BMP2,SNAI2,BMP2#SNAI2,Plasma,0.0,0.0,1230
ATP1A1,PDGFA,SP1,PDGFA#SP1,Plasma,0.0,0.0,1230
ATP1A1,IL18,SREBF1,IL18#SREBF1,Plasma,0.0,0.0,1230
ATP1A1,PDGFA,TAF1,PDGFA#TAF1,Plasma,0.0,0.0,1230
ATP1A1,CSF1,TCF7L2,CSF1#TCF7L2,Plasma,0.0,0.0,1230
ATP1A1,BMP2,TFAP2B,BMP2#TFAP2B,Plasma,0.0,0.0,1230
ATP1A1,GAS6,TFEB,GAS6#TFEB,Plasma,0.0,0.0,1230
ATP1A1,TGFB1,VDR,TGFB1#VDR,Plasma,0.0,0.0,1230
ATP1A1,BMP6,VDR,BMP6#VDR,Plasma,0.0,0.0,1230
ATP1A1,GDF11,VDR,GDF11#VDR,Plasma,0.0,0.0,1230
ATP1A1,IL12A,XBP1,IL12A#XBP1,Plasma,0.0,0.0,1230
ATP1A1,BMP2,ZBTB1,BMP2#ZBTB1,Plasma,0.0,0.0,1230
ATP1A1,BMP2,AR,BMP2#AR,T,0.0,0.0,632
ATP1A1,IL18,CREB1,IL18#CREB1,T,0.0,0.0,632
ATP1A1,CCL15,CREB3,CCL15#CREB3,T,0.0,0.0,632
ATP1A1,IL18,ELK1,IL18#ELK1,T,0.0,0.0,632
ATP1A1,TGFB1,ESRRA,TGFB1#ESRRA,T,0.0,0.0,632
ATP1A1,IFNG,ESRRA,IFNG#ESRRA,T,0.0,0.0,632
ATP1A1,PDGFA,ETV6,PDGFA#ETV6,T,0.0,0.0,632
ATP1A1,BMP4,GRHL2,BMP4#GRHL2,T,0.0,0.0,632
ATP1A1,TGFB1,GRHL2,TGFB1#GRHL2,T,0.0,0.0,632
ATP1A1,GAS6,GRHL2,GAS6#GRHL2,T,0.0,0.0,632
ATP1A1,BMP2,HES1,BMP2#HES1,T,0.0,0.0,632
ATP1A1,BMP4,HES1,BMP4#HES1,T,0.0,0.0,632
ATP1A1,IGF1,HNF4A,IGF1#HNF4A,T,0.0,0.0,632
ATP1A1,TGFB1,HNF4A,TGFB1#HNF4A,T,0.0,0.0,632
ATP1A1,WNT5A,HNF4A,WNT5A#HNF4A,T,0.0,0.0,632
ATP1A1,BMP2,ID4,BMP2#ID4,T,0.0,0.0,632
ATP1A1,EGF,JUN,EGF#JUN,T,0.0,0.0,632
ATP1A1,TGFB1,JUN,TGFB1#JUN,T,0.0,0.0,632
ATP1A1,TGFA,JUN,TGFA#JUN,T,0.0,0.0,632
ATP1A1,IL18,KLF16,IL18#KLF16,T,0.0,0.0,632
ATP1A1,IFNG,KLF4,IFNG#KLF4,T,0.0,0.0,632
ATP1A1,VEGFA,KLF4,VEGFA#KLF4,T,0.0,0.0,632
ATP1A1,TNFSF10,KLF4,TNFSF10#KLF4,T,0.0,0.0,632
ATP1A1,PDGFB,KLF4,PDGFB#KLF4,T,0.0,0.0,632
ATP1A1,PDGFC,KLF5,PDGFC#KLF5,T,0.0,0.0,632
ATP1A1,BMP6,KLF5,BMP6#KLF5,T,0.0,0.0,632
ATP1A1,PDGFB,KLF5,PDGFB#KLF5,T,0.0,0.0,632
ATP1A1,TGFB1,MLXIP,TGFB1#MLXIP,T,0.0,0.0,632
ATP1A1,VEGFA,NR4A1,VEGFA#NR4A1,T,0.0,0.0,632
ATP1A1,CXCL12,OVOL2,CXCL12#OVOL2,T,0.0,0.0,632
ATP1A1,VEGFA,PAX1,VEGFA#PAX1,T,0.0,0.0,632
ATP1A1,IL18,POLR2A,IL18#POLR2A,T,0.0,0.0,632
ATP1A1,TGFA,POLR2A,TGFA#POLR2A,T,0.0,0.0,632
ATP1A1,VEGFA,PRDM1,VEGFA#PRDM1,T,0.0,0.0,632
ATP1A1,CXCL12,RELA,CXCL12#RELA,T,0.0,0.0,632
ATP1A1,BMP2,REST,BMP2#REST,T,0.0,0.0,632
ATP1A1,BMP2,RUNX2,BMP2#RUNX2,T,0.0,0.0,632
ATP1A1,BMP2,RXRA,BMP2#RXRA,T,0.0,0.0,632
ATP1A1,BMP6,RXRA,BMP6#RXRA,T,0.0,0.0,632
ATP1A1,CXCL12,RXRA,CXCL12#RXRA,T,0.0,0.0,632
ATP1A1,IL18,SIN3A,IL18#SIN3A,T,0.0,0.0,632
ATP1A1,CXCL12,SIN3A,CXCL12#SIN3A,T,0.0,0.0,632
ATP1A1,IL18,SMAD1,IL18#SMAD1,T,0.0,0.0,632
ATP1A1,BMP6,SMAD4,BMP6#SMAD4,T,0.0,0.0,632
ATP1A1,LIF,SMC3,LIF#SMC3,T,0.0,0.0,632
ATP1A1,BMP2,SNAI2,BMP2#SNAI2,T,0.0,0.0,632
ATP1A1,PDGFA,SP1,PDGFA#SP1,T,0.0,0.0,632
ATP1A1,IL18,SREBF1,IL18#SREBF1,T,0.0,0.0,632
ATP1A1,PDGFA,TAF1,PDGFA#TAF1,T,0.0,0.0,632
ATP1A1,CSF1,TCF7L2,CSF1#TCF7L2,T,0.0,0.0,632
ATP1A1,BMP2,TFAP2B,BMP2#TFAP2B,T,0.0,0.0,632
ATP1A1,GAS6,TFEB,GAS6#TFEB,T,0.0,0.0,632
ATP1A1,TGFB1,VDR,TGFB1#VDR,T,0.0,0.0,632
ATP1A1,BMP6,VDR,BMP6#VDR,T,0.0,0.0,632
ATP1A1,GDF11,VDR,GDF11#VDR,T,0.0,0.0,632
ATP1A1,IL12A,XBP1,IL12A#XBP1,T,0.0,0.0,632
ATP1A1,BMP2,ZBTB1,BMP2#ZBTB1,T,0.0,0.0,632
SCNN1A,BMP2,AR,BMP2#AR,B,0.0,0.0,20
SCNN1A,BMP2,BRCA1,BMP2#BRCA1,B,0.0,0.0,20
SCNN1A,VEGFA,ETS1,VEGFA#ETS1,B,0.0,0.0,20
SCNN1A,IGF1,HNF4A,IGF1#HNF4A,B,0.0,0.0,20
SCNN1A,TGFB1,HNF4A,TGFB1#HNF4A,B,0.0,0.0,20
SCNN1A,WNT5A,HNF4A,WNT5A#HNF4A,B,0.0,0.0,20
SCNN1A,VEGFA,KLF4,VEGFA#KLF4,B,0.0,0.0,20
SCNN1A,TNFSF10,KLF4,TNFSF10#KLF4,B,0.0,0.0,20
SCNN1A,PDGFC,KLF5,PDGFC#KLF5,B,0.0,0.0,20
SCNN1A,BMP6,KLF5,BMP6#KLF5,B,0.0,0.0,20
SCNN1A,PDGFA,NR1H3,PDGFA#NR1H3,B,0.0,0.0,20
SCNN1A,VEGFA,PRDM1,VEGFA#PRDM1,B,0.0,0.0,20
SCNN1A,BMP2,RARB,BMP2#RARB,B,0.0,0.0,20
SCNN1A,BMP2,REST,BMP2#REST,B,0.0,0.0,20
SCNN1A,IL18,RREB1,IL18#RREB1,B,0.0,0.0,20
SCNN1A,ADM,RREB1,ADM#RREB1,B,0.0,0.0,20
SCNN1A,BMP2,RXRA,BMP2#RXRA,B,0.0,0.0,20
SCNN1A,CXCL12,RXRA,CXCL12#RXRA,B,0.0,0.0,20
SCNN1A,PDGFA,SP1,PDGFA#SP1,B,0.0,0.0,20
SCNN1A,PDGFA,THRA,PDGFA#THRA,B,0.0,0.0,20
SCNN1A,BMP6,VDR,BMP6#VDR,B,0.0,0.0,20
SCNN1A,BMP2,AR,BMP2#AR,Endothelial,0.0,0.0,391
SCNN1A,BMP2,BRCA1,BMP2#BRCA1,Endothelial,0.0,0.0,391
SCNN1A,VEGFA,ETS1,VEGFA#ETS1,Endothelial,0.0,0.0,391
SCNN1A,IGF1,HNF4A,IGF1#HNF4A,Endothelial,0.0,0.0,391
SCNN1A,TGFB1,HNF4A,TGFB1#HNF4A,Endothelial,0.0,0.0,391
SCNN1A,WNT5A,HNF4A,WNT5A#HNF4A,Endothelial,0.0,0.0,391
SCNN1A,VEGFA,KLF4,VEGFA#KLF4,Endothelial,0.0,0.0,391
SCNN1A,TNFSF10,KLF4,TNFSF10#KLF4,Endothelial,0.0,0.0,391
SCNN1A,PDGFC,KLF5,PDGFC#KLF5,Endothelial,0.0,0.0,391
SCNN1A,BMP6,KLF5,BMP6#KLF5,Endothelial,0.0,0.0,391
SCNN1A,PDGFA,NR1H3,PDGFA#NR1H3,Endothelial,0.0,0.0,391
SCNN1A,VEGFA,PRDM1,VEGFA#PRDM1,Endothelial,0.0,0.0,391
SCNN1A,BMP2,RARB,BMP2#RARB,Endothelial,0.0,0.0,391
SCNN1A,BMP2,REST,BMP2#REST,Endothelial,0.0,0.0,391
SCNN1A,IL18,RREB1,IL18#RREB1,Endothelial,0.0,0.0,391
SCNN1A,ADM,RREB1,ADM#RREB1,Endothelial,0.0,0.0,391
SCNN1A,BMP2,RXRA,BMP2#RXRA,Endothelial,0.0,0.0,391
SCNN1A,CXCL12,RXRA,CXCL12#RXRA,Endothelial,0.0,0.0,391
SCNN1A,PDGFA,SP1,PDGFA#SP1,Endothelial,0.0,0.0,391
SCNN1A,PDGFA,THRA,PDGFA#THRA,Endothelial,0.0,0.0,391
SCNN1A,BMP6,VDR,BMP6#VDR,Endothelial,0.0,0.0,391
SCNN1A,BMP2,AR,BMP2#AR,Enteric_glia,0.0,0.0,92
SCNN1A,BMP2,BRCA1,BMP2#BRCA1,Enteric_glia,0.0,0.0,92
SCNN1A,VEGFA,ETS1,VEGFA#ETS1,Enteric_glia,0.0,0.0,92
SCNN1A,IGF1,HNF4A,IGF1#HNF4A,Enteric_glia,0.0,0.0,92
SCNN1A,TGFB1,HNF4A,TGFB1#HNF4A,Enteric_glia,0.0,0.0,92
SCNN1A,WNT5A,HNF4A,WNT5A#HNF4A,Enteric_glia,0.0,0.0,92
SCNN1A,VEGFA,KLF4,VEGFA#KLF4,Enteric_glia,0.0,0.0,92
SCNN1A,TNFSF10,KLF4,TNFSF10#KLF4,Enteric_glia,0.0,0.0,92
SCNN1A,PDGFC,KLF5,PDGFC#KLF5,Enteric_glia,0.0,0.0,92
SCNN1A,BMP6,KLF5,BMP6#KLF5,Enteric_glia,0.0,0.0,92
SCNN1A,PDGFA,NR1H3,PDGFA#NR1H3,Enteric_glia,0.0,0.0,92
SCNN1A,VEGFA,PRDM1,VEGFA#PRDM1,Enteric_glia,0.0,0.0,92
SCNN1A,BMP2,RARB,BMP2#RARB,Enteric_glia,0.0,0.0,92
SCNN1A,BMP2,REST,BMP2#REST,Enteric_glia,0.0,0.0,92
SCNN1A,IL18,RREB1,IL18#RREB1,Enteric_glia,0.0,0.0,92
SCNN1A,ADM,RREB1,ADM#RREB1,Enteric_glia,0.0,0.0,92
SCNN1A,BMP2,RXRA,BMP2#RXRA,Enteric_glia,0.0,0.0,92
SCNN1A,CXCL12,RXRA,CXCL12#RXRA,Enteric_glia,0.0,0.0,92
SCNN1A,PDGFA,SP1,PDGFA#SP1,Enteric_glia,0.0,0.0,92
SCNN1A,PDGFA,THRA,PDGFA#THRA,Enteric_glia,0.0,0.0,92
SCNN1A,BMP6,VDR,BMP6#VDR,Enteric_glia,0.0,0.0,92
SCNN1A,BMP2,AR,BMP2#AR,Fibroblast,0.0,0.0,944
SCNN1A,BMP2,BRCA1,BMP2#BRCA1,Fibroblast,0.0,0.0,944
SCNN1A,VEGFA,ETS1,VEGFA#ETS1,Fibroblast,0.0,0.0,944
SCNN1A,IGF1,HNF4A,IGF1#HNF4A,Fibroblast,0.0,0.0,944
SCNN1A,TGFB1,HNF4A,TGFB1#HNF4A,Fibroblast,0.0,0.0,944
SCNN1A,WNT5A,HNF4A,WNT5A#HNF4A,Fibroblast,0.0,0.0,944
SCNN1A,VEGFA,KLF4,VEGFA#KLF4,Fibroblast,0.0,0.0,944
SCNN1A,TNFSF10,KLF4,TNFSF10#KLF4,Fibroblast,0.0,0.0,944
SCNN1A,PDGFC,KLF5,PDGFC#KLF5,Fibroblast,0.0,0.0,944
SCNN1A,BMP6,KLF5,BMP6#KLF5,Fibroblast,0.0,0.0,944
SCNN1A,PDGFA,NR1H3,PDGFA#NR1H3,Fibroblast,0.0,0.0,944
SCNN1A,VEGFA,PRDM1,VEGFA#PRDM1,Fibroblast,0.0,0.0,944
SCNN1A,BMP2,RARB,BMP2#RARB,Fibroblast,0.0,0.0,944
SCNN1A,BMP2,REST,BMP2#REST,Fibroblast,0.0,0.0,944
SCNN1A,IL18,RREB1,IL18#RREB1,Fibroblast,0.0,0.0,944
SCNN1A,ADM,RREB1,ADM#RREB1,Fibroblast,0.0,0.0,944
SCNN1A,BMP2,RXRA,BMP2#RXRA,Fibroblast,0.0,0.0,944
SCNN1A,CXCL12,RXRA,CXCL12#RXRA,Fibroblast,0.0,0.0,944
SCNN1A,PDGFA,SP1,PDGFA#SP1,Fibroblast,0.0,0.0,944
SCNN1A,PDGFA,THRA,PDGFA#THRA,Fibroblast,0.0,0.0,944
SCNN1A,BMP6,VDR,BMP6#VDR,Fibroblast,0.0,0.0,944
SCNN1A,BMP2,AR,BMP2#AR,IEC,1.3567065e-07,4.1273598e-08,7778
SCNN1A,BMP2,BRCA1,BMP2#BRCA1,IEC,1.9815166e-08,2.7216762e-09,7778
SCNN1A,VEGFA,ETS1,VEGFA#ETS1,IEC,-1.1129538e-07,3.007514e-08,7778
SCNN1A,IGF1,HNF4A,IGF1#HNF4A,IEC,-1.9199755e-09,3.8243997e-10,7778
SCNN1A,TGFB1,HNF4A,TGFB1#HNF4A,IEC,-6.304901e-08,6.2271495e-09,7778
SCNN1A,WNT5A,HNF4A,WNT5A#HNF4A,IEC,-7.4823237e-07,2.0105912e-07,7778
SCNN1A,VEGFA,KLF4,VEGFA#KLF4,IEC,1.0805437e-06,2.0091117e-07,7778
SCNN1A,TNFSF10,KLF4,TNFSF10#KLF4,IEC,-9.905444e-07,1.3472068e-07,7778
SCNN1A,PDGFC,KLF5,PDGFC#KLF5,IEC,-1.0450054e-07,2.8130973e-08,7778
SCNN1A,BMP6,KLF5,BMP6#KLF5,IEC,-2.12801e-07,7.467407e-08,7778
SCNN1A,PDGFA,NR1H3,PDGFA#NR1H3,IEC,-8.779698e-08,3.3354514e-08,7778
SCNN1A,VEGFA,PRDM1,VEGFA#PRDM1,IEC,2.3295601e-07,3.8326053e-08,7778
SCNN1A,BMP2,RARB,BMP2#RARB,IEC,-6.46971e-08,2.4507258e-08,7778
SCNN1A,BMP2,REST,BMP2#REST,IEC,-3.5585972e-09,6.7609474e-10,7778
SCNN1A,IL18,RREB1,IL18#RREB1,IEC,-1.8094036e-06,5.254686e-07,7778
SCNN1A,ADM,RREB1,ADM#RREB1,IEC,-1.2412836e-06,1.5543638e-07,7778
SCNN1A,BMP2,RXRA,BMP2#RXRA,IEC,-1.3655378e-07,2.7239066e-08,7778
SCNN1A,CXCL12,RXRA,CXCL12#RXRA,IEC,-5.2057043e-08,1.1310806e-08,7778
SCNN1A,PDGFA,SP1,PDGFA#SP1,IEC,3.2450444e-07,5.9733665e-08,7778
SCNN1A,PDGFA,THRA,PDGFA#THRA,IEC,-6.213644e-08,9.9530855e-09,7778
SCNN1A,BMP6,VDR,BMP6#VDR,IEC,-3.169027e-07,4.2349583e-08,7778
SCNN1A,BMP2,AR,BMP2#AR,MAST,0.0,0.0,171
SCNN1A,BMP2,BRCA1,BMP2#BRCA1,MAST,0.0,0.0,171
SCNN1A,VEGFA,ETS1,VEGFA#ETS1,MAST,0.0,0.0,171
SCNN1A,IGF1,HNF4A,IGF1#HNF4A,MAST,0.0,0.0,171
SCNN1A,TGFB1,HNF4A,TGFB1#HNF4A,MAST,0.0,0.0,171
SCNN1A,WNT5A,HNF4A,WNT5A#HNF4A,MAST,0.0,0.0,171
SCNN1A,VEGFA,KLF4,VEGFA#KLF4,MAST,0.0,0.0,171
SCNN1A,TNFSF10,KLF4,TNFSF10#KLF4,MAST,0.0,0.0,171
SCNN1A,PDGFC,KLF5,PDGFC#KLF5,MAST,0.0,0.0,171
SCNN1A,BMP6,KLF5,BMP6#KLF5,MAST,0.0,0.0,171
SCNN1A,PDGFA,NR1H3,PDGFA#NR1H3,MAST,0.0,0.0,171
SCNN1A,VEGFA,PRDM1,VEGFA#PRDM1,MAST,0.0,0.0,171
SCNN1A,BMP2,RARB,BMP2#RARB,MAST,0.0,0.0,171
SCNN1A,BMP2,REST,BMP2#REST,MAST,0.0,0.0,171
SCNN1A,IL18,RREB1,IL18#RREB1,MAST,0.0,0.0,171
SCNN1A,ADM,RREB1,ADM#RREB1,MAST,0.0,0.0,171
SCNN1A,BMP2,RXRA,BMP2#RXRA,MAST,0.0,0.0,171
SCNN1A,CXCL12,RXRA,CXCL12#RXRA,MAST,0.0,0.0,171
SCNN1A,PDGFA,SP1,PDGFA#SP1,MAST,0.0,0.0,171
SCNN1A,PDGFA,THRA,PDGFA#THRA,MAST,0.0,0.0,171
SCNN1A,BMP6,VDR,BMP6#VDR,MAST,0.0,0.0,171
SCNN1A,BMP2,AR,BMP2#AR,MNP,0.0,0.0,464
SCNN1A,BMP2,BRCA1,BMP2#BRCA1,MNP,0.0,0.0,464
SCNN1A,VEGFA,ETS1,VEGFA#ETS1,MNP,0.0,0.0,464
SCNN1A,IGF1,HNF4A,IGF1#HNF4A,MNP,0.0,0.0,464
SCNN1A,TGFB1,HNF4A,TGFB1#HNF4A,MNP,0.0,0.0,464
SCNN1A,WNT5A,HNF4A,WNT5A#HNF4A,MNP,0.0,0.0,464
SCNN1A,VEGFA,KLF4,VEGFA#KLF4,MNP,0.0,0.0,464
SCNN1A,TNFSF10,KLF4,TNFSF10#KLF4,MNP,0.0,0.0,464
SCNN1A,PDGFC,KLF5,PDGFC#KLF5,MNP,0.0,0.0,464
SCNN1A,BMP6,KLF5,BMP6#KLF5,MNP,0.0,0.0,464
SCNN1A,PDGFA,NR1H3,PDGFA#NR1H3,MNP,0.0,0.0,464
SCNN1A,VEGFA,PRDM1,VEGFA#PRDM1,MNP,0.0,0.0,464
SCNN1A,BMP2,RARB,BMP2#RARB,MNP,0.0,0.0,464
SCNN1A,BMP2,REST,BMP2#REST,MNP,0.0,0.0,464
SCNN1A,IL18,RREB1,IL18#RREB1,MNP,0.0,0.0,464
SCNN1A,ADM,RREB1,ADM#RREB1,MNP,0.0,0.0,464
SCNN1A,BMP2,RXRA,BMP2#RXRA,MNP,0.0,0.0,464
SCNN1A,CXCL12,RXRA,CXCL12#RXRA,MNP,0.0,0.0,464
SCNN1A,PDGFA,SP1,PDGFA#SP1,MNP,0.0,0.0,464
SCNN1A,PDGFA,THRA,PDGFA#THRA,MNP,0.0,0.0,464
SCNN1A,BMP6,VDR,BMP6#VDR,MNP,0.0,0.0,464
SCNN1A,BMP2,AR,BMP2#AR,Muscularis_mucosa,0.0,0.0,92
SCNN1A,BMP2,BRCA1,BMP2#BRCA1,Muscularis_mucosa,0.0,0.0,92
SCNN1A,VEGFA,ETS1,VEGFA#ETS1,Muscularis_mucosa,0.0,0.0,92
SCNN1A,IGF1,HNF4A,IGF1#HNF4A,Muscularis_mucosa,0.0,0.0,92
SCNN1A,TGFB1,HNF4A,TGFB1#HNF4A,Muscularis_mucosa,0.0,0.0,92
SCNN1A,WNT5A,HNF4A,WNT5A#HNF4A,Muscularis_mucosa,0.0,0.0,92
SCNN1A,VEGFA,KLF4,VEGFA#KLF4,Muscularis_mucosa,0.0,0.0,92
SCNN1A,TNFSF10,KLF4,TNFSF10#KLF4,Muscularis_mucosa,0.0,0.0,92
SCNN1A,PDGFC,KLF5,PDGFC#KLF5,Muscularis_mucosa,0.0,0.0,92
SCNN1A,BMP6,KLF5,BMP6#KLF5,Muscularis_mucosa,0.0,0.0,92
SCNN1A,PDGFA,NR1H3,PDGFA#NR1H3,Muscularis_mucosa,0.0,0.0,92
SCNN1A,VEGFA,PRDM1,VEGFA#PRDM1,Muscularis_mucosa,0.0,0.0,92
SCNN1A,BMP2,RARB,BMP2#RARB,Muscularis_mucosa,0.0,0.0,92
SCNN1A,BMP2,REST,BMP2#REST,Muscularis_mucosa,0.0,0.0,92
SCNN1A,IL18,RREB1,IL18#RREB1,Muscularis_mucosa,0.0,0.0,92
SCNN1A,ADM,RREB1,ADM#RREB1,Muscularis_mucosa,0.0,0.0,92
SCNN1A,BMP2,RXRA,BMP2#RXRA,Muscularis_mucosa,0.0,0.0,92
SCNN1A,CXCL12,RXRA,CXCL12#RXRA,Muscularis_mucosa,0.0,0.0,92
SCNN1A,PDGFA,SP1,PDGFA#SP1,Muscularis_mucosa,0.0,0.0,92
SCNN1A,PDGFA,THRA,PDGFA#THRA,Muscularis_mucosa,0.0,0.0,92
SCNN1A,BMP6,VDR,BMP6#VDR,Muscularis_mucosa,0.0,0.0,92
SCNN1A,BMP2,AR,BMP2#AR,Myofibroblast,0.0,0.0,219
SCNN1A,BMP2,BRCA1,BMP2#BRCA1,Myofibroblast,0.0,0.0,219
SCNN1A,VEGFA,ETS1,VEGFA#ETS1,Myofibroblast,0.0,0.0,219
SCNN1A,IGF1,HNF4A,IGF1#HNF4A,Myofibroblast,0.0,0.0,219
SCNN1A,TGFB1,HNF4A,TGFB1#HNF4A,Myofibroblast,0.0,0.0,219
SCNN1A,WNT5A,HNF4A,WNT5A#HNF4A,Myofibroblast,0.0,0.0,219
SCNN1A,VEGFA,KLF4,VEGFA#KLF4,Myofibroblast,0.0,0.0,219
SCNN1A,TNFSF10,KLF4,TNFSF10#KLF4,Myofibroblast,0.0,0.0,219
SCNN1A,PDGFC,KLF5,PDGFC#KLF5,Myofibroblast,0.0,0.0,219
SCNN1A,BMP6,KLF5,BMP6#KLF5,Myofibroblast,0.0,0.0,219
SCNN1A,PDGFA,NR1H3,PDGFA#NR1H3,Myofibroblast,0.0,0.0,219
SCNN1A,VEGFA,PRDM1,VEGFA#PRDM1,Myofibroblast,0.0,0.0,219
SCNN1A,BMP2,RARB,BMP2#RARB,Myofibroblast,0.0,0.0,219
SCNN1A,BMP2,REST,BMP2#REST,Myofibroblast,0.0,0.0,219
SCNN1A,IL18,RREB1,IL18#RREB1,Myofibroblast,0.0,0.0,219
SCNN1A,ADM,RREB1,ADM#RREB1,Myofibroblast,0.0,0.0,219
SCNN1A,BMP2,RXRA,BMP2#RXRA,Myofibroblast,0.0,0.0,219
SCNN1A,CXCL12,RXRA,CXCL12#RXRA,Myofibroblast,0.0,0.0,219
SCNN1A,PDGFA,SP1,PDGFA#SP1,Myofibroblast,0.0,0.0,219
SCNN1A,PDGFA,THRA,PDGFA#THRA,Myofibroblast,0.0,0.0,219
SCNN1A,BMP6,VDR,BMP6#VDR,Myofibroblast,0.0,0.0,219
SCNN1A,BMP2,AR,BMP2#AR,Pericyte,0.0,0.0,109
SCNN1A,BMP2,BRCA1,BMP2#BRCA1,Pericyte,0.0,0.0,109
SCNN1A,VEGFA,ETS1,VEGFA#ETS1,Pericyte,0.0,0.0,109
SCNN1A,IGF1,HNF4A,IGF1#HNF4A,Pericyte,0.0,0.0,109
SCNN1A,TGFB1,HNF4A,TGFB1#HNF4A,Pericyte,0.0,0.0,109
SCNN1A,WNT5A,HNF4A,WNT5A#HNF4A,Pericyte,0.0,0.0,109
SCNN1A,VEGFA,KLF4,VEGFA#KLF4,Pericyte,0.0,0.0,109
SCNN1A,TNFSF10,KLF4,TNFSF10#KLF4,Pericyte,0.0,0.0,109
SCNN1A,PDGFC,KLF5,PDGFC#KLF5,Pericyte,0.0,0.0,109
SCNN1A,BMP6,KLF5,BMP6#KLF5,Pericyte,0.0,0.0,109
SCNN1A,PDGFA,NR1H3,PDGFA#NR1H3,Pericyte,0.0,0.0,109
SCNN1A,VEGFA,PRDM1,VEGFA#PRDM1,Pericyte,0.0,0.0,109
SCNN1A,BMP2,RARB,BMP2#RARB,Pericyte,0.0,0.0,109
SCNN1A,BMP2,REST,BMP2#REST,Pericyte,0.0,0.0,109
SCNN1A,IL18,RREB1,IL18#RREB1,Pericyte,0.0,0.0,109
SCNN1A,ADM,RREB1,ADM#RREB1,Pericyte,0.0,0.0,109
SCNN1A,BMP2,RXRA,BMP2#RXRA,Pericyte,0.0,0.0,109
SCNN1A,CXCL12,RXRA,CXCL12#RXRA,Pericyte,0.0,0.0,109
SCNN1A,PDGFA,SP1,PDGFA#SP1,Pericyte,0.0,0.0,109
SCNN1A,PDGFA,THRA,PDGFA#THRA,Pericyte,0.0,0.0,109
SCNN1A,BMP6,VDR,BMP6#VDR,Pericyte,0.0,0.0,109
SCNN1A,BMP2,AR,BMP2#AR,Plasma,0.0,0.0,1230
SCNN1A,BMP2,BRCA1,BMP2#BRCA1,Plasma,0.0,0.0,1230
SCNN1A,VEGFA,ETS1,VEGFA#ETS1,Plasma,0.0,0.0,1230
SCNN1A,IGF1,HNF4A,IGF1#HNF4A,Plasma,0.0,0.0,1230
SCNN1A,TGFB1,HNF4A,TGFB1#HNF4A,Plasma,0.0,0.0,1230
SCNN1A,WNT5A,HNF4A,WNT5A#HNF4A,Plasma,0.0,0.0,1230
SCNN1A,VEGFA,KLF4,VEGFA#KLF4,Plasma,0.0,0.0,1230
SCNN1A,TNFSF10,KLF4,TNFSF10#KLF4,Plasma,0.0,0.0,1230
SCNN1A,PDGFC,KLF5,PDGFC#KLF5,Plasma,0.0,0.0,1230
SCNN1A,BMP6,KLF5,BMP6#KLF5,Plasma,0.0,0.0,1230
SCNN1A,PDGFA,NR1H3,PDGFA#NR1H3,Plasma,0.0,0.0,1230
SCNN1A,VEGFA,PRDM1,VEGFA#PRDM1,Plasma,0.0,0.0,1230
SCNN1A,BMP2,RARB,BMP2#RARB,Plasma,0.0,0.0,1230
SCNN1A,BMP2,REST,BMP2#REST,Plasma,0.0,0.0,1230
SCNN1A,IL18,RREB1,IL18#RREB1,Plasma,0.0,0.0,1230
SCNN1A,ADM,RREB1,ADM#RREB1,Plasma,0.0,0.0,1230
SCNN1A,BMP2,RXRA,BMP2#RXRA,Plasma,0.0,0.0,1230
SCNN1A,CXCL12,RXRA,CXCL12#RXRA,Plasma,0.0,0.0,1230
SCNN1A,PDGFA,SP1,PDGFA#SP1,Plasma,0.0,0.0,1230
SCNN1A,PDGFA,THRA,PDGFA#THRA,Plasma,0.0,0.0,1230
SCNN1A,BMP6,VDR,BMP6#VDR,Plasma,0.0,0.0,1230
SCNN1A,BMP2,AR,BMP2#AR,T,0.0,0.0,632
SCNN1A,BMP2,BRCA1,BMP2#BRCA1,T,0.0,0.0,632
SCNN1A,VEGFA,ETS1,VEGFA#ETS1,T,0.0,0.0,632
SCNN1A,IGF1,HNF4A,IGF1#HNF4A,T,0.0,0.0,632
SCNN1A,TGFB1,HNF4A,TGFB1#HNF4A,T,0.0,0.0,632
SCNN1A,WNT5A,HNF4A,WNT5A#HNF4A,T,0.0,0.0,632
SCNN1A,VEGFA,KLF4,VEGFA#KLF4,T,0.0,0.0,632
SCNN1A,TNFSF10,KLF4,TNFSF10#KLF4,T,0.0,0.0,632
SCNN1A,PDGFC,KLF5,PDGFC#KLF5,T,0.0,0.0,632
SCNN1A,BMP6,KLF5,BMP6#KLF5,T,0.0,0.0,632
SCNN1A,PDGFA,NR1H3,PDGFA#NR1H3,T,0.0,0.0,632
SCNN1A,VEGFA,PRDM1,VEGFA#PRDM1,T,0.0,0.0,632
SCNN1A,BMP2,RARB,BMP2#RARB,T,0.0,0.0,632
SCNN1A,BMP2,REST,BMP2#REST,T,0.0,0.0,632
SCNN1A,IL18,RREB1,IL18#RREB1,T,0.0,0.0,632
SCNN1A,ADM,RREB1,ADM#RREB1,T,0.0,0.0,632
SCNN1A,BMP2,RXRA,BMP2#RXRA,T,0.0,0.0,632
SCNN1A,CXCL12,RXRA,CXCL12#RXRA,T,0.0,0.0,632
SCNN1A,PDGFA,SP1,PDGFA#SP1,T,0.0,0.0,632
SCNN1A,PDGFA,THRA,PDGFA#THRA,T,0.0,0.0,632
SCNN1A,BMP6,VDR,BMP6#VDR,T,0.0,0.0,632
SLC9A3,BMP2,AR,BMP2#AR,B,0.0,0.0,20
SLC9A3,BMP2,BRCA1,BMP2#BRCA1,B,0.0,0.0,20
SLC9A3,IL18,CREB1,IL18#CREB1,B,0.0,0.0,20
SLC9A3,IL18,E2F1,IL18#E2F1,B,0.0,0.0,20
SLC9A3,VEGFA,ETS1,VEGFA#ETS1,B,0.0,0.0,20
SLC9A3,BMP2,GLIS3,BMP2#GLIS3,B,0.0,0.0,20
SLC9A3,BMP4,GLIS3,BMP4#GLIS3,B,0.0,0.0,20
SLC9A3,IL26,HDAC2,IL26#HDAC2,B,0.0,0.0,20
SLC9A3,IGF1,HNF4A,IGF1#HNF4A,B,0.0,0.0,20
SLC9A3,TGFB1,HNF4A,TGFB1#HNF4A,B,0.0,0.0,20
SLC9A3,WNT5A,HNF4A,WNT5A#HNF4A,B,0.0,0.0,20
SLC9A3,IFNB1,IRF1,IFNB1#IRF1,B,0.0,0.0,20
SLC9A3,IL18,KLF16,IL18#KLF16,B,0.0,0.0,20
SLC9A3,IFNG,KLF4,IFNG#KLF4,B,0.0,0.0,20
SLC9A3,VEGFA,KLF4,VEGFA#KLF4,B,0.0,0.0,20
SLC9A3,IL4,KLF4,IL4#KLF4,B,0.0,0.0,20
SLC9A3,TNFSF10,KLF4,TNFSF10#KLF4,B,0.0,0.0,20
SLC9A3,PDGFB,KLF4,PDGFB#KLF4,B,0.0,0.0,20
SLC9A3,WNT3A,KLF5,WNT3A#KLF5,B,0.0,0.0,20
SLC9A3,PDGFC,KLF5,PDGFC#KLF5,B,0.0,0.0,20
SLC9A3,INHBA,KLF5,INHBA#KLF5,B,0.0,0.0,20
SLC9A3,BMP6,KLF5,BMP6#KLF5,B,0.0,0.0,20
SLC9A3,PDGFB,KLF5,PDGFB#KLF5,B,0.0,0.0,20
SLC9A3,PDGFD,MEF2A,PDGFD#MEF2A,B,0.0,0.0,20
SLC9A3,SHH,MEF2A,SHH#MEF2A,B,0.0,0.0,20
SLC9A3,IL26,MEF2A,IL26#MEF2A,B,0.0,0.0,20
SLC9A3,VEGFA,MEF2C,VEGFA#MEF2C,B,0.0,0.0,20
SLC9A3,CXCL12,NR3C2,CXCL12#NR3C2,B,0.0,0.0,20
SLC9A3,CXCL12,OVOL2,CXCL12#OVOL2,B,0.0,0.0,20
SLC9A3,VEGFA,PRDM1,VEGFA#PRDM1,B,0.0,0.0,20
SLC9A3,BMP2,REST,BMP2#REST,B,0.0,0.0,20
SLC9A3,PDGFD,REST,PDGFD#REST,B,0.0,0.0,20
SLC9A3,BMP2,RXRA,BMP2#RXRA,B,0.0,0.0,20
SLC9A3,BMP6,RXRA,BMP6#RXRA,B,0.0,0.0,20
SLC9A3,EGF,RXRA,EGF#RXRA,B,0.0,0.0,20
SLC9A3,CXCL12,RXRA,CXCL12#RXRA,B,0.0,0.0,20
SLC9A3,IL18,SIN3A,IL18#SIN3A,B,0.0,0.0,20
SLC9A3,CXCL12,SIN3A,CXCL12#SIN3A,B,0.0,0.0,20
SLC9A3,IL18,SMAD1,IL18#SMAD1,B,0.0,0.0,20
SLC9A3,LIF,SMC3,LIF#SMC3,B,0.0,0.0,20
SLC9A3,BMP2,SNAI1,BMP2#SNAI1,B,0.0,0.0,20
SLC9A3,BMP2,SNAI2,BMP2#SNAI2,B,0.0,0.0,20
SLC9A3,PDGFA,SP1,PDGFA#SP1,B,0.0,0.0,20
SLC9A3,CNTF,SP3,CNTF#SP3,B,0.0,0.0,20
SLC9A3,IL26,SP3,IL26#SP3,B,0.0,0.0,20
SLC9A3,IL12A,STAT3,IL12A#STAT3,B,0.0,0.0,20
SLC9A3,PDGFA,TAF1,PDGFA#TAF1,B,0.0,0.0,20
SLC9A3,IL13,TCF7L2,IL13#TCF7L2,B,0.0,0.0,20
SLC9A3,PDGFD,TCF7L2,PDGFD#TCF7L2,B,0.0,0.0,20
SLC9A3,IGF1,TCF7L2,IGF1#TCF7L2,B,0.0,0.0,20
SLC9A3,CSF1,TCF7L2,CSF1#TCF7L2,B,0.0,0.0,20
SLC9A3,BMP2,TFAP2B,BMP2#TFAP2B,B,0.0,0.0,20
SLC9A3,TGFA,TWIST2,TGFA#TWIST2,B,0.0,0.0,20
SLC9A3,IL18,ZNF449,IL18#ZNF449,B,0.0,0.0,20
SLC9A3,IL7,ZNF449,IL7#ZNF449,B,0.0,0.0,20
SLC9A3,BMP2,AR,BMP2#AR,Endothelial,0.0,0.0,391
SLC9A3,BMP2,BRCA1,BMP2#BRCA1,Endothelial,0.0,0.0,391
SLC9A3,IL18,CREB1,IL18#CREB1,Endothelial,0.0,0.0,391
SLC9A3,IL18,E2F1,IL18#E2F1,Endothelial,0.0,0.0,391
SLC9A3,VEGFA,ETS1,VEGFA#ETS1,Endothelial,0.0,0.0,391
SLC9A3,BMP2,GLIS3,BMP2#GLIS3,Endothelial,0.0,0.0,391
SLC9A3,BMP4,GLIS3,BMP4#GLIS3,Endothelial,0.0,0.0,391
SLC9A3,IL26,HDAC2,IL26#HDAC2,Endothelial,0.0,0.0,391
SLC9A3,IGF1,HNF4A,IGF1#HNF4A,Endothelial,0.0,0.0,391
SLC9A3,TGFB1,HNF4A,TGFB1#HNF4A,Endothelial,0.0,0.0,391
SLC9A3,WNT5A,HNF4A,WNT5A#HNF4A,Endothelial,0.0,0.0,391
SLC9A3,IFNB1,IRF1,IFNB1#IRF1,Endothelial,0.0,0.0,391
SLC9A3,IL18,KLF16,IL18#KLF16,Endothelial,0.0,0.0,391
SLC9A3,IFNG,KLF4,IFNG#KLF4,Endothelial,0.0,0.0,391
SLC9A3,VEGFA,KLF4,VEGFA#KLF4,Endothelial,0.0,0.0,391
SLC9A3,IL4,KLF4,IL4#KLF4,Endothelial,0.0,0.0,391
SLC9A3,TNFSF10,KLF4,TNFSF10#KLF4,Endothelial,0.0,0.0,391
SLC9A3,PDGFB,KLF4,PDGFB#KLF4,Endothelial,0.0,0.0,391
SLC9A3,WNT3A,KLF5,WNT3A#KLF5,Endothelial,0.0,0.0,391
SLC9A3,PDGFC,KLF5,PDGFC#KLF5,Endothelial,0.0,0.0,391
SLC9A3,INHBA,KLF5,INHBA#KLF5,Endothelial,0.0,0.0,391
SLC9A3,BMP6,KLF5,BMP6#KLF5,Endothelial,0.0,0.0,391
SLC9A3,PDGFB,KLF5,PDGFB#KLF5,Endothelial,0.0,0.0,391
SLC9A3,PDGFD,MEF2A,PDGFD#MEF2A,Endothelial,0.0,0.0,391
SLC9A3,SHH,MEF2A,SHH#MEF2A,Endothelial,0.0,0.0,391
SLC9A3,IL26,MEF2A,IL26#MEF2A,Endothelial,0.0,0.0,391
SLC9A3,VEGFA,MEF2C,VEGFA#MEF2C,Endothelial,0.0,0.0,391
SLC9A3,CXCL12,NR3C2,CXCL12#NR3C2,Endothelial,0.0,0.0,391
SLC9A3,CXCL12,OVOL2,CXCL12#OVOL2,Endothelial,0.0,0.0,391
SLC9A3,VEGFA,PRDM1,VEGFA#PRDM1,Endothelial,0.0,0.0,391
SLC9A3,BMP2,REST,BMP2#REST,Endothelial,0.0,0.0,391
SLC9A3,PDGFD,REST,PDGFD#REST,Endothelial,0.0,0.0,391
SLC9A3,BMP2,RXRA,BMP2#RXRA,Endothelial,0.0,0.0,391
SLC9A3,BMP6,RXRA,BMP6#RXRA,Endothelial,0.0,0.0,391
SLC9A3,EGF,RXRA,EGF#RXRA,Endothelial,0.0,0.0,391
SLC9A3,CXCL12,RXRA,CXCL12#RXRA,Endothelial,0.0,0.0,391
SLC9A3,IL18,SIN3A,IL18#SIN3A,Endothelial,0.0,0.0,391
SLC9A3,CXCL12,SIN3A,CXCL12#SIN3A,Endothelial,0.0,0.0,391
SLC9A3,IL18,SMAD1,IL18#SMAD1,Endothelial,0.0,0.0,391
SLC9A3,LIF,SMC3,LIF#SMC3,Endothelial,0.0,0.0,391
SLC9A3,BMP2,SNAI1,BMP2#SNAI1,Endothelial,0.0,0.0,391
SLC9A3,BMP2,SNAI2,BMP2#SNAI2,Endothelial,0.0,0.0,391
SLC9A3,PDGFA,SP1,PDGFA#SP1,Endothelial,0.0,0.0,391
SLC9A3,CNTF,SP3,CNTF#SP3,Endothelial,0.0,0.0,391
SLC9A3,IL26,SP3,IL26#SP3,Endothelial,0.0,0.0,391
SLC9A3,IL12A,STAT3,IL12A#STAT3,Endothelial,0.0,0.0,391
SLC9A3,PDGFA,TAF1,PDGFA#TAF1,Endothelial,0.0,0.0,391
SLC9A3,IL13,TCF7L2,IL13#TCF7L2,Endothelial,0.0,0.0,391
SLC9A3,PDGFD,TCF7L2,PDGFD#TCF7L2,Endothelial,0.0,0.0,391
SLC9A3,IGF1,TCF7L2,IGF1#TCF7L2,Endothelial,0.0,0.0,391
SLC9A3,CSF1,TCF7L2,CSF1#TCF7L2,Endothelial,0.0,0.0,391
SLC9A3,BMP2,TFAP2B,BMP2#TFAP2B,Endothelial,0.0,0.0,391
SLC9A3,TGFA,TWIST2,TGFA#TWIST2,Endothelial,0.0,0.0,391
SLC9A3,IL18,ZNF449,IL18#ZNF449,Endothelial,0.0,0.0,391
SLC9A3,IL7,ZNF449,IL7#ZNF449,Endothelial,0.0,0.0,391
SLC9A3,BMP2,AR,BMP2#AR,Enteric_glia,0.0,0.0,92
SLC9A3,BMP2,BRCA1,BMP2#BRCA1,Enteric_glia,0.0,0.0,92
SLC9A3,IL18,CREB1,IL18#CREB1,Enteric_glia,0.0,0.0,92
SLC9A3,IL18,E2F1,IL18#E2F1,Enteric_glia,0.0,0.0,92
SLC9A3,VEGFA,ETS1,VEGFA#ETS1,Enteric_glia,0.0,0.0,92
SLC9A3,BMP2,GLIS3,BMP2#GLIS3,Enteric_glia,0.0,0.0,92
SLC9A3,BMP4,GLIS3,BMP4#GLIS3,Enteric_glia,0.0,0.0,92
SLC9A3,IL26,HDAC2,IL26#HDAC2,Enteric_glia,0.0,0.0,92
SLC9A3,IGF1,HNF4A,IGF1#HNF4A,Enteric_glia,0.0,0.0,92
SLC9A3,TGFB1,HNF4A,TGFB1#HNF4A,Enteric_glia,0.0,0.0,92
SLC9A3,WNT5A,HNF4A,WNT5A#HNF4A,Enteric_glia,0.0,0.0,92
SLC9A3,IFNB1,IRF1,IFNB1#IRF1,Enteric_glia,0.0,0.0,92
SLC9A3,IL18,KLF16,IL18#KLF16,Enteric_glia,0.0,0.0,92
SLC9A3,IFNG,KLF4,IFNG#KLF4,Enteric_glia,0.0,0.0,92
SLC9A3,VEGFA,KLF4,VEGFA#KLF4,Enteric_glia,0.0,0.0,92
SLC9A3,IL4,KLF4,IL4#KLF4,Enteric_glia,0.0,0.0,92
SLC9A3,TNFSF10,KLF4,TNFSF10#KLF4,Enteric_glia,0.0,0.0,92
SLC9A3,PDGFB,KLF4,PDGFB#KLF4,Enteric_glia,0.0,0.0,92
SLC9A3,WNT3A,KLF5,WNT3A#KLF5,Enteric_glia,0.0,0.0,92
SLC9A3,PDGFC,KLF5,PDGFC#KLF5,Enteric_glia,0.0,0.0,92
SLC9A3,INHBA,KLF5,INHBA#KLF5,Enteric_glia,0.0,0.0,92
SLC9A3,BMP6,KLF5,BMP6#KLF5,Enteric_glia,0.0,0.0,92
SLC9A3,PDGFB,KLF5,PDGFB#KLF5,Enteric_glia,0.0,0.0,92
SLC9A3,PDGFD,MEF2A,PDGFD#MEF2A,Enteric_glia,0.0,0.0,92
SLC9A3,SHH,MEF2A,SHH#MEF2A,Enteric_glia,0.0,0.0,92
SLC9A3,IL26,MEF2A,IL26#MEF2A,Enteric_glia,0.0,0.0,92
SLC9A3,VEGFA,MEF2C,VEGFA#MEF2C,Enteric_glia,0.0,0.0,92
SLC9A3,CXCL12,NR3C2,CXCL12#NR3C2,Enteric_glia,0.0,0.0,92
SLC9A3,CXCL12,OVOL2,CXCL12#OVOL2,Enteric_glia,0.0,0.0,92
SLC9A3,VEGFA,PRDM1,VEGFA#PRDM1,Enteric_glia,0.0,0.0,92
SLC9A3,BMP2,REST,BMP2#REST,Enteric_glia,0.0,0.0,92
SLC9A3,PDGFD,REST,PDGFD#REST,Enteric_glia,0.0,0.0,92
SLC9A3,BMP2,RXRA,BMP2#RXRA,Enteric_glia,0.0,0.0,92
SLC9A3,BMP6,RXRA,BMP6#RXRA,Enteric_glia,0.0,0.0,92
SLC9A3,EGF,RXRA,EGF#RXRA,Enteric_glia,0.0,0.0,92
SLC9A3,CXCL12,RXRA,CXCL12#RXRA,Enteric_glia,0.0,0.0,92
SLC9A3,IL18,SIN3A,IL18#SIN3A,Enteric_glia,0.0,0.0,92
SLC9A3,CXCL12,SIN3A,CXCL12#SIN3A,Enteric_glia,0.0,0.0,92
SLC9A3,IL18,SMAD1,IL18#SMAD1,Enteric_glia,0.0,0.0,92
SLC9A3,LIF,SMC3,LIF#SMC3,Enteric_glia,0.0,0.0,92
SLC9A3,BMP2,SNAI1,BMP2#SNAI1,Enteric_glia,0.0,0.0,92
SLC9A3,BMP2,SNAI2,BMP2#SNAI2,Enteric_glia,0.0,0.0,92
SLC9A3,PDGFA,SP1,PDGFA#SP1,Enteric_glia,0.0,0.0,92
SLC9A3,CNTF,SP3,CNTF#SP3,Enteric_glia,0.0,0.0,92
SLC9A3,IL26,SP3,IL26#SP3,Enteric_glia,0.0,0.0,92
SLC9A3,IL12A,STAT3,IL12A#STAT3,Enteric_glia,0.0,0.0,92
SLC9A3,PDGFA,TAF1,PDGFA#TAF1,Enteric_glia,0.0,0.0,92
SLC9A3,IL13,TCF7L2,IL13#TCF7L2,Enteric_glia,0.0,0.0,92
SLC9A3,PDGFD,TCF7L2,PDGFD#TCF7L2,Enteric_glia,0.0,0.0,92
SLC9A3,IGF1,TCF7L2,IGF1#TCF7L2,Enteric_glia,0.0,0.0,92
SLC9A3,CSF1,TCF7L2,CSF1#TCF7L2,Enteric_glia,0.0,0.0,92
SLC9A3,BMP2,TFAP2B,BMP2#TFAP2B,Enteric_glia,0.0,0.0,92
SLC9A3,TGFA,TWIST2,TGFA#TWIST2,Enteric_glia,0.0,0.0,92
SLC9A3,IL18,ZNF449,IL18#ZNF449,Enteric_glia,0.0,0.0,92
SLC9A3,IL7,ZNF449,IL7#ZNF449,Enteric_glia,0.0,0.0,92
SLC9A3,BMP2,AR,BMP2#AR,Fibroblast,0.0,0.0,944
SLC9A3,BMP2,BRCA1,BMP2#BRCA1,Fibroblast,0.0,0.0,944
SLC9A3,IL18,CREB1,IL18#CREB1,Fibroblast,0.0,0.0,944
SLC9A3,IL18,E2F1,IL18#E2F1,Fibroblast,0.0,0.0,944
SLC9A3,VEGFA,ETS1,VEGFA#ETS1,Fibroblast,0.0,0.0,944
SLC9A3,BMP2,GLIS3,BMP2#GLIS3,Fibroblast,0.0,0.0,944
SLC9A3,BMP4,GLIS3,BMP4#GLIS3,Fibroblast,0.0,0.0,944
SLC9A3,IL26,HDAC2,IL26#HDAC2,Fibroblast,0.0,0.0,944
SLC9A3,IGF1,HNF4A,IGF1#HNF4A,Fibroblast,0.0,0.0,944
SLC9A3,TGFB1,HNF4A,TGFB1#HNF4A,Fibroblast,0.0,0.0,944
SLC9A3,WNT5A,HNF4A,WNT5A#HNF4A,Fibroblast,0.0,0.0,944
SLC9A3,IFNB1,IRF1,IFNB1#IRF1,Fibroblast,0.0,0.0,944
SLC9A3,IL18,KLF16,IL18#KLF16,Fibroblast,0.0,0.0,944
SLC9A3,IFNG,KLF4,IFNG#KLF4,Fibroblast,0.0,0.0,944
SLC9A3,VEGFA,KLF4,VEGFA#KLF4,Fibroblast,0.0,0.0,944
SLC9A3,IL4,KLF4,IL4#KLF4,Fibroblast,0.0,0.0,944
SLC9A3,TNFSF10,KLF4,TNFSF10#KLF4,Fibroblast,0.0,0.0,944
SLC9A3,PDGFB,KLF4,PDGFB#KLF4,Fibroblast,0.0,0.0,944
SLC9A3,WNT3A,KLF5,WNT3A#KLF5,Fibroblast,0.0,0.0,944
SLC9A3,PDGFC,KLF5,PDGFC#KLF5,Fibroblast,0.0,0.0,944
SLC9A3,INHBA,KLF5,INHBA#KLF5,Fibroblast,0.0,0.0,944
SLC9A3,BMP6,KLF5,BMP6#KLF5,Fibroblast,0.0,0.0,944
SLC9A3,PDGFB,KLF5,PDGFB#KLF5,Fibroblast,0.0,0.0,944
SLC9A3,PDGFD,MEF2A,PDGFD#MEF2A,Fibroblast,0.0,0.0,944
SLC9A3,SHH,MEF2A,SHH#MEF2A,Fibroblast,0.0,0.0,944
SLC9A3,IL26,MEF2A,IL26#MEF2A,Fibroblast,0.0,0.0,944
SLC9A3,VEGFA,MEF2C,VEGFA#MEF2C,Fibroblast,0.0,0.0,944
SLC9A3,CXCL12,NR3C2,CXCL12#NR3C2,Fibroblast,0.0,0.0,944
SLC9A3,CXCL12,OVOL2,CXCL12#OVOL2,Fibroblast,0.0,0.0,944
SLC9A3,VEGFA,PRDM1,VEGFA#PRDM1,Fibroblast,0.0,0.0,944
SLC9A3,BMP2,REST,BMP2#REST,Fibroblast,0.0,0.0,944
SLC9A3,PDGFD,REST,PDGFD#REST,Fibroblast,0.0,0.0,944
SLC9A3,BMP2,RXRA,BMP2#RXRA,Fibroblast,0.0,0.0,944
SLC9A3,BMP6,RXRA,BMP6#RXRA,Fibroblast,0.0,0.0,944
SLC9A3,EGF,RXRA,EGF#RXRA,Fibroblast,0.0,0.0,944
SLC9A3,CXCL12,RXRA,CXCL12#RXRA,Fibroblast,0.0,0.0,944
SLC9A3,IL18,SIN3A,IL18#SIN3A,Fibroblast,0.0,0.0,944
SLC9A3,CXCL12,SIN3A,CXCL12#SIN3A,Fibroblast,0.0,0.0,944
SLC9A3,IL18,SMAD1,IL18#SMAD1,Fibroblast,0.0,0.0,944
SLC9A3,LIF,SMC3,LIF#SMC3,Fibroblast,0.0,0.0,944
SLC9A3,BMP2,SNAI1,BMP2#SNAI1,Fibroblast,0.0,0.0,944
SLC9A3,BMP2,SNAI2,BMP2#SNAI2,Fibroblast,0.0,0.0,944
SLC9A3,PDGFA,SP1,PDGFA#SP1,Fibroblast,0.0,0.0,944
SLC9A3,CNTF,SP3,CNTF#SP3,Fibroblast,0.0,0.0,944
SLC9A3,IL26,SP3,IL26#SP3,Fibroblast,0.0,0.0,944
SLC9A3,IL12A,STAT3,IL12A#STAT3,Fibroblast,0.0,0.0,944
SLC9A3,PDGFA,TAF1,PDGFA#TAF1,Fibroblast,0.0,0.0,944
SLC9A3,IL13,TCF7L2,IL13#TCF7L2,Fibroblast,0.0,0.0,944
SLC9A3,PDGFD,TCF7L2,PDGFD#TCF7L2,Fibroblast,0.0,0.0,944
SLC9A3,IGF1,TCF7L2,IGF1#TCF7L2,Fibroblast,0.0,0.0,944
SLC9A3,CSF1,TCF7L2,CSF1#TCF7L2,Fibroblast,0.0,0.0,944
SLC9A3,BMP2,TFAP2B,BMP2#TFAP2B,Fibroblast,0.0,0.0,944
SLC9A3,TGFA,TWIST2,TGFA#TWIST2,Fibroblast,0.0,0.0,944
SLC9A3,IL18,ZNF449,IL18#ZNF449,Fibroblast,0.0,0.0,944
SLC9A3,IL7,ZNF449,IL7#ZNF449,Fibroblast,0.0,0.0,944
SLC9A3,BMP2,AR,BMP2#AR,IEC,-1.1847202e-06,3.763868e-07,7778
SLC9A3,BMP2,BRCA1,BMP2#BRCA1,IEC,7.17723e-05,2.6501535e-05,7778
SLC9A3,IL18,CREB1,IL18#CREB1,IEC,1.9310364e-06,7.1990604e-07,7778
SLC9A3,IL18,E2F1,IL18#E2F1,IEC,-6.726366e-07,2.996442e-07,7778
SLC9A3,VEGFA,ETS1,VEGFA#ETS1,IEC,-4.7979986e-05,1.3572391e-05,7778
SLC9A3,BMP2,GLIS3,BMP2#GLIS3,IEC,2.940163e-06,8.1291694e-07,7778
SLC9A3,BMP4,GLIS3,BMP4#GLIS3,IEC,-1.0251381e-08,2.6725824e-09,7778
SLC9A3,IL26,HDAC2,IL26#HDAC2,IEC,2.184264e-07,7.55767e-08,7778
SLC9A3,IGF1,HNF4A,IGF1#HNF4A,IEC,-5.3773427e-05,1.14728455e-05,7778
SLC9A3,TGFB1,HNF4A,TGFB1#HNF4A,IEC,7.295711e-06,2.8258642e-06,7778
SLC9A3,WNT5A,HNF4A,WNT5A#HNF4A,IEC,1.4373119e-05,5.276342e-06,7778
SLC9A3,IFNB1,IRF1,IFNB1#IRF1,IEC,-5.646633e-07,2.4881967e-07,7778
SLC9A3,IL18,KLF16,IL18#KLF16,IEC,-1.544248e-06,3.1706912e-07,7778
SLC9A3,IFNG,KLF4,IFNG#KLF4,IEC,1.2501962e-06,2.1971628e-07,7778
SLC9A3,VEGFA,KLF4,VEGFA#KLF4,IEC,-0.0012112518,0.00029509288,7778
SLC9A3,IL4,KLF4,IL4#KLF4,IEC,2.7361947e-08,9.231178e-09,7778
SLC9A3,TNFSF10,KLF4,TNFSF10#KLF4,IEC,-0.0010282621,0.00081677275,7778
SLC9A3,PDGFB,KLF4,PDGFB#KLF4,IEC,-2.508324e-05,5.8855344e-06,7778
SLC9A3,WNT3A,KLF5,WNT3A#KLF5,IEC,-1.5000359e-06,6.000827e-07,7778
SLC9A3,PDGFC,KLF5,PDGFC#KLF5,IEC,-1.1013073e-05,1.8248702e-06,7778
SLC9A3,INHBA,KLF5,INHBA#KLF5,IEC,1.7233227e-06,1.1178191e-06,7778
SLC9A3,BMP6,KLF5,BMP6#KLF5,IEC,-5.7330984e-05,9.441292e-06,7778
SLC9A3,PDGFB,KLF5,PDGFB#KLF5,IEC,1.6981028e-06,1.5022393e-06,7778
SLC9A3,PDGFD,MEF2A,PDGFD#MEF2A,IEC,5.2607582e-08,1.1734572e-08,7778
SLC9A3,SHH,MEF2A,SHH#MEF2A,IEC,3.6875696e-07,1.6190619e-07,7778
SLC9A3,IL26,MEF2A,IL26#MEF2A,IEC,-3.40829e-10,5.6683342e-11,7778
SLC9A3,VEGFA,MEF2C,VEGFA#MEF2C,IEC,8.6239993e-07,3.2112467e-07,7778
SLC9A3,CXCL12,NR3C2,CXCL12#NR3C2,IEC,4.8921793e-06,1.3305779e-06,7778
SLC9A3,CXCL12,OVOL2,CXCL12#OVOL2,IEC,5.731635e-06,3.6427962e-06,7778
SLC9A3,VEGFA,PRDM1,VEGFA#PRDM1,IEC,8.540893e-05,2.4236551e-05,7778
SLC9A3,BMP2,REST,BMP2#REST,IEC,-0.0001848653,3.474998e-05,7778
SLC9A3,PDGFD,REST,PDGFD#REST,IEC,-3.55521e-08,1.0113148e-08,7778
SLC9A3,BMP2,RXRA,BMP2#RXRA,IEC,-0.00028919862,0.0002737062,7778
SLC9A3,BMP6,RXRA,BMP6#RXRA,IEC,1.5351314e-05,2.259984e-06,7778
SLC9A3,EGF,RXRA,EGF#RXRA,IEC,-2.8589416e-06,3.9087038e-07,7778
SLC9A3,CXCL12,RXRA,CXCL12#RXRA,IEC,2.3232413e-05,4.9422397e-06,7778
SLC9A3,IL18,SIN3A,IL18#SIN3A,IEC,1.021176e-05,3.4428417e-06,7778
SLC9A3,CXCL12,SIN3A,CXCL12#SIN3A,IEC,3.1260477e-06,1.0993214e-06,7778
SLC9A3,IL18,SMAD1,IL18#SMAD1,IEC,1.1353445e-07,2.3170022e-08,7778
SLC9A3,LIF,SMC3,LIF#SMC3,IEC,-1.301142e-05,2.6726204e-06,7778
SLC9A3,BMP2,SNAI1,BMP2#SNAI1,IEC,-4.855489e-07,1.8991868e-07,7778
SLC9A3,BMP2,SNAI2,BMP2#SNAI2,IEC,1.7419776e-05,4.15382e-06,7778
SLC9A3,PDGFA,SP1,PDGFA#SP1,IEC,-0.00011610765,4.066647e-05,7778
SLC9A3,CNTF,SP3,CNTF#SP3,IEC,-2.8678693e-07,6.1585716e-08,7778
SLC9A3,IL26,SP3,IL26#SP3,IEC,-1.3038782e-07,3.7144016e-08,7778
SLC9A3,IL12A,STAT3,IL12A#STAT3,IEC,9.770216e-07,1.6647516e-07,7778
SLC9A3,PDGFA,TAF1,PDGFA#TAF1,IEC,6.440798e-06,1.7001677e-06,7778
SLC9A3,IL13,TCF7L2,IL13#TCF7L2,IEC,-8.9113433e-07,1.341079e-07,7778
SLC9A3,PDGFD,TCF7L2,PDGFD#TCF7L2,IEC,-6.3213037e-07,1.760276e-07,7778
SLC9A3,IGF1,TCF7L2,IGF1#TCF7L2,IEC,-2.2753654e-06,3.6138255e-07,7778
SLC9A3,CSF1,TCF7L2,CSF1#TCF7L2,IEC,-6.2315165e-05,1.04748915e-05,7778
SLC9A3,BMP2,TFAP2B,BMP2#TFAP2B,IEC,-1.8161318e-06,4.430781e-07,7778
SLC9A3,TGFA,TWIST2,TGFA#TWIST2,IEC,-2.6087366e-06,5.480147e-07,7778
SLC9A3,IL18,ZNF449,IL18#ZNF449,IEC,1.3137258e-05,3.0778303e-06,7778
SLC9A3,IL7,ZNF449,IL7#ZNF449,IEC,2.1412448e-07,3.22891e-08,7778
SLC9A3,BMP2,AR,BMP2#AR,MAST,0.0,0.0,171
SLC9A3,BMP2,BRCA1,BMP2#BRCA1,MAST,0.0,0.0,171
SLC9A3,IL18,CREB1,IL18#CREB1,MAST,0.0,0.0,171
SLC9A3,IL18,E2F1,IL18#E2F1,MAST,0.0,0.0,171
SLC9A3,VEGFA,ETS1,VEGFA#ETS1,MAST,0.0,0.0,171
SLC9A3,BMP2,GLIS3,BMP2#GLIS3,MAST,0.0,0.0,171
SLC9A3,BMP4,GLIS3,BMP4#GLIS3,MAST,0.0,0.0,171
SLC9A3,IL26,HDAC2,IL26#HDAC2,MAST,0.0,0.0,171
SLC9A3,IGF1,HNF4A,IGF1#HNF4A,MAST,0.0,0.0,171
SLC9A3,TGFB1,HNF4A,TGFB1#HNF4A,MAST,0.0,0.0,171
SLC9A3,WNT5A,HNF4A,WNT5A#HNF4A,MAST,0.0,0.0,171
SLC9A3,IFNB1,IRF1,IFNB1#IRF1,MAST,0.0,0.0,171
SLC9A3,IL18,KLF16,IL18#KLF16,MAST,0.0,0.0,171
SLC9A3,IFNG,KLF4,IFNG#KLF4,MAST,0.0,0.0,171
SLC9A3,VEGFA,KLF4,VEGFA#KLF4,MAST,0.0,0.0,171
SLC9A3,IL4,KLF4,IL4#KLF4,MAST,0.0,0.0,171
SLC9A3,TNFSF10,KLF4,TNFSF10#KLF4,MAST,0.0,0.0,171
SLC9A3,PDGFB,KLF4,PDGFB#KLF4,MAST,0.0,0.0,171
SLC9A3,WNT3A,KLF5,WNT3A#KLF5,MAST,0.0,0.0,171
SLC9A3,PDGFC,KLF5,PDGFC#KLF5,MAST,0.0,0.0,171
SLC9A3,INHBA,KLF5,INHBA#KLF5,MAST,0.0,0.0,171
SLC9A3,BMP6,KLF5,BMP6#KLF5,MAST,0.0,0.0,171
SLC9A3,PDGFB,KLF5,PDGFB#KLF5,MAST,0.0,0.0,171
SLC9A3,PDGFD,MEF2A,PDGFD#MEF2A,MAST,0.0,0.0,171
SLC9A3,SHH,MEF2A,SHH#MEF2A,MAST,0.0,0.0,171
SLC9A3,IL26,MEF2A,IL26#MEF2A,MAST,0.0,0.0,171
SLC9A3,VEGFA,MEF2C,VEGFA#MEF2C,MAST,0.0,0.0,171
SLC9A3,CXCL12,NR3C2,CXCL12#NR3C2,MAST,0.0,0.0,171
SLC9A3,CXCL12,OVOL2,CXCL12#OVOL2,MAST,0.0,0.0,171
SLC9A3,VEGFA,PRDM1,VEGFA#PRDM1,MAST,0.0,0.0,171
SLC9A3,BMP2,REST,BMP2#REST,MAST,0.0,0.0,171
SLC9A3,PDGFD,REST,PDGFD#REST,MAST,0.0,0.0,171
SLC9A3,BMP2,RXRA,BMP2#RXRA,MAST,0.0,0.0,171
SLC9A3,BMP6,RXRA,BMP6#RXRA,MAST,0.0,0.0,171
SLC9A3,EGF,RXRA,EGF#RXRA,MAST,0.0,0.0,171
SLC9A3,CXCL12,RXRA,CXCL12#RXRA,MAST,0.0,0.0,171
SLC9A3,IL18,SIN3A,IL18#SIN3A,MAST,0.0,0.0,171
SLC9A3,CXCL12,SIN3A,CXCL12#SIN3A,MAST,0.0,0.0,171
SLC9A3,IL18,SMAD1,IL18#SMAD1,MAST,0.0,0.0,171
SLC9A3,LIF,SMC3,LIF#SMC3,MAST,0.0,0.0,171
SLC9A3,BMP2,SNAI1,BMP2#SNAI1,MAST,0.0,0.0,171
SLC9A3,BMP2,SNAI2,BMP2#SNAI2,MAST,0.0,0.0,171
SLC9A3,PDGFA,SP1,PDGFA#SP1,MAST,0.0,0.0,171
SLC9A3,CNTF,SP3,CNTF#SP3,MAST,0.0,0.0,171
SLC9A3,IL26,SP3,IL26#SP3,MAST,0.0,0.0,171
SLC9A3,IL12A,STAT3,IL12A#STAT3,MAST,0.0,0.0,171
SLC9A3,PDGFA,TAF1,PDGFA#TAF1,MAST,0.0,0.0,171
SLC9A3,IL13,TCF7L2,IL13#TCF7L2,MAST,0.0,0.0,171
SLC9A3,PDGFD,TCF7L2,PDGFD#TCF7L2,MAST,0.0,0.0,171
SLC9A3,IGF1,TCF7L2,IGF1#TCF7L2,MAST,0.0,0.0,171
SLC9A3,CSF1,TCF7L2,CSF1#TCF7L2,MAST,0.0,0.0,171
SLC9A3,BMP2,TFAP2B,BMP2#TFAP2B,MAST,0.0,0.0,171
SLC9A3,TGFA,TWIST2,TGFA#TWIST2,MAST,0.0,0.0,171
SLC9A3,IL18,ZNF449,IL18#ZNF449,MAST,0.0,0.0,171
SLC9A3,IL7,ZNF449,IL7#ZNF449,MAST,0.0,0.0,171
SLC9A3,BMP2,AR,BMP2#AR,MNP,0.0,0.0,464
SLC9A3,BMP2,BRCA1,BMP2#BRCA1,MNP,0.0,0.0,464
SLC9A3,IL18,CREB1,IL18#CREB1,MNP,0.0,0.0,464
SLC9A3,IL18,E2F1,IL18#E2F1,MNP,0.0,0.0,464
SLC9A3,VEGFA,ETS1,VEGFA#ETS1,MNP,0.0,0.0,464
SLC9A3,BMP2,GLIS3,BMP2#GLIS3,MNP,0.0,0.0,464
SLC9A3,BMP4,GLIS3,BMP4#GLIS3,MNP,0.0,0.0,464
SLC9A3,IL26,HDAC2,IL26#HDAC2,MNP,0.0,0.0,464
SLC9A3,IGF1,HNF4A,IGF1#HNF4A,MNP,0.0,0.0,464
SLC9A3,TGFB1,HNF4A,TGFB1#HNF4A,MNP,0.0,0.0,464
SLC9A3,WNT5A,HNF4A,WNT5A#HNF4A,MNP,0.0,0.0,464
SLC9A3,IFNB1,IRF1,IFNB1#IRF1,MNP,0.0,0.0,464
SLC9A3,IL18,KLF16,IL18#KLF16,MNP,0.0,0.0,464
SLC9A3,IFNG,KLF4,IFNG#KLF4,MNP,0.0,0.0,464
SLC9A3,VEGFA,KLF4,VEGFA#KLF4,MNP,0.0,0.0,464
SLC9A3,IL4,KLF4,IL4#KLF4,MNP,0.0,0.0,464
SLC9A3,TNFSF10,KLF4,TNFSF10#KLF4,MNP,0.0,0.0,464
SLC9A3,PDGFB,KLF4,PDGFB#KLF4,MNP,0.0,0.0,464
SLC9A3,WNT3A,KLF5,WNT3A#KLF5,MNP,0.0,0.0,464
SLC9A3,PDGFC,KLF5,PDGFC#KLF5,MNP,0.0,0.0,464
SLC9A3,INHBA,KLF5,INHBA#KLF5,MNP,0.0,0.0,464
SLC9A3,BMP6,KLF5,BMP6#KLF5,MNP,0.0,0.0,464
SLC9A3,PDGFB,KLF5,PDGFB#KLF5,MNP,0.0,0.0,464
SLC9A3,PDGFD,MEF2A,PDGFD#MEF2A,MNP,0.0,0.0,464
SLC9A3,SHH,MEF2A,SHH#MEF2A,MNP,0.0,0.0,464
SLC9A3,IL26,MEF2A,IL26#MEF2A,MNP,0.0,0.0,464
SLC9A3,VEGFA,MEF2C,VEGFA#MEF2C,MNP,0.0,0.0,464
SLC9A3,CXCL12,NR3C2,CXCL12#NR3C2,MNP,0.0,0.0,464
SLC9A3,CXCL12,OVOL2,CXCL12#OVOL2,MNP,0.0,0.0,464
SLC9A3,VEGFA,PRDM1,VEGFA#PRDM1,MNP,0.0,0.0,464
SLC9A3,BMP2,REST,BMP2#REST,MNP,0.0,0.0,464
SLC9A3,PDGFD,REST,PDGFD#REST,MNP,0.0,0.0,464
SLC9A3,BMP2,RXRA,BMP2#RXRA,MNP,0.0,0.0,464
SLC9A3,BMP6,RXRA,BMP6#RXRA,MNP,0.0,0.0,464
SLC9A3,EGF,RXRA,EGF#RXRA,MNP,0.0,0.0,464
SLC9A3,CXCL12,RXRA,CXCL12#RXRA,MNP,0.0,0.0,464
SLC9A3,IL18,SIN3A,IL18#SIN3A,MNP,0.0,0.0,464
SLC9A3,CXCL12,SIN3A,CXCL12#SIN3A,MNP,0.0,0.0,464
SLC9A3,IL18,SMAD1,IL18#SMAD1,MNP,0.0,0.0,464
SLC9A3,LIF,SMC3,LIF#SMC3,MNP,0.0,0.0,464
SLC9A3,BMP2,SNAI1,BMP2#SNAI1,MNP,0.0,0.0,464
SLC9A3,BMP2,SNAI2,BMP2#SNAI2,MNP,0.0,0.0,464
SLC9A3,PDGFA,SP1,PDGFA#SP1,MNP,0.0,0.0,464
SLC9A3,CNTF,SP3,CNTF#SP3,MNP,0.0,0.0,464
SLC9A3,IL26,SP3,IL26#SP3,MNP,0.0,0.0,464
SLC9A3,IL12A,STAT3,IL12A#STAT3,MNP,0.0,0.0,464
SLC9A3,PDGFA,TAF1,PDGFA#TAF1,MNP,0.0,0.0,464
SLC9A3,IL13,TCF7L2,IL13#TCF7L2,MNP,0.0,0.0,464
SLC9A3,PDGFD,TCF7L2,PDGFD#TCF7L2,MNP,0.0,0.0,464
SLC9A3,IGF1,TCF7L2,IGF1#TCF7L2,MNP,0.0,0.0,464
SLC9A3,CSF1,TCF7L2,CSF1#TCF7L2,MNP,0.0,0.0,464
SLC9A3,BMP2,TFAP2B,BMP2#TFAP2B,MNP,0.0,0.0,464
SLC9A3,TGFA,TWIST2,TGFA#TWIST2,MNP,0.0,0.0,464
SLC9A3,IL18,ZNF449,IL18#ZNF449,MNP,0.0,0.0,464
SLC9A3,IL7,ZNF449,IL7#ZNF449,MNP,0.0,0.0,464
SLC9A3,BMP2,AR,BMP2#AR,Muscularis_mucosa,0.0,0.0,92
SLC9A3,BMP2,BRCA1,BMP2#BRCA1,Muscularis_mucosa,0.0,0.0,92
SLC9A3,IL18,CREB1,IL18#CREB1,Muscularis_mucosa,0.0,0.0,92
SLC9A3,IL18,E2F1,IL18#E2F1,Muscularis_mucosa,0.0,0.0,92
SLC9A3,VEGFA,ETS1,VEGFA#ETS1,Muscularis_mucosa,0.0,0.0,92
SLC9A3,BMP2,GLIS3,BMP2#GLIS3,Muscularis_mucosa,0.0,0.0,92
SLC9A3,BMP4,GLIS3,BMP4#GLIS3,Muscularis_mucosa,0.0,0.0,92
SLC9A3,IL26,HDAC2,IL26#HDAC2,Muscularis_mucosa,0.0,0.0,92
SLC9A3,IGF1,HNF4A,IGF1#HNF4A,Muscularis_mucosa,0.0,0.0,92
SLC9A3,TGFB1,HNF4A,TGFB1#HNF4A,Muscularis_mucosa,0.0,0.0,92
SLC9A3,WNT5A,HNF4A,WNT5A#HNF4A,Muscularis_mucosa,0.0,0.0,92
SLC9A3,IFNB1,IRF1,IFNB1#IRF1,Muscularis_mucosa,0.0,0.0,92
SLC9A3,IL18,KLF16,IL18#KLF16,Muscularis_mucosa,0.0,0.0,92
SLC9A3,IFNG,KLF4,IFNG#KLF4,Muscularis_mucosa,0.0,0.0,92
SLC9A3,VEGFA,KLF4,VEGFA#KLF4,Muscularis_mucosa,0.0,0.0,92
SLC9A3,IL4,KLF4,IL4#KLF4,Muscularis_mucosa,0.0,0.0,92
SLC9A3,TNFSF10,KLF4,TNFSF10#KLF4,Muscularis_mucosa,0.0,0.0,92
SLC9A3,PDGFB,KLF4,PDGFB#KLF4,Muscularis_mucosa,0.0,0.0,92
SLC9A3,WNT3A,KLF5,WNT3A#KLF5,Muscularis_mucosa,0.0,0.0,92
SLC9A3,PDGFC,KLF5,PDGFC#KLF5,Muscularis_mucosa,0.0,0.0,92
SLC9A3,INHBA,KLF5,INHBA#KLF5,Muscularis_mucosa,0.0,0.0,92
SLC9A3,BMP6,KLF5,BMP6#KLF5,Muscularis_mucosa,0.0,0.0,92
SLC9A3,PDGFB,KLF5,PDGFB#KLF5,Muscularis_mucosa,0.0,0.0,92
SLC9A3,PDGFD,MEF2A,PDGFD#MEF2A,Muscularis_mucosa,0.0,0.0,92
SLC9A3,SHH,MEF2A,SHH#MEF2A,Muscularis_mucosa,0.0,0.0,92
SLC9A3,IL26,MEF2A,IL26#MEF2A,Muscularis_mucosa,0.0,0.0,92
SLC9A3,VEGFA,MEF2C,VEGFA#MEF2C,Muscularis_mucosa,0.0,0.0,92
SLC9A3,CXCL12,NR3C2,CXCL12#NR3C2,Muscularis_mucosa,0.0,0.0,92
SLC9A3,CXCL12,OVOL2,CXCL12#OVOL2,Muscularis_mucosa,0.0,0.0,92
SLC9A3,VEGFA,PRDM1,VEGFA#PRDM1,Muscularis_mucosa,0.0,0.0,92
SLC9A3,BMP2,REST,BMP2#REST,Muscularis_mucosa,0.0,0.0,92
SLC9A3,PDGFD,REST,PDGFD#REST,Muscularis_mucosa,0.0,0.0,92
SLC9A3,BMP2,RXRA,BMP2#RXRA,Muscularis_mucosa,0.0,0.0,92
SLC9A3,BMP6,RXRA,BMP6#RXRA,Muscularis_mucosa,0.0,0.0,92
SLC9A3,EGF,RXRA,EGF#RXRA,Muscularis_mucosa,0.0,0.0,92
SLC9A3,CXCL12,RXRA,CXCL12#RXRA,Muscularis_mucosa,0.0,0.0,92
SLC9A3,IL18,SIN3A,IL18#SIN3A,Muscularis_mucosa,0.0,0.0,92
SLC9A3,CXCL12,SIN3A,CXCL12#SIN3A,Muscularis_mucosa,0.0,0.0,92
SLC9A3,IL18,SMAD1,IL18#SMAD1,Muscularis_mucosa,0.0,0.0,92
SLC9A3,LIF,SMC3,LIF#SMC3,Muscularis_mucosa,0.0,0.0,92
SLC9A3,BMP2,SNAI1,BMP2#SNAI1,Muscularis_mucosa,0.0,0.0,92
SLC9A3,BMP2,SNAI2,BMP2#SNAI2,Muscularis_mucosa,0.0,0.0,92
SLC9A3,PDGFA,SP1,PDGFA#SP1,Muscularis_mucosa,0.0,0.0,92
SLC9A3,CNTF,SP3,CNTF#SP3,Muscularis_mucosa,0.0,0.0,92
SLC9A3,IL26,SP3,IL26#SP3,Muscularis_mucosa,0.0,0.0,92
SLC9A3,IL12A,STAT3,IL12A#STAT3,Muscularis_mucosa,0.0,0.0,92
SLC9A3,PDGFA,TAF1,PDGFA#TAF1,Muscularis_mucosa,0.0,0.0,92
SLC9A3,IL13,TCF7L2,IL13#TCF7L2,Muscularis_mucosa,0.0,0.0,92
SLC9A3,PDGFD,TCF7L2,PDGFD#TCF7L2,Muscularis_mucosa,0.0,0.0,92
SLC9A3,IGF1,TCF7L2,IGF1#TCF7L2,Muscularis_mucosa,0.0,0.0,92
SLC9A3,CSF1,TCF7L2,CSF1#TCF7L2,Muscularis_mucosa,0.0,0.0,92
SLC9A3,BMP2,TFAP2B,BMP2#TFAP2B,Muscularis_mucosa,0.0,0.0,92
SLC9A3,TGFA,TWIST2,TGFA#TWIST2,Muscularis_mucosa,0.0,0.0,92
SLC9A3,IL18,ZNF449,IL18#ZNF449,Muscularis_mucosa,0.0,0.0,92
SLC9A3,IL7,ZNF449,IL7#ZNF449,Muscularis_mucosa,0.0,0.0,92
SLC9A3,BMP2,AR,BMP2#AR,Myofibroblast,0.0,0.0,219
SLC9A3,BMP2,BRCA1,BMP2#BRCA1,Myofibroblast,0.0,0.0,219
SLC9A3,IL18,CREB1,IL18#CREB1,Myofibroblast,0.0,0.0,219
SLC9A3,IL18,E2F1,IL18#E2F1,Myofibroblast,0.0,0.0,219
SLC9A3,VEGFA,ETS1,VEGFA#ETS1,Myofibroblast,0.0,0.0,219
SLC9A3,BMP2,GLIS3,BMP2#GLIS3,Myofibroblast,0.0,0.0,219
SLC9A3,BMP4,GLIS3,BMP4#GLIS3,Myofibroblast,0.0,0.0,219
SLC9A3,IL26,HDAC2,IL26#HDAC2,Myofibroblast,0.0,0.0,219
SLC9A3,IGF1,HNF4A,IGF1#HNF4A,Myofibroblast,0.0,0.0,219
SLC9A3,TGFB1,HNF4A,TGFB1#HNF4A,Myofibroblast,0.0,0.0,219
SLC9A3,WNT5A,HNF4A,WNT5A#HNF4A,Myofibroblast,0.0,0.0,219
SLC9A3,IFNB1,IRF1,IFNB1#IRF1,Myofibroblast,0.0,0.0,219
SLC9A3,IL18,KLF16,IL18#KLF16,Myofibroblast,0.0,0.0,219
SLC9A3,IFNG,KLF4,IFNG#KLF4,Myofibroblast,0.0,0.0,219
SLC9A3,VEGFA,KLF4,VEGFA#KLF4,Myofibroblast,0.0,0.0,219
SLC9A3,IL4,KLF4,IL4#KLF4,Myofibroblast,0.0,0.0,219
SLC9A3,TNFSF10,KLF4,TNFSF10#KLF4,Myofibroblast,0.0,0.0,219
SLC9A3,PDGFB,KLF4,PDGFB#KLF4,Myofibroblast,0.0,0.0,219
SLC9A3,WNT3A,KLF5,WNT3A#KLF5,Myofibroblast,0.0,0.0,219
SLC9A3,PDGFC,KLF5,PDGFC#KLF5,Myofibroblast,0.0,0.0,219
SLC9A3,INHBA,KLF5,INHBA#KLF5,Myofibroblast,0.0,0.0,219
SLC9A3,BMP6,KLF5,BMP6#KLF5,Myofibroblast,0.0,0.0,219
SLC9A3,PDGFB,KLF5,PDGFB#KLF5,Myofibroblast,0.0,0.0,219
SLC9A3,PDGFD,MEF2A,PDGFD#MEF2A,Myofibroblast,0.0,0.0,219
SLC9A3,SHH,MEF2A,SHH#MEF2A,Myofibroblast,0.0,0.0,219
SLC9A3,IL26,MEF2A,IL26#MEF2A,Myofibroblast,0.0,0.0,219
SLC9A3,VEGFA,MEF2C,VEGFA#MEF2C,Myofibroblast,0.0,0.0,219
SLC9A3,CXCL12,NR3C2,CXCL12#NR3C2,Myofibroblast,0.0,0.0,219
SLC9A3,CXCL12,OVOL2,CXCL12#OVOL2,Myofibroblast,0.0,0.0,219
SLC9A3,VEGFA,PRDM1,VEGFA#PRDM1,Myofibroblast,0.0,0.0,219
SLC9A3,BMP2,REST,BMP2#REST,Myofibroblast,0.0,0.0,219
SLC9A3,PDGFD,REST,PDGFD#REST,Myofibroblast,0.0,0.0,219
SLC9A3,BMP2,RXRA,BMP2#RXRA,Myofibroblast,0.0,0.0,219
SLC9A3,BMP6,RXRA,BMP6#RXRA,Myofibroblast,0.0,0.0,219
SLC9A3,EGF,RXRA,EGF#RXRA,Myofibroblast,0.0,0.0,219
SLC9A3,CXCL12,RXRA,CXCL12#RXRA,Myofibroblast,0.0,0.0,219
SLC9A3,IL18,SIN3A,IL18#SIN3A,Myofibroblast,0.0,0.0,219
SLC9A3,CXCL12,SIN3A,CXCL12#SIN3A,Myofibroblast,0.0,0.0,219
SLC9A3,IL18,SMAD1,IL18#SMAD1,Myofibroblast,0.0,0.0,219
SLC9A3,LIF,SMC3,LIF#SMC3,Myofibroblast,0.0,0.0,219
SLC9A3,BMP2,SNAI1,BMP2#SNAI1,Myofibroblast,0.0,0.0,219
SLC9A3,BMP2,SNAI2,BMP2#SNAI2,Myofibroblast,0.0,0.0,219
SLC9A3,PDGFA,SP1,PDGFA#SP1,Myofibroblast,0.0,0.0,219
SLC9A3,CNTF,SP3,CNTF#SP3,Myofibroblast,0.0,0.0,219
SLC9A3,IL26,SP3,IL26#SP3,Myofibroblast,0.0,0.0,219
SLC9A3,IL12A,STAT3,IL12A#STAT3,Myofibroblast,0.0,0.0,219
SLC9A3,PDGFA,TAF1,PDGFA#TAF1,Myofibroblast,0.0,0.0,219
SLC9A3,IL13,TCF7L2,IL13#TCF7L2,Myofibroblast,0.0,0.0,219
SLC9A3,PDGFD,TCF7L2,PDGFD#TCF7L2,Myofibroblast,0.0,0.0,219
SLC9A3,IGF1,TCF7L2,IGF1#TCF7L2,Myofibroblast,0.0,0.0,219
SLC9A3,CSF1,TCF7L2,CSF1#TCF7L2,Myofibroblast,0.0,0.0,219
SLC9A3,BMP2,TFAP2B,BMP2#TFAP2B,Myofibroblast,0.0,0.0,219
SLC9A3,TGFA,TWIST2,TGFA#TWIST2,Myofibroblast,0.0,0.0,219
SLC9A3,IL18,ZNF449,IL18#ZNF449,Myofibroblast,0.0,0.0,219
SLC9A3,IL7,ZNF449,IL7#ZNF449,Myofibroblast,0.0,0.0,219
SLC9A3,BMP2,AR,BMP2#AR,Pericyte,0.0,0.0,109
SLC9A3,BMP2,BRCA1,BMP2#BRCA1,Pericyte,0.0,0.0,109
SLC9A3,IL18,CREB1,IL18#CREB1,Pericyte,0.0,0.0,109
SLC9A3,IL18,E2F1,IL18#E2F1,Pericyte,0.0,0.0,109
SLC9A3,VEGFA,ETS1,VEGFA#ETS1,Pericyte,0.0,0.0,109
SLC9A3,BMP2,GLIS3,BMP2#GLIS3,Pericyte,0.0,0.0,109
SLC9A3,BMP4,GLIS3,BMP4#GLIS3,Pericyte,0.0,0.0,109
SLC9A3,IL26,HDAC2,IL26#HDAC2,Pericyte,0.0,0.0,109
SLC9A3,IGF1,HNF4A,IGF1#HNF4A,Pericyte,0.0,0.0,109
SLC9A3,TGFB1,HNF4A,TGFB1#HNF4A,Pericyte,0.0,0.0,109
SLC9A3,WNT5A,HNF4A,WNT5A#HNF4A,Pericyte,0.0,0.0,109
SLC9A3,IFNB1,IRF1,IFNB1#IRF1,Pericyte,0.0,0.0,109
SLC9A3,IL18,KLF16,IL18#KLF16,Pericyte,0.0,0.0,109
SLC9A3,IFNG,KLF4,IFNG#KLF4,Pericyte,0.0,0.0,109
SLC9A3,VEGFA,KLF4,VEGFA#KLF4,Pericyte,0.0,0.0,109
SLC9A3,IL4,KLF4,IL4#KLF4,Pericyte,0.0,0.0,109
SLC9A3,TNFSF10,KLF4,TNFSF10#KLF4,Pericyte,0.0,0.0,109
SLC9A3,PDGFB,KLF4,PDGFB#KLF4,Pericyte,0.0,0.0,109
SLC9A3,WNT3A,KLF5,WNT3A#KLF5,Pericyte,0.0,0.0,109
SLC9A3,PDGFC,KLF5,PDGFC#KLF5,Pericyte,0.0,0.0,109
SLC9A3,INHBA,KLF5,INHBA#KLF5,Pericyte,0.0,0.0,109
SLC9A3,BMP6,KLF5,BMP6#KLF5,Pericyte,0.0,0.0,109
SLC9A3,PDGFB,KLF5,PDGFB#KLF5,Pericyte,0.0,0.0,109
SLC9A3,PDGFD,MEF2A,PDGFD#MEF2A,Pericyte,0.0,0.0,109
SLC9A3,SHH,MEF2A,SHH#MEF2A,Pericyte,0.0,0.0,109
SLC9A3,IL26,MEF2A,IL26#MEF2A,Pericyte,0.0,0.0,109
SLC9A3,VEGFA,MEF2C,VEGFA#MEF2C,Pericyte,0.0,0.0,109
SLC9A3,CXCL12,NR3C2,CXCL12#NR3C2,Pericyte,0.0,0.0,109
SLC9A3,CXCL12,OVOL2,CXCL12#OVOL2,Pericyte,0.0,0.0,109
SLC9A3,VEGFA,PRDM1,VEGFA#PRDM1,Pericyte,0.0,0.0,109
SLC9A3,BMP2,REST,BMP2#REST,Pericyte,0.0,0.0,109
SLC9A3,PDGFD,REST,PDGFD#REST,Pericyte,0.0,0.0,109
SLC9A3,BMP2,RXRA,BMP2#RXRA,Pericyte,0.0,0.0,109
SLC9A3,BMP6,RXRA,BMP6#RXRA,Pericyte,0.0,0.0,109
SLC9A3,EGF,RXRA,EGF#RXRA,Pericyte,0.0,0.0,109
SLC9A3,CXCL12,RXRA,CXCL12#RXRA,Pericyte,0.0,0.0,109
SLC9A3,IL18,SIN3A,IL18#SIN3A,Pericyte,0.0,0.0,109
SLC9A3,CXCL12,SIN3A,CXCL12#SIN3A,Pericyte,0.0,0.0,109
SLC9A3,IL18,SMAD1,IL18#SMAD1,Pericyte,0.0,0.0,109
SLC9A3,LIF,SMC3,LIF#SMC3,Pericyte,0.0,0.0,109
SLC9A3,BMP2,SNAI1,BMP2#SNAI1,Pericyte,0.0,0.0,109
SLC9A3,BMP2,SNAI2,BMP2#SNAI2,Pericyte,0.0,0.0,109
SLC9A3,PDGFA,SP1,PDGFA#SP1,Pericyte,0.0,0.0,109
SLC9A3,CNTF,SP3,CNTF#SP3,Pericyte,0.0,0.0,109
SLC9A3,IL26,SP3,IL26#SP3,Pericyte,0.0,0.0,109
SLC9A3,IL12A,STAT3,IL12A#STAT3,Pericyte,0.0,0.0,109
SLC9A3,PDGFA,TAF1,PDGFA#TAF1,Pericyte,0.0,0.0,109
SLC9A3,IL13,TCF7L2,IL13#TCF7L2,Pericyte,0.0,0.0,109
SLC9A3,PDGFD,TCF7L2,PDGFD#TCF7L2,Pericyte,0.0,0.0,109
SLC9A3,IGF1,TCF7L2,IGF1#TCF7L2,Pericyte,0.0,0.0,109
SLC9A3,CSF1,TCF7L2,CSF1#TCF7L2,Pericyte,0.0,0.0,109
SLC9A3,BMP2,TFAP2B,BMP2#TFAP2B,Pericyte,0.0,0.0,109
SLC9A3,TGFA,TWIST2,TGFA#TWIST2,Pericyte,0.0,0.0,109
SLC9A3,IL18,ZNF449,IL18#ZNF449,Pericyte,0.0,0.0,109
SLC9A3,IL7,ZNF449,IL7#ZNF449,Pericyte,0.0,0.0,109
SLC9A3,BMP2,AR,BMP2#AR,Plasma,0.0,0.0,1230
SLC9A3,BMP2,BRCA1,BMP2#BRCA1,Plasma,0.0,0.0,1230
SLC9A3,IL18,CREB1,IL18#CREB1,Plasma,0.0,0.0,1230
SLC9A3,IL18,E2F1,IL18#E2F1,Plasma,0.0,0.0,1230
SLC9A3,VEGFA,ETS1,VEGFA#ETS1,Plasma,0.0,0.0,1230
SLC9A3,BMP2,GLIS3,BMP2#GLIS3,Plasma,0.0,0.0,1230
SLC9A3,BMP4,GLIS3,BMP4#GLIS3,Plasma,0.0,0.0,1230
SLC9A3,IL26,HDAC2,IL26#HDAC2,Plasma,0.0,0.0,1230
SLC9A3,IGF1,HNF4A,IGF1#HNF4A,Plasma,0.0,0.0,1230
SLC9A3,TGFB1,HNF4A,TGFB1#HNF4A,Plasma,0.0,0.0,1230
SLC9A3,WNT5A,HNF4A,WNT5A#HNF4A,Plasma,0.0,0.0,1230
SLC9A3,IFNB1,IRF1,IFNB1#IRF1,Plasma,0.0,0.0,1230
SLC9A3,IL18,KLF16,IL18#KLF16,Plasma,0.0,0.0,1230
SLC9A3,IFNG,KLF4,IFNG#KLF4,Plasma,0.0,0.0,1230
SLC9A3,VEGFA,KLF4,VEGFA#KLF4,Plasma,0.0,0.0,1230
SLC9A3,IL4,KLF4,IL4#KLF4,Plasma,0.0,0.0,1230
SLC9A3,TNFSF10,KLF4,TNFSF10#KLF4,Plasma,0.0,0.0,1230
SLC9A3,PDGFB,KLF4,PDGFB#KLF4,Plasma,0.0,0.0,1230
SLC9A3,WNT3A,KLF5,WNT3A#KLF5,Plasma,0.0,0.0,1230
SLC9A3,PDGFC,KLF5,PDGFC#KLF5,Plasma,0.0,0.0,1230
SLC9A3,INHBA,KLF5,INHBA#KLF5,Plasma,0.0,0.0,1230
SLC9A3,BMP6,KLF5,BMP6#KLF5,Plasma,0.0,0.0,1230
SLC9A3,PDGFB,KLF5,PDGFB#KLF5,Plasma,0.0,0.0,1230
SLC9A3,PDGFD,MEF2A,PDGFD#MEF2A,Plasma,0.0,0.0,1230
SLC9A3,SHH,MEF2A,SHH#MEF2A,Plasma,0.0,0.0,1230
SLC9A3,IL26,MEF2A,IL26#MEF2A,Plasma,0.0,0.0,1230
SLC9A3,VEGFA,MEF2C,VEGFA#MEF2C,Plasma,0.0,0.0,1230
SLC9A3,CXCL12,NR3C2,CXCL12#NR3C2,Plasma,0.0,0.0,1230
SLC9A3,CXCL12,OVOL2,CXCL12#OVOL2,Plasma,0.0,0.0,1230
SLC9A3,VEGFA,PRDM1,VEGFA#PRDM1,Plasma,0.0,0.0,1230
SLC9A3,BMP2,REST,BMP2#REST,Plasma,0.0,0.0,1230
SLC9A3,PDGFD,REST,PDGFD#REST,Plasma,0.0,0.0,1230
SLC9A3,BMP2,RXRA,BMP2#RXRA,Plasma,0.0,0.0,1230
SLC9A3,BMP6,RXRA,BMP6#RXRA,Plasma,0.0,0.0,1230
SLC9A3,EGF,RXRA,EGF#RXRA,Plasma,0.0,0.0,1230
SLC9A3,CXCL12,RXRA,CXCL12#RXRA,Plasma,0.0,0.0,1230
SLC9A3,IL18,SIN3A,IL18#SIN3A,Plasma,0.0,0.0,1230
SLC9A3,CXCL12,SIN3A,CXCL12#SIN3A,Plasma,0.0,0.0,1230
SLC9A3,IL18,SMAD1,IL18#SMAD1,Plasma,0.0,0.0,1230
SLC9A3,LIF,SMC3,LIF#SMC3,Plasma,0.0,0.0,1230
SLC9A3,BMP2,SNAI1,BMP2#SNAI1,Plasma,0.0,0.0,1230
SLC9A3,BMP2,SNAI2,BMP2#SNAI2,Plasma,0.0,0.0,1230
SLC9A3,PDGFA,SP1,PDGFA#SP1,Plasma,0.0,0.0,1230
SLC9A3,CNTF,SP3,CNTF#SP3,Plasma,0.0,0.0,1230
SLC9A3,IL26,SP3,IL26#SP3,Plasma,0.0,0.0,1230
SLC9A3,IL12A,STAT3,IL12A#STAT3,Plasma,0.0,0.0,1230
SLC9A3,PDGFA,TAF1,PDGFA#TAF1,Plasma,0.0,0.0,1230
SLC9A3,IL13,TCF7L2,IL13#TCF7L2,Plasma,0.0,0.0,1230
SLC9A3,PDGFD,TCF7L2,PDGFD#TCF7L2,Plasma,0.0,0.0,1230
SLC9A3,IGF1,TCF7L2,IGF1#TCF7L2,Plasma,0.0,0.0,1230
SLC9A3,CSF1,TCF7L2,CSF1#TCF7L2,Plasma,0.0,0.0,1230
SLC9A3,BMP2,TFAP2B,BMP2#TFAP2B,Plasma,0.0,0.0,1230
SLC9A3,TGFA,TWIST2,TGFA#TWIST2,Plasma,0.0,0.0,1230
SLC9A3,IL18,ZNF449,IL18#ZNF449,Plasma,0.0,0.0,1230
SLC9A3,IL7,ZNF449,IL7#ZNF449,Plasma,0.0,0.0,1230
SLC9A3,BMP2,AR,BMP2#AR,T,0.0,0.0,632
SLC9A3,BMP2,BRCA1,BMP2#BRCA1,T,0.0,0.0,632
SLC9A3,IL18,CREB1,IL18#CREB1,T,0.0,0.0,632
SLC9A3,IL18,E2F1,IL18#E2F1,T,0.0,0.0,632
SLC9A3,VEGFA,ETS1,VEGFA#ETS1,T,0.0,0.0,632
SLC9A3,BMP2,GLIS3,BMP2#GLIS3,T,0.0,0.0,632
SLC9A3,BMP4,GLIS3,BMP4#GLIS3,T,0.0,0.0,632
SLC9A3,IL26,HDAC2,IL26#HDAC2,T,0.0,0.0,632
SLC9A3,IGF1,HNF4A,IGF1#HNF4A,T,0.0,0.0,632
SLC9A3,TGFB1,HNF4A,TGFB1#HNF4A,T,0.0,0.0,632
SLC9A3,WNT5A,HNF4A,WNT5A#HNF4A,T,0.0,0.0,632
SLC9A3,IFNB1,IRF1,IFNB1#IRF1,T,0.0,0.0,632
SLC9A3,IL18,KLF16,IL18#KLF16,T,0.0,0.0,632
SLC9A3,IFNG,KLF4,IFNG#KLF4,T,0.0,0.0,632
SLC9A3,VEGFA,KLF4,VEGFA#KLF4,T,0.0,0.0,632
SLC9A3,IL4,KLF4,IL4#KLF4,T,0.0,0.0,632
SLC9A3,TNFSF10,KLF4,TNFSF10#KLF4,T,0.0,0.0,632
SLC9A3,PDGFB,KLF4,PDGFB#KLF4,T,0.0,0.0,632
SLC9A3,WNT3A,KLF5,WNT3A#KLF5,T,0.0,0.0,632
SLC9A3,PDGFC,KLF5,PDGFC#KLF5,T,0.0,0.0,632
SLC9A3,INHBA,KLF5,INHBA#KLF5,T,0.0,0.0,632
SLC9A3,BMP6,KLF5,BMP6#KLF5,T,0.0,0.0,632
SLC9A3,PDGFB,KLF5,PDGFB#KLF5,T,0.0,0.0,632
SLC9A3,PDGFD,MEF2A,PDGFD#MEF2A,T,0.0,0.0,632
SLC9A3,SHH,MEF2A,SHH#MEF2A,T,0.0,0.0,632
SLC9A3,IL26,MEF2A,IL26#MEF2A,T,0.0,0.0,632
SLC9A3,VEGFA,MEF2C,VEGFA#MEF2C,T,0.0,0.0,632
SLC9A3,CXCL12,NR3C2,CXCL12#NR3C2,T,0.0,0.0,632
SLC9A3,CXCL12,OVOL2,CXCL12#OVOL2,T,0.0,0.0,632
SLC9A3,VEGFA,PRDM1,VEGFA#PRDM1,T,0.0,0.0,632
SLC9A3,BMP2,REST,BMP2#REST,T,0.0,0.0,632
SLC9A3,PDGFD,REST,PDGFD#REST,T,0.0,0.0,632
SLC9A3,BMP2,RXRA,BMP2#RXRA,T,0.0,0.0,632
SLC9A3,BMP6,RXRA,BMP6#RXRA,T,0.0,0.0,632
SLC9A3,EGF,RXRA,EGF#RXRA,T,0.0,0.0,632
SLC9A3,CXCL12,RXRA,CXCL12#RXRA,T,0.0,0.0,632
SLC9A3,IL18,SIN3A,IL18#SIN3A,T,0.0,0.0,632
SLC9A3,CXCL12,SIN3A,CXCL12#SIN3A,T,0.0,0.0,632
SLC9A3,IL18,SMAD1,IL18#SMAD1,T,0.0,0.0,632
SLC9A3,LIF,SMC3,LIF#SMC3,T,0.0,0.0,632
SLC9A3,BMP2,SNAI1,BMP2#SNAI1,T,0.0,0.0,632
SLC9A3,BMP2,SNAI2,BMP2#SNAI2,T,0.0,0.0,632
SLC9A3,PDGFA,SP1,PDGFA#SP1,T,0.0,0.0,632
SLC9A3,CNTF,SP3,CNTF#SP3,T,0.0,0.0,632
SLC9A3,IL26,SP3,IL26#SP3,T,0.0,0.0,632
SLC9A3,IL12A,STAT3,IL12A#STAT3,T,0.0,0.0,632
SLC9A3,PDGFA,TAF1,PDGFA#TAF1,T,0.0,0.0,632
SLC9A3,IL13,TCF7L2,IL13#TCF7L2,T,0.0,0.0,632
SLC9A3,PDGFD,TCF7L2,PDGFD#TCF7L2,T,0.0,0.0,632
SLC9A3,IGF1,TCF7L2,IGF1#TCF7L2,T,0.0,0.0,632
SLC9A3,CSF1,TCF7L2,CSF1#TCF7L2,T,0.0,0.0,632
SLC9A3,BMP2,TFAP2B,BMP2#TFAP2B,T,0.0,0.0,632
SLC9A3,TGFA,TWIST2,TGFA#TWIST2,T,0.0,0.0,632
SLC9A3,IL18,ZNF449,IL18#ZNF449,T,0.0,0.0,632
SLC9A3,IL7,ZNF449,IL7#ZNF449,T,0.0,0.0,632
