sample_id,metabolite,n_gene_pairs,transporter_genes,global_significant,global_FDR_np,n_sig_gene_pairs_global,25_06_11_ICI_5K_Coarse_annotations_n_sig_pairs,25_06_11_ICI_5K_Coarse_annotations_interactions,25_06_11_ICI_5K_Coarse_annotations_within_Tcell,25_06_11_ICI_5K_Coarse_annotations_Tcell_interfaces,25_06_11_ICI_5K_Coarse_annotations_tcell_involved
13473_HS4_UC-Slice_1,"(3a,5b,7a)-23-Carboxy-7-hydroxy-24-norcholan-3-yl-b-D-Glucopyranosiduronic acid",10,"ABCC3, SLC10A1, SLCO1B1, SLCO1B3",True,0.0019249043103716,1,2,IEC (self) (2.0e-02); IEC–T (3.0e-02),IEC (self) (2.0e-02),IEC–T (3.0e-02),True
13473_HS4_UC-Slice_1,17a-Ethynylestradiol,6,"ABCB1, ABCC2, SLC10A1",True,0.0019249043103716,1,1,IEC (self) (2.2e-03),IEC (self) (2.2e-03),,True
13473_HS4_UC-Slice_1,"1b,3a,12a-Trihydroxy-5b-cholanoic acid",10,"ABCC3, SLC10A1, SLCO1B1, SLCO1B3",True,0.0019249043103716,1,2,IEC (self) (2.0e-02); IEC–T (3.0e-02),IEC (self) (2.0e-02),IEC–T (3.0e-02),True
13473_HS4_UC-Slice_1,2-Hydroxychlorpropamide,3,"ABCB1, SLC15A1",True,0.0019249043103716,3,1,IEC (self) (2.2e-03),IEC (self) (2.2e-03),,True
13473_HS4_UC-Slice_1,25-Hydroxycholesterol,1,ABCA1,True,0.0019249043103716,1,6,IEC (self) (2.1e-02); T (self) (3.1e-02); Enteric_glia–Fibroblast (3.4e-02); Myofibroblast–Plasma (3.4e-02); MNP (self) (4.6e-02); IEC–MNP (4.8e-02),IEC (self) (2.1e-02); T (self) (3.1e-02); MNP (self) (4.6e-02),Enteric_glia–Fibroblast (3.4e-02); Myofibroblast–Plasma (3.4e-02); IEC–MNP (4.8e-02),True
13473_HS4_UC-Slice_1,"3',4'-Dihydrodiol",3,"ABCB1, ABCC2",True,0.0019249043103716,1,1,IEC (self) (2.2e-03),IEC (self) (2.2e-03),,True
13473_HS4_UC-Slice_1,3-Sulfodeoxycholic acid,10,"ABCC3, SLC10A1, SLCO1B1, SLCO1B3",True,0.0019249043103716,1,2,IEC (self) (2.0e-02); IEC–T (3.0e-02),IEC (self) (2.0e-02),IEC–T (3.0e-02),True
13473_HS4_UC-Slice_1,"3alpha,7alpha-Dihydroxycoprostanic acid",10,"ABCC3, SLC10A1, SLCO1B1, SLCO1B3",True,0.0019249043103716,1,2,IEC (self) (2.0e-02); IEC–T (3.0e-02),IEC (self) (2.0e-02),IEC–T (3.0e-02),True
13473_HS4_UC-Slice_1,3b-Hydroxy-5-cholenoic acid,10,"ABCC3, SLC10A1, SLCO1B1, SLCO1B3",True,0.0019249043103716,1,2,IEC (self) (2.0e-02); IEC–T (3.0e-02),IEC (self) (2.0e-02),IEC–T (3.0e-02),True
13473_HS4_UC-Slice_1,4'-Hydroxydiclofenac,6,"ABCB1, ABCC1, ABCC4",True,0.0019249043103716,1,1,IEC (self) (2.2e-03),IEC (self) (2.2e-03),,True
13473_HS4_UC-Slice_1,4-Hydroxycyclophosphamide,1,ABCB1,True,0.0019249043103716,1,1,IEC (self) (2.2e-03),IEC (self) (2.2e-03),,True
13473_HS4_UC-Slice_1,4-Hydroxyvalsartan,3,"SLCO1B1, SLCO1B3",True,0.0373390028553624,0,0,,,,False
13473_HS4_UC-Slice_1,4-ene-Valproic acid,3,"SLC16A1, SLC22A5",True,0.0019249043103716,3,5,Endothelial–Fibroblast (2.2e-03); IEC (self) (2.2e-03); MAST–Plasma (2.1e-02); MNP–Plasma (3.8e-02); T (self) (4.6e-02),IEC (self) (2.2e-03); T (self) (4.6e-02),Endothelial–Fibroblast (2.2e-03); MAST–Plasma (2.1e-02); MNP–Plasma (3.8e-02),True
13473_HS4_UC-Slice_1,5-Hydroxyomeprazole,6,"ABCB1, ABCC3, ABCG2",True,0.0019249043103716,6,2,IEC (self) (2.2e-03); Endothelial (self) (2.6e-02),IEC (self) (2.2e-03); Endothelial (self) (2.6e-02),,True
13473_HS4_UC-Slice_1,5-Methyltetrahydrofolic acid,1,FOLR1,False,0.1911482898467177,0,0,,,,False
13473_HS4_UC-Slice_1,8-Hydroxycarvedilol,1,ABCB1,True,0.0019249043103716,1,1,IEC (self) (2.2e-03),IEC (self) (2.2e-03),,True
13473_HS4_UC-Slice_1,ADP,3,"ATP7A, ATP7B",False,0.2423015605462225,0,0,,,,False
13473_HS4_UC-Slice_1,Acetate,6,"SLC16A1, SLC16A4, SLCO2B1",True,0.0019249043103716,3,5,IEC (self) (2.2e-03); Fibroblast–Myofibroblast (4.1e-03); MAST–T (2.9e-02); IEC–Plasma (3.4e-02); IEC–T (4.6e-02),IEC (self) (2.2e-03),Fibroblast–Myofibroblast (4.1e-03); MAST–T (2.9e-02); IEC–Plasma (3.4e-02); IEC–T (4.6e-02),True
13473_HS4_UC-Slice_1,Acetyl-L-Carnitine,3,"SLC22A5, SLC22A8",True,0.0019249043103716,1,3,IEC (self) (2.2e-03); MAST–Plasma (2.1e-02); Fibroblast–Plasma (4.6e-02),IEC (self) (2.2e-03),MAST–Plasma (2.1e-02); Fibroblast–Plasma (4.6e-02),True
13473_HS4_UC-Slice_1,Acetylcholine,1,SLC22A1,False,0.1980201517993753,0,0,,,,False
13473_HS4_UC-Slice_1,Adenine,1,SLC29A3,False,0.543024139617806,0,0,,,,False
13473_HS4_UC-Slice_1,Adenosine,1,SLC29A1,False,0.6302948492724879,0,0,,,,False
13473_HS4_UC-Slice_1,Adenosine diphosphate ribose,1,CD38,True,0.0019249043103716,1,1,MNP–Muscularis_mucosa (2.2e-03),,MNP–Muscularis_mucosa (2.2e-03),True
13473_HS4_UC-Slice_1,Adenosine triphosphate,6,"ATP7A, ATP7B, TAP1",True,0.0055708997499416,1,2,IEC (self) (2.2e-03); Fibroblast–Myofibroblast (3.3e-02),IEC (self) (2.2e-03),Fibroblast–Myofibroblast (3.3e-02),True
13473_HS4_UC-Slice_1,Adenosylcobalamin,1,CUBN,False,0.3182301466022768,0,0,,,,False
13473_HS4_UC-Slice_1,Amiloride-sensitive sodium transport,3,"SCNN1A, SCNN1G",True,0.0019249043103716,1,2,IEC (self) (2.2e-03); IEC–MNP (3.5e-02),IEC (self) (2.2e-03),IEC–MNP (3.5e-02),True
13473_HS4_UC-Slice_1,Ammonium,1,RHAG,False,0.1453398095794243,0,0,,,,False
13473_HS4_UC-Slice_1,Anion exchange,3,"SLC26A2, SLC26A3",True,0.0019249043103716,3,9,Fibroblast–IEC (2.2e-03); Fibroblast–T (2.2e-03); IEC (self) (2.2e-03); IEC–MAST (2.2e-03); IEC–T (2.2e-03); IEC–MNP (8.9e-03); Endothelial (self) (2.8e-02); MAST–T (3.9e-02); Fibroblast–MAST (4.1e-02),IEC (self) (2.2e-03); Endothelial (self) (2.8e-02),Fibroblast–IEC (2.2e-03); Fibroblast–T (2.2e-03); IEC–MAST (2.2e-03); IEC–T (2.2e-03); IEC–MNP (8.9e-03); MAST–T (3.9e-02); Fibroblast–MAST (4.1e-02),True
13473_HS4_UC-Slice_1,Betaine,1,SLC6A12,False,0.1341658250987529,0,0,,,,False
13473_HS4_UC-Slice_1,Bilirubin,3,"ABCC2, SLCO1B1",False,0.8641358613967896,0,0,,,,False
13473_HS4_UC-Slice_1,Butyrate,1,SLC16A1,True,0.0019249043103716,1,4,IEC (self) (2.2e-03); IEC–Plasma (1.0e-02); Endothelial–Fibroblast (1.3e-02); IEC–T (4.0e-02),IEC (self) (2.2e-03),IEC–Plasma (1.0e-02); Endothelial–Fibroblast (1.3e-02); IEC–T (4.0e-02),True
13473_HS4_UC-Slice_1,Cadmium,1,SLC39A8,True,0.0019249043103716,1,1,IEC (self) (4.0e-02),IEC (self) (4.0e-02),,True
13473_HS4_UC-Slice_1,Calcidiol,3,"CUBN, LRP2",False,0.7149935787087245,0,0,,,,False
13473_HS4_UC-Slice_1,Calcium,1,CUBN,False,0.3182301466022768,0,0,,,,False
13473_HS4_UC-Slice_1,Calcium release-activated calcium transport,1,ORAI3,False,0.5512869217816521,0,0,,,,False
13473_HS4_UC-Slice_1,Chenodeoxycholic acid,10,"ABCC3, SLC10A1, SLCO1B1, SLCO1B3",True,0.0019249043103716,1,2,IEC (self) (2.0e-02); IEC–T (3.0e-02),IEC (self) (2.0e-02),IEC–T (3.0e-02),True
13473_HS4_UC-Slice_1,Chenodeoxycholic acid 3-sulfate,10,"ABCC3, SLC10A1, SLCO1B1, SLCO1B3",True,0.0019249043103716,1,2,IEC (self) (2.0e-02); IEC–T (3.0e-02),IEC (self) (2.0e-02),IEC–T (3.0e-02),True
13473_HS4_UC-Slice_1,Chloride,3,"CLCN3, CLCN5",True,0.0037581465107255,1,2,Fibroblast–Myofibroblast (2.8e-02); Fibroblast–MAST (3.3e-02),,Fibroblast–Myofibroblast (2.8e-02); Fibroblast–MAST (3.3e-02),True
13473_HS4_UC-Slice_1,Chloride ion,6,"SLC12A2, SLC12A6, SLC5A7",True,0.0019249043103716,1,7,IEC (self) (2.2e-03); IEC–MAST (2.2e-03); IEC–T (2.2e-03); Fibroblast–IEC (4.1e-03); IEC–Muscularis_mucosa (1.5e-02); Enteric_glia–IEC (1.7e-02); Fibroblast–Muscularis_mucosa (4.0e-02),IEC (self) (2.2e-03),IEC–MAST (2.2e-03); IEC–T (2.2e-03); Fibroblast–IEC (4.1e-03); IEC–Muscularis_mucosa (1.5e-02); Enteric_glia–IEC (1.7e-02); Fibroblast–Muscularis_mucosa (4.0e-02),True
13473_HS4_UC-Slice_1,Chloride_bicarbonate anion exchange,1,SLC4A1,False,0.2607826911884805,0,0,,,,False
13473_HS4_UC-Slice_1,Cholesterol,6,"ABCB1, ABCG2, CD36",True,0.0019249043103716,4,2,IEC (self) (2.2e-03); Endothelial–MNP (1.9e-02),IEC (self) (2.2e-03),Endothelial–MNP (1.9e-02),True
13473_HS4_UC-Slice_1,Cholic acid,36,"ABCB1, ABCC1, ABCC2, ABCC3, ABCC4, SLC10A1, SLCO1B1, SLCO1B3",True,0.0019249043103716,3,1,IEC (self) (2.2e-03),IEC (self) (2.2e-03),,True
13473_HS4_UC-Slice_1,Choline,10,"SLC22A1, SLC22A2, SLC22A5, SLC5A7",True,0.0019249043103716,1,3,IEC (self) (2.2e-03); MAST–Plasma (2.1e-02); Fibroblast–Plasma (4.6e-02),IEC (self) (2.2e-03),MAST–Plasma (2.1e-02); Fibroblast–Plasma (4.6e-02),True
13473_HS4_UC-Slice_1,Citric acid,1,SLCO2B1,True,0.0019249043103716,1,4,IEC–MNP (1.5e-02); Fibroblast–Myofibroblast (1.6e-02); MAST–T (2.9e-02); IEC (self) (3.9e-02),IEC (self) (3.9e-02),IEC–MNP (1.5e-02); Fibroblast–Myofibroblast (1.6e-02); MAST–T (2.9e-02),True
13473_HS4_UC-Slice_1,Cobalamin,1,CUBN,False,0.3182301466022768,0,0,,,,False
13473_HS4_UC-Slice_1,Coprocholic acid,10,"ABCC3, SLC10A1, SLCO1B1, SLCO1B3",True,0.0019249043103716,1,2,IEC (self) (2.0e-02); IEC–T (3.0e-02),IEC (self) (2.0e-02),IEC–T (3.0e-02),True
13473_HS4_UC-Slice_1,Cortisol,3,"ABCB1, ABCG2",True,0.0019249043103716,3,2,IEC (self) (2.2e-03); Endothelial (self) (2.6e-02),IEC (self) (2.2e-03); Endothelial (self) (2.6e-02),,True
13473_HS4_UC-Slice_1,Creatine,1,SLC22A5,True,0.0019249043103716,1,3,IEC (self) (2.2e-03); MAST–Plasma (2.1e-02); Fibroblast–Plasma (4.6e-02),IEC (self) (2.2e-03),MAST–Plasma (2.1e-02); Fibroblast–Plasma (4.6e-02),True
13473_HS4_UC-Slice_1,Cyclic AMP,1,ABCC4,False,0.574590842500865,0,0,,,,False
13473_HS4_UC-Slice_1,Cytidine,1,SLC29A1,False,0.6302948492724879,0,0,,,,False
13473_HS4_UC-Slice_1,D-Aspartate,3,"SLC1A2, SLC1A3",False,0.3052484629567989,0,0,,,,False
13473_HS4_UC-Slice_1,D-Fructose,1,SLC2A2,False,0.1906018456760442,0,0,,,,False
13473_HS4_UC-Slice_1,D-Galactose,6,"SLC2A1, SLC2A2, SLC2A3",False,0.2198515715343611,0,0,,,,False
13473_HS4_UC-Slice_1,D-Glucose,15,"SLC2A1, SLC2A2, SLC2A3, SLC2A4, SLC2A9",False,0.622413029061987,0,0,,,,False
13473_HS4_UC-Slice_1,D-Lactate,1,SLC16A1,True,0.0019249043103716,1,4,IEC (self) (2.2e-03); IEC–Plasma (1.0e-02); Endothelial–Fibroblast (1.3e-02); IEC–T (4.0e-02),IEC (self) (2.2e-03),IEC–Plasma (1.0e-02); Endothelial–Fibroblast (1.3e-02); IEC–T (4.0e-02),True
13473_HS4_UC-Slice_1,D-Maltose,1,SLC2A3,False,0.1906018456760442,0,0,,,,False
13473_HS4_UC-Slice_1,D-Mannose,6,"SLC2A1, SLC2A2, SLC2A3",False,0.2198515715343611,0,0,,,,False
13473_HS4_UC-Slice_1,D-Xylose,1,SLC2A3,False,0.1906018456760442,0,0,,,,False
13473_HS4_UC-Slice_1,Debrisoquine,1,SLC22A2,False,0.2423015605462225,0,0,,,,False
13473_HS4_UC-Slice_1,Dehydroascorbic acid,6,"SLC2A1, SLC2A3, SLC2A4",False,0.0885848792231812,0,0,,,,False
13473_HS4_UC-Slice_1,Dehydroepiandrosterone,3,"SLCO1B1, SLCO1B3",True,0.0373390028553624,0,0,,,,False
13473_HS4_UC-Slice_1,Deoxycholic acid,10,"ABCC3, SLC10A1, SLCO1B1, SLCO1B3",True,0.0019249043103716,1,2,IEC (self) (2.0e-02); IEC–T (3.0e-02),IEC (self) (2.0e-02),IEC–T (3.0e-02),True
13473_HS4_UC-Slice_1,Digoxin,1,SLCO1B1,False,0.3915464180384495,0,0,,,,False
13473_HS4_UC-Slice_1,Docosahexaenoic acid,6,"SLC2A1, SLC2A3, SLC2A4",False,0.0885848792231812,0,0,,,,False
13473_HS4_UC-Slice_1,Dopamine,10,"SLC22A1, SLC22A2, SLC22A5, SLC6A3",True,0.0019249043103716,1,3,IEC (self) (2.2e-03); MAST–Plasma (2.1e-02); Fibroblast–Plasma (4.6e-02),IEC (self) (2.2e-03),MAST–Plasma (2.1e-02); Fibroblast–Plasma (4.6e-02),True
13473_HS4_UC-Slice_1,E-3179,1,ABCB1,True,0.0019249043103716,1,1,IEC (self) (2.2e-03),IEC (self) (2.2e-03),,True
13473_HS4_UC-Slice_1,Estradiol,21,"ABCB1, ABCG2, SLC22A1, SLC22A2, SLCO1B1, SLCO2B1",True,0.0019249043103716,5,3,IEC (self) (2.2e-03); IEC–MNP (1.0e-02); Fibroblast–Myofibroblast (1.6e-02),IEC (self) (2.2e-03),IEC–MNP (1.0e-02); Fibroblast–Myofibroblast (1.6e-02),True
13473_HS4_UC-Slice_1,Estriol,1,ABCB1,True,0.0019249043103716,1,1,IEC (self) (2.2e-03),IEC (self) (2.2e-03),,True
13473_HS4_UC-Slice_1,Estrone,1,SLCO1B1,False,0.3915464180384495,0,0,,,,False
13473_HS4_UC-Slice_1,Estrone sulfate,1,SLCO1B1,False,0.3915464180384495,0,0,,,,False
13473_HS4_UC-Slice_1,Ethanol,3,"CHRNA5, SLC29A1",False,0.7840186169272975,0,0,,,,False
13473_HS4_UC-Slice_1,Fatty acid,10,"CD36, CPT1A, FABP5, MSR1",True,0.0019249043103716,5,11,IEC (self) (2.2e-03); IEC–T (4.1e-03); MNP (self) (5.9e-03); Endothelial–Plasma (7.5e-03); Fibroblast–IEC (1.6e-02); Enteric_glia–T (3.0e-02); IEC–MAST (3.3e-02); Fibroblast (self) (3.5e-02); MAST–Myofibroblast (3.6e-02); Endothelial–MNP (4.1e-02); T (self) (4.9e-02),IEC (self) (2.2e-03); MNP (self) (5.9e-03); Fibroblast (self) (3.5e-02); T (self) (4.9e-02),IEC–T (4.1e-03); Endothelial–Plasma (7.5e-03); Fibroblast–IEC (1.6e-02); Enteric_glia–T (3.0e-02); IEC–MAST (3.3e-02); MAST–Myofibroblast (3.6e-02); Endothelial–MNP (4.1e-02),True
13473_HS4_UC-Slice_1,Folic acid,21,"ABCC3, ABCC4, ABCG2, FOLR1, FOLR2, SLC19A1",True,0.0019249043103716,3,2,IEC (self) (2.2e-03); Endothelial (self) (1.2e-02),IEC (self) (2.2e-03); Endothelial (self) (1.2e-02),,True
13473_HS4_UC-Slice_1,Folinic acid,6,"ABCC2, ABCC3, ABCC4",True,0.0125556260516697,1,2,IEC (self) (2.0e-02); IEC–T (3.0e-02),IEC (self) (2.0e-02),IEC–T (3.0e-02),True
13473_HS4_UC-Slice_1,Fusidic Acid,1,ABCC2,False,0.5512869217816521,0,0,,,,False
13473_HS4_UC-Slice_1,GABA,3,"SLC6A1, SLC6A12",False,0.3649310574531555,0,0,,,,False
13473_HS4_UC-Slice_1,Glucosamine,6,"SLC2A1, SLC2A2, SLC2A4",False,0.089284451922985,0,0,,,,False
13473_HS4_UC-Slice_1,Glutathione,10,"ABCC1, ABCC2, ABCC3, ABCC4",False,0.1911482898467177,1,2,IEC (self) (2.0e-02); IEC–T (3.0e-02),IEC (self) (2.0e-02),IEC–T (3.0e-02),True
13473_HS4_UC-Slice_1,Glycerol,1,ABCB1,True,0.0019249043103716,1,1,IEC (self) (2.2e-03),IEC (self) (2.2e-03),,True
13473_HS4_UC-Slice_1,Glycochenodeoxycholate-3-sulfate,10,"ABCC3, SLC10A1, SLCO1B1, SLCO1B3",True,0.0019249043103716,1,2,IEC (self) (2.0e-02); IEC–T (3.0e-02),IEC (self) (2.0e-02),IEC–T (3.0e-02),True
13473_HS4_UC-Slice_1,Glycyl-glycine,1,SLC15A1,True,0.0019249043103716,1,1,IEC (self) (2.2e-03),IEC (self) (2.2e-03),,True
13473_HS4_UC-Slice_1,Guanosine,1,SLC29A1,False,0.6302948492724879,0,0,,,,False
13473_HS4_UC-Slice_1,Heme,3,"LRP1, TRPV6",False,0.4018903966133411,0,0,,,,False
13473_HS4_UC-Slice_1,Histamine,3,"SLC22A2, SLC22A5",True,0.0019249043103716,1,3,IEC (self) (2.2e-03); MAST–Plasma (2.1e-02); Fibroblast–Plasma (4.6e-02),IEC (self) (2.2e-03),MAST–Plasma (2.1e-02); Fibroblast–Plasma (4.6e-02),True
13473_HS4_UC-Slice_1,Hydroxycelecoxib,1,ABCC4,False,0.574590842500865,0,0,,,,False
13473_HS4_UC-Slice_1,Hydroxylansoprazole,3,"ABCB1, ABCG2",True,0.0019249043103716,3,2,IEC (self) (2.2e-03); Endothelial (self) (2.6e-02),IEC (self) (2.2e-03); Endothelial (self) (2.6e-02),,True
13473_HS4_UC-Slice_1,Hyodeoxycholic acid,10,"ABCC3, SLC10A1, SLCO1B1, SLCO1B3",True,0.0019249043103716,1,2,IEC (self) (2.0e-02); IEC–T (3.0e-02),IEC (self) (2.0e-02),IEC–T (3.0e-02),True
13473_HS4_UC-Slice_1,Inosine,1,SLC29A1,False,0.6302948492724879,0,0,,,,False
13473_HS4_UC-Slice_1,Iron,15,"CUBN, SLC11A1, SLC11A2, SLC3A2, SLC40A1",True,0.0019249043103716,2,2,IEC (self) (2.2e-03); Enteric_glia–Fibroblast (2.8e-02),IEC (self) (2.2e-03),Enteric_glia–Fibroblast (2.8e-02),True
13473_HS4_UC-Slice_1,Isoursodeoxycholic acid,10,"ABCC3, SLC10A1, SLCO1B1, SLCO1B3",True,0.0019249043103716,1,2,IEC (self) (2.0e-02); IEC–T (3.0e-02),IEC (self) (2.0e-02),IEC–T (3.0e-02),True
13473_HS4_UC-Slice_1,Ketone bodies,1,SLC16A1,True,0.0019249043103716,1,4,IEC (self) (2.2e-03); IEC–Plasma (1.0e-02); Endothelial–Fibroblast (1.3e-02); IEC–T (4.0e-02),IEC (self) (2.2e-03),IEC–Plasma (1.0e-02); Endothelial–Fibroblast (1.3e-02); IEC–T (4.0e-02),True
13473_HS4_UC-Slice_1,L-Alanine,1,SLC1A5,False,0.2661914234444246,0,0,,,,False
13473_HS4_UC-Slice_1,L-Arginine,3,"SLC3A1, SLC7A5",True,0.0019249043103716,1,2,Enteric_glia–T (2.2e-03); IEC (self) (2.2e-03),IEC (self) (2.2e-03),Enteric_glia–T (2.2e-03),True
13473_HS4_UC-Slice_1,L-Asparagine,1,SLC1A5,False,0.2661914234444246,0,0,,,,False
13473_HS4_UC-Slice_1,L-Aspartate,3,"SLC1A2, SLC1A3",False,0.3052484629567989,0,0,,,,False
13473_HS4_UC-Slice_1,L-Carnitine,15,"SLC16A9, SLC22A4, SLC22A5, SLC22A8, SLCO1B1",True,0.0019249043103716,4,2,IEC (self) (2.2e-03); MAST–Plasma (4.0e-02),IEC (self) (2.2e-03),MAST–Plasma (4.0e-02),True
13473_HS4_UC-Slice_1,L-Cysteine,3,"SLC1A5, SLC7A11",False,0.1911482898467177,0,0,,,,False
13473_HS4_UC-Slice_1,L-Cystine,6,"SLC3A1, SLC3A2, SLC7A11",True,0.0019249043103716,1,2,Enteric_glia–T (2.2e-03); IEC (self) (2.2e-03),IEC (self) (2.2e-03),Enteric_glia–T (2.2e-03),True
13473_HS4_UC-Slice_1,L-Dopa,1,SLC15A1,True,0.0019249043103716,1,1,IEC (self) (2.2e-03),IEC (self) (2.2e-03),,True
13473_HS4_UC-Slice_1,L-Glutamate,28,"SLC16A1, SLC1A1, SLC1A2, SLC1A3, SLC1A5, SLC3A2, SLC7A11",False,0.0885848792231812,2,4,IEC (self) (2.2e-03); Endothelial–Fibroblast (2.1e-02); IEC–Plasma (2.6e-02); IEC–T (4.0e-02),IEC (self) (2.2e-03),Endothelial–Fibroblast (2.1e-02); IEC–Plasma (2.6e-02); IEC–T (4.0e-02),True
13473_HS4_UC-Slice_1,L-Glutamine,15,"SLC1A5, SLC38A7, SLC3A2, SLC7A5, SLC7A7",False,0.6493774524471103,0,0,,,,False
13473_HS4_UC-Slice_1,L-Histidine,1,SLC7A5,False,0.8438484638165205,0,0,,,,False
13473_HS4_UC-Slice_1,L-Lactate,3,"SLC16A1, SLC16A4",True,0.0019249043103716,1,4,IEC (self) (2.2e-03); IEC–Plasma (1.0e-02); Endothelial–Fibroblast (1.3e-02); IEC–T (4.0e-02),IEC (self) (2.2e-03),IEC–Plasma (1.0e-02); Endothelial–Fibroblast (1.3e-02); IEC–T (4.0e-02),True
13473_HS4_UC-Slice_1,L-Leucine,6,"SLC1A5, SLC3A2, SLC7A5",False,0.6818781097730001,0,0,,,,False
13473_HS4_UC-Slice_1,L-Lysine,1,SLC3A1,True,0.0019249043103716,1,2,Enteric_glia–T (2.2e-03); IEC (self) (2.2e-03),IEC (self) (2.2e-03),Enteric_glia–T (2.2e-03),True
13473_HS4_UC-Slice_1,L-Methionine,1,SLC7A5,False,0.8438484638165205,0,0,,,,False
13473_HS4_UC-Slice_1,L-Ornithine,1,SLC3A1,True,0.0019249043103716,1,2,Enteric_glia–T (2.2e-03); IEC (self) (2.2e-03),IEC (self) (2.2e-03),Enteric_glia–T (2.2e-03),True
13473_HS4_UC-Slice_1,L-Phenylalanine,1,SLC7A5,False,0.8438484638165205,0,0,,,,False
13473_HS4_UC-Slice_1,L-Serine,3,"SLC1A5, SLC3A2",False,0.6493774524471103,0,0,,,,False
13473_HS4_UC-Slice_1,L-Threonine,1,SLC1A5,False,0.2661914234444246,0,0,,,,False
13473_HS4_UC-Slice_1,L-Tyrosine,1,SLC7A5,False,0.8438484638165205,0,0,,,,False
13473_HS4_UC-Slice_1,Leukotriene C4,1,ABCC1,False,0.5530236076264486,0,0,,,,False
13473_HS4_UC-Slice_1,Lithocholic acid,10,"ABCC3, SLC10A1, SLCO1B1, SLCO1B3",True,0.0019249043103716,1,2,IEC (self) (2.0e-02); IEC–T (3.0e-02),IEC (self) (2.0e-02),IEC–T (3.0e-02),True
13473_HS4_UC-Slice_1,Malic acid,1,SLC1A3,False,0.1485573266651116,0,0,,,,False
13473_HS4_UC-Slice_1,Manganese,3,"SLC11A1, SLC39A8",True,0.0037581465107255,1,1,IEC (self) (4.0e-02),IEC (self) (4.0e-02),,True
13473_HS4_UC-Slice_1,N-Desmethylcitalopram,3,"ABCB1, SLC6A4",True,0.0019249043103716,1,1,IEC (self) (2.2e-03),IEC (self) (2.2e-03),,True
13473_HS4_UC-Slice_1,N-Desmethyleletriptan,1,ABCB1,True,0.0019249043103716,1,1,IEC (self) (2.2e-03),IEC (self) (2.2e-03),,True
13473_HS4_UC-Slice_1,N-Desmethyltamoxifen,3,"ABCB1, ABCG2",True,0.0019249043103716,3,2,IEC (self) (2.2e-03); Endothelial (self) (2.6e-02),IEC (self) (2.2e-03); Endothelial (self) (2.6e-02),,True
13473_HS4_UC-Slice_1,N-desmethylimatinib,10,"ABCB1, ABCG2, SLC22A1, SLC22A2",True,0.0019249043103716,4,2,IEC (self) (2.2e-03); Endothelial (self) (2.8e-02),IEC (self) (2.2e-03); Endothelial (self) (2.8e-02),,True
13473_HS4_UC-Slice_1,Neurotransmitter,3,"SLC6A5, SLC6A9",True,0.0091768691727761,1,1,IEC (self) (2.2e-03),IEC (self) (2.2e-03),,True
13473_HS4_UC-Slice_1,Nicotinate,6,"SLC16A1, SLC22A5, SLCO2B1",True,0.0019249043103716,5,3,IEC (self) (2.2e-03); Fibroblast–Myofibroblast (4.1e-03); MAST–T (3.3e-02),IEC (self) (2.2e-03),Fibroblast–Myofibroblast (4.1e-03); MAST–T (3.3e-02),True
13473_HS4_UC-Slice_1,Norepinephrine,10,"SLC22A1, SLC22A2, SLC22A5, SLC6A2",True,0.0019249043103716,1,3,IEC (self) (2.2e-03); MAST–Plasma (2.1e-02); Fibroblast–Plasma (4.6e-02),IEC (self) (2.2e-03),MAST–Plasma (2.1e-02); Fibroblast–Plasma (4.6e-02),True
13473_HS4_UC-Slice_1,O-Deethylated candesartan,1,ABCB1,True,0.0019249043103716,1,1,IEC (self) (2.2e-03),IEC (self) (2.2e-03),,True
13473_HS4_UC-Slice_1,O-Desmethylverapamil (D-702),66,"ABCB1, ABCC1, ABCC2, ABCC3, ABCC4, ABCG2, SLC22A1, SLC22A4, SLC22A5, SLC6A4, SLCO1B1",True,0.0019249043103716,15,3,IEC (self) (2.2e-03); MAST–Plasma (2.1e-02); Endothelial (self) (3.6e-02),IEC (self) (2.2e-03); Endothelial (self) (3.6e-02),MAST–Plasma (2.1e-02),True
13473_HS4_UC-Slice_1,Oxalic acid,1,SLCO2B1,True,0.0019249043103716,1,4,IEC–MNP (1.5e-02); Fibroblast–Myofibroblast (1.6e-02); MAST–T (2.9e-02); IEC (self) (3.9e-02),IEC (self) (3.9e-02),IEC–MNP (1.5e-02); Fibroblast–Myofibroblast (1.6e-02); MAST–T (2.9e-02),True
13473_HS4_UC-Slice_1,Phosphate,6,"ATP7A, ATP7B, SLC20A2",True,0.0210456212775574,1,1,IEC (self) (2.2e-03),IEC (self) (2.2e-03),,True
13473_HS4_UC-Slice_1,Potassium,1,ABCC8,False,0.1900235583770622,0,0,,,,False
13473_HS4_UC-Slice_1,Progesterone,15,"ABCB1, ABCC1, SLC10A1, SLC22A1, SLC22A2",True,0.0019249043103716,2,1,IEC (self) (2.2e-03),IEC (self) (2.2e-03),,True
13473_HS4_UC-Slice_1,Propionyl-L-Carnitine,1,SLC22A8,False,0.0329560550277704,0,0,,,,False
13473_HS4_UC-Slice_1,Prostaglandins,6,"SLC22A1, SLC22A2, SLCO1B1",False,0.6302948492724879,0,0,,,,False
13473_HS4_UC-Slice_1,Putrescine,1,SLC22A4,False,0.0638085320750449,0,0,,,,False
13473_HS4_UC-Slice_1,Pyruvate,1,SLC16A1,True,0.0019249043103716,1,4,IEC (self) (2.2e-03); IEC–Plasma (1.0e-02); Endothelial–Fibroblast (1.3e-02); IEC–T (4.0e-02),IEC (self) (2.2e-03),IEC–Plasma (1.0e-02); Endothelial–Fibroblast (1.3e-02); IEC–T (4.0e-02),True
13473_HS4_UC-Slice_1,Serotonin,6,"SLC22A1, SLC22A2, SLC6A4",False,0.6054373775209699,0,0,,,,False
13473_HS4_UC-Slice_1,Sodium,78,"SLC10A1, SLC12A2, SLC1A5, SLC22A4, SLC22A5, SLC29A1, SLC5A1, SLC5A3, SLC5A5, SLC5A7, SLC6A2, SLC6A4",True,0.0019249043103716,8,9,Fibroblast–IEC (2.2e-03); IEC (self) (2.2e-03); IEC–T (2.2e-03); IEC–MAST (8.9e-03); Enteric_glia–T (2.0e-02); Enteric_glia–IEC (2.1e-02); MNP–Pericyte (2.5e-02); Muscularis_mucosa (self) (3.8e-02); Fibroblast–Myofibroblast (4.9e-02),IEC (self) (2.2e-03); Muscularis_mucosa (self) (3.8e-02),Fibroblast–IEC (2.2e-03); IEC–T (2.2e-03); IEC–MAST (8.9e-03); Enteric_glia–T (2.0e-02); Enteric_glia–IEC (2.1e-02); MNP–Pericyte (2.5e-02); Fibroblast–Myofibroblast (4.9e-02),True
13473_HS4_UC-Slice_1,Sodium_D-Glucose cotransport,1,SLC5A2,False,0.0125556260516697,0,0,,,,False
13473_HS4_UC-Slice_1,Sodium_calcium_potassium exchange,1,SLC24A1,False,0.4651560413114952,0,0,,,,False
13473_HS4_UC-Slice_1,Sodium_hydrogen exchange,3,"SLC9A1, SLC9A3",True,0.0019249043103716,3,4,IEC (self) (2.2e-03); IEC–T (2.2e-03); Endothelial (self) (1.0e-02); Fibroblast–IEC (1.6e-02),IEC (self) (2.2e-03); Endothelial (self) (1.0e-02),IEC–T (2.2e-03); Fibroblast–IEC (1.6e-02),True
13473_HS4_UC-Slice_1,Spermine,3,"SLC22A1, SLC22A4",False,0.0797518279991651,0,0,,,,False
13473_HS4_UC-Slice_1,Sulfolithocholic acid,10,"ABCC3, SLC10A1, SLCO1B1, SLCO1B3",True,0.0019249043103716,1,2,IEC (self) (2.0e-02); IEC–T (3.0e-02),IEC (self) (2.0e-02),IEC–T (3.0e-02),True
13473_HS4_UC-Slice_1,Taurocholic acid,78,"ABCB1, ABCC1, ABCC2, ABCC3, ABCC4, ABCG2, SLC10A1, SLC16A1, SLC22A1, SLCO1B1, SLCO1B3, SLCO2B1",True,0.0019249043103716,13,4,IEC (self) (2.2e-03); Fibroblast–Myofibroblast (4.1e-03); Muscularis_mucosa–T (1.0e-02); Endothelial (self) (3.0e-02),IEC (self) (2.2e-03); Endothelial (self) (3.0e-02),Fibroblast–Myofibroblast (4.1e-03); Muscularis_mucosa–T (1.0e-02),True
13473_HS4_UC-Slice_1,Testosterone,15,"ABCB1, ABCG2, SLC10A1, SLC22A1, SLC22A4",True,0.0019249043103716,6,3,IEC (self) (2.2e-03); MAST–Plasma (2.8e-02); Endothelial (self) (3.3e-02),IEC (self) (2.2e-03); Endothelial (self) (3.3e-02),MAST–Plasma (2.8e-02),True
13473_HS4_UC-Slice_1,Thiamine,1,SLC19A1,False,0.8545594405216776,0,0,,,,False
13473_HS4_UC-Slice_1,Thymidine,3,"SLC22A1, SLC29A1",False,0.4253303727120843,0,0,,,,False
13473_HS4_UC-Slice_1,Thyroxine,1,SLCO1B1,False,0.3915464180384495,0,0,,,,False
13473_HS4_UC-Slice_1,Trihydroxycoprostanoic acid,10,"ABCC3, SLC10A1, SLCO1B1, SLCO1B3",True,0.0019249043103716,1,2,IEC (self) (2.0e-02); IEC–T (3.0e-02),IEC (self) (2.0e-02),IEC–T (3.0e-02),True
13473_HS4_UC-Slice_1,Urate,1,SLC22A12,False,0.019508580143532,0,0,,,,False
13473_HS4_UC-Slice_1,Urea,3,"SLC5A1, SLC5A5",True,0.0019249043103716,1,2,IEC (self) (7.5e-03); IEC–T (1.5e-02),IEC (self) (7.5e-03),IEC–T (1.5e-02),True
13473_HS4_UC-Slice_1,Uridine,1,SLC29A1,False,0.6302948492724879,0,0,,,,False
13473_HS4_UC-Slice_1,Ursocholic acid,10,"ABCC3, SLC10A1, SLCO1B1, SLCO1B3",True,0.0019249043103716,1,2,IEC (self) (2.0e-02); IEC–T (3.0e-02),IEC (self) (2.0e-02),IEC–T (3.0e-02),True
13473_HS4_UC-Slice_1,Ursodeoxycholic acid,10,"ABCC3, SLC10A1, SLCO1B1, SLCO1B3",True,0.0019249043103716,1,2,IEC (self) (2.0e-02); IEC–T (3.0e-02),IEC (self) (2.0e-02),IEC–T (3.0e-02),True
13473_HS4_UC-Slice_1,Ursodeoxycholic acid 3-sulfate,10,"ABCC3, SLC10A1, SLCO1B1, SLCO1B3",True,0.0019249043103716,1,2,IEC (self) (2.0e-02); IEC–T (3.0e-02),IEC (self) (2.0e-02),IEC–T (3.0e-02),True
13473_HS4_UC-Slice_1,Varanic acid,10,"ABCC3, SLC10A1, SLCO1B1, SLCO1B3",True,0.0019249043103716,1,2,IEC (self) (2.0e-02); IEC–T (3.0e-02),IEC (self) (2.0e-02),IEC–T (3.0e-02),True
13473_HS4_UC-Slice_1,Vitamin C,1,SLC23A2,False,0.4664057726250555,0,0,,,,False
13473_HS4_UC-Slice_1,Vitamin D3,1,CD36,True,0.0019249043103716,1,4,Endothelial–IEC (4.1e-03); Endothelial–MNP (1.9e-02); Endothelial–Fibroblast (2.6e-02); Fibroblast–MNP (4.6e-02),,Endothelial–IEC (4.1e-03); Endothelial–MNP (1.9e-02); Endothelial–Fibroblast (2.6e-02); Fibroblast–MNP (4.6e-02),True
13473_HS4_UC-Slice_1,Water,28,"AQP4, AQP5, AQP7, AQP8, AQP9, ATP7A, ATP7B",True,0.0019249043103716,4,7,Enteric_glia–Muscularis_mucosa (2.2e-03); IEC (self) (2.2e-03); IEC–MNP (2.2e-03); IEC–T (2.2e-03); MAST–T (4.1e-03); Fibroblast–MAST (7.5e-03); Enteric_glia–MNP (2.8e-02),IEC (self) (2.2e-03),Enteric_glia–Muscularis_mucosa (2.2e-03); IEC–MNP (2.2e-03); IEC–T (2.2e-03); MAST–T (4.1e-03); Fibroblast–MAST (7.5e-03); Enteric_glia–MNP (2.8e-02),True
13473_HS4_UC-Slice_1,Zinc,3,"SLC30A8, SLC39A8",True,0.0019249043103716,1,1,IEC (self) (4.0e-02),IEC (self) (4.0e-02),,True
13473_HS4_UC-Slice_1,alpha-Ketoisovaleric acid,1,SLC16A1,True,0.0019249043103716,1,4,IEC (self) (2.2e-03); IEC–Plasma (1.0e-02); Endothelial–Fibroblast (1.3e-02); IEC–T (4.0e-02),IEC (self) (2.2e-03),IEC–Plasma (1.0e-02); Endothelial–Fibroblast (1.3e-02); IEC–T (4.0e-02),True
13473_HS4_UC-Slice_1,alpha-Tocopherol,3,"NPC1L1, SCARB1",False,0.291809013911656,0,0,,,,False
