,Cell Type 1,Cell Type 2,Gene 1,Gene 2,C_p,Z,Z_pval,Z_FDR,C_norm_p,C_np,pval_np,FDR_np,C_norm_np,selected
463,B,IEC_ISC,CLCN3,CLCN3,,,,,,18.583569,0.017982017982017984,0.02385156906528712,1.496780685788545,True
555,B,MNP_mDC,ABCA1,ABCA1,,,,,,20.581654,0.011988011988011988,0.016798268670290453,0.5683042441531649,True
1030,Endothelial_arterial,Endothelial_arterial,ABCB1,ABCG2,,,,,,19.896679,0.005994005994005994,0.009338571612560345,0.934145484352144,True
1087,Endothelial_arterial,Endothelial_lymphatic,ABCG2,ABCG2,,,,,,22.011007,0.000999000999000999,0.001987915414338615,1.18425382779211,True
1089,Endothelial_arterial,Endothelial_lymphatic,ABCB1,ABCG2,,,,,,23.562717,0.01098901098901099,0.015596599830109368,0.6110015380042735,True
1239,Endothelial_arterial,Fibroblast_CTF_S2,SLC16A1,SLC16A1,,,,,,15.970646,0.003996003996003996,0.006635293540375551,0.9728373287709711,True
1241,Endothelial_arterial,Fibroblast_CTF_S2,SLC16A1,SLC22A5,,,,,,17.8697,0.01098901098901099,0.015596599830109368,1.088516445118849,True
1279,Endothelial_arterial,Fibroblast_CTF_S2,TAP1,TAP1,,,,,,31.226486,0.024975024975024976,0.03180855992625551,0.46022651268610626,True
1497,Endothelial_arterial,IEC_CT_absorptive_colonocyte,CD36,MSR1,,,,,,17.993196,0.002997002997002997,0.005220240459052042,0.21966081302218185,True
1536,Endothelial_arterial,IEC_Colonocyte_NOS,SLC16A1,SLC22A5,,,,,,19.259165,0.022977022977022976,0.029558525635186975,0.9310370592655818,True
1665,Endothelial_arterial,IEC_Goblet_2,SLC12A2,SLC12A2,,,,,,20.947079,0.03496503496503497,0.04286693387348539,1.7540302183234795,True
1956,Endothelial_arterial,MNP_macrophage,SLC3A2,SLC40A1,,,,,,106.693375,0.014985014985014986,0.020321527531834246,6.160548212092885,True
1962,Endothelial_arterial,MNP_macrophage,SLC12A2,SLC1A5,,,,,,15.010288,0.027972027972027972,0.035147164284440466,0.4128666859819693,True
1968,Endothelial_arterial,MNP_macrophage,FABP5,FABP5,,,,,,98.06915,0.022977022977022976,0.029558525635186975,0.31219929866532187,True
2203,Endothelial_arterial,Plasma,CPT1A,CPT1A,,,,,,144.97144,0.003996003996003996,0.006635293540375551,1.234057249522736,True
2302,Endothelial_arterial,T_CD8,SLCO2B1,SLCO2B1,,,,,,17.011847,0.00999000999000999,0.014381453498712027,0.6510032284801066,True
2353,Endothelial_arterial,T_CD8,SLC9A1,SLC9A1,,,,,,18.63219,0.015984015984015984,0.021512523074455513,1.1193474876203695,True
2381,Endothelial_arterial,T_gd_and_ambiguous,FABP5,FABP5,,,,,,18.966927,0.007992007992007992,0.011900967772682266,1.4919246420077534,True
2475,Endothelial_lymphatic,Endothelial_lymphatic,SLC26A2,SLC26A2,,,,,,25.552986,0.000999000999000999,0.001987915414338615,0.2546418618627843,True
2620,Endothelial_lymphatic,Fibroblast_CTF_S2,ABCA1,ABCA1,,,,,,17.931147,0.01998001998001998,0.026134989066571357,0.6202682877028023,True
2677,Endothelial_lymphatic,Fibroblast_cCF_S1,CD36,MSR1,,,,,,16.511642,0.02197802197802198,0.028431313118136667,0.4688036342232128,True
2873,Endothelial_lymphatic,IEC_CT_absorptive_colonocyte,AQP7,AQP8,,,,,,19.341679,0.03296703296703297,0.04068393636738961,19.341678619384766,True
2908,Endothelial_lymphatic,IEC_Colonocyte_NOS,SLC1A5,SLC5A3,,,,,,19.211693,0.01998001998001998,0.026134989066571357,1.3864912820630795,True
2910,Endothelial_lymphatic,IEC_Colonocyte_NOS,CD36,CD36,,,,,,63.15158,0.002997002997002997,0.005220240459052042,1.5867813940488973,True
2913,Endothelial_lymphatic,IEC_Colonocyte_NOS,CD36,MSR1,,,,,,18.267939,0.001998001998001998,0.0036867514955164363,0.45901028490658896,True
2964,Endothelial_lymphatic,IEC_Goblet,SLC12A2,SLC5A3,,,,,,18.03223,0.02097902097902098,0.027297186589221988,1.7363467966706945,True
3071,Endothelial_lymphatic,IEC_ISC,SLC22A5,SLC22A5,,,,,,14.956301,0.005994005994005994,0.009338571612560345,0.9259566149121379,True
3325,Endothelial_lymphatic,MNP_macrophage,FABP5,FABP5,,,,,,24.444794,0.023976023976023976,0.030700844635044248,2.2153586575507314,True
3326,Endothelial_lymphatic,MNP_macrophage,CD36,MSR1,,,,,,24.444794,0.016983016983016984,0.022679115737574616,1.0663464205946753,True
3442,Endothelial_lymphatic,Myofibroblast,CPT1A,CPT1A,,,,,,27.318657,0.000999000999000999,0.001987915414338615,27.31865692138672,True
3559,Endothelial_lymphatic,Plasma,CD36,CD36,,,,,,36.405823,0.03396603396603397,0.04178318361585294,0.5107681785945317,True
3829,Endothelial_venous,Endothelial_venous,SLC9A3,SLC9A3,,,,,,48.07663,0.000999000999000999,0.001987915414338615,48.076629638671875,True
3855,Endothelial_venous,Enteric_glia,CPT1A,CPT1A,,,,,,20.691439,0.006993006993006993,0.010628636274710604,20.691438674926758,True
4147,Endothelial_venous,IEC_Colonocyte_NOS,SLC1A5,SLC5A3,,,,,,35.888508,0.000999000999000999,0.001987915414338615,0.8648719429887729,True
4183,Endothelial_venous,IEC_Colonocyte_NOS,SLC9A3,SLC9A3,,,,,,19.310415,0.01898101898101898,0.024981696337195054,19.310415267944336,True
4326,Endothelial_venous,IEC_ISC,CD36,CD36,,,,,,66.726006,0.027972027972027972,0.035147164284440466,66.72600555419922,True
4335,Endothelial_venous,IEC_ISC,SLC20A2,SLC20A2,,,,,,21.55933,0.001998001998001998,0.0036867514955164363,0.6912519844102172,True
4359,Endothelial_venous,IEC_ISC,SLC9A1,SLC9A1,,,,,,15.711878,0.016983016983016984,0.022679115737574616,1.8930987371343775,True
4544,Endothelial_venous,MNP_macrophage,SLCO2B1,SLCO2B1,,,,,,25.525852,0.023976023976023976,0.030700844635044248,2.038038994900846,True
4562,Endothelial_venous,MNP_macrophage,CD36,CD36,,,,,,20.867626,0.03796203796203796,0.046126104498243274,20.867626190185547,True
4975,Endothelial_venous,T_gd_and_ambiguous,CD36,CD36,,,,,,14.893084,0.03896103896103896,0.047197554946198116,14.893083572387695,True
5083,Enteric_glia,Fibroblast_CTF_S2,SLC3A2,SLC40A1,,,,,,14.062086,0.024975024975024976,0.03180855992625551,2.039370089761767,True
5118,Enteric_glia,Fibroblast_CTF_S2,AQP7,AQP7,,,,,,14.062086,0.003996003996003996,0.006635293540375551,0.6431872515694036,True
5142,Enteric_glia,Fibroblast_cCF_S1,SLC3A2,SLC40A1,,,,,,25.722755,0.03796203796203796,0.046126104498243274,25.722755432128906,True
5157,Enteric_glia,Fibroblast_cCF_S1,ABCA1,ABCA1,,,,,,39.047726,0.025974025974025976,0.03294500925611429,0.7971216115960967,True
5389,Enteric_glia,IEC_Goblet,CPT1A,CPT1A,,,,,,18.134754,0.03496503496503497,0.04286693387348539,0.31733728960019486,True
5488,Enteric_glia,IEC_ISC,SLCO2B1,SLCO2B1,,,,,,18.332438,0.017982017982017984,0.02385156906528712,0.44737000534720867,True
5500,Enteric_glia,IEC_ISC,SLC12A2,SLC12A2,,,,,,117.97544,0.004995004995004995,0.008017454733795056,1.6039533950960956,True
5501,Enteric_glia,IEC_ISC,SLC12A2,SLC5A3,,,,,,41.181595,0.02197802197802198,0.028431313118136667,0.5598907562862342,True
5535,Enteric_glia,IEC_ISC,ABCG2,SLC22A5,,,,,,15.798768,0.030969030969030968,0.03845648285624155,15.798768043518066,True
5767,Enteric_glia,MNP_macrophage,AQP7,AQP7,,,,,,19.692507,0.008991008991008992,0.013153868164529146,2.2516527224207348,True
5826,Enteric_glia,Muscularis_mucosa,AQP7,AQP7,,,,,,26.495852,0.000999000999000999,0.001987915414338615,0.6733040668089096,True
6024,Enteric_glia,T_CD4,SLC3A1,SLC3A1,,,,,,19.151318,0.000999000999000999,0.001987915414338615,2.142869832495582,True
6032,Enteric_glia,T_CD4,SLC12A2,SLC5A3,,,,,,21.532236,0.000999000999000999,0.001987915414338615,2.0131777994677367,True
6091,Enteric_glia,T_CD8,SLC12A2,SLC5A3,,,,,,17.22966,0.03596403596403597,0.04394629181912343,0.9157302021157774,True
6096,Enteric_glia,T_CD8,CD36,CD36,,,,,,38.252346,0.03396603396603397,0.04178318361585294,38.25234603881836,True
6197,Fibroblast_CTF_S2,Fibroblast_CTF_S2,SLC16A1,SLC22A5,,,,,,17.384312,0.005994005994005994,0.009338571612560345,0.4332217945727339,True
6219,Fibroblast_CTF_S2,Fibroblast_CTF_S2,ABCA1,ABCA1,,,,,,48.577324,0.014985014985014986,0.020321527531834246,0.11551441045576077,True
6255,Fibroblast_CTF_S2,Fibroblast_cCF_S1,SLCO2B1,SLCO2B1,,,,,,22.75069,0.028971028971028972,0.0362793891251374,1.1510467883958744,True
6304,Fibroblast_CTF_S2,Fibroblast_cCF_S1,CLCN3,CLCN3,,,,,,18.835606,0.027972027972027972,0.035147164284440466,0.597159783812541,True
6451,Fibroblast_CTF_S2,IEC_CT_absorptive_colonocyte,CPT1A,CPT1A,,,,,,17.730864,0.022977022977022976,0.029558525635186975,0.2046579582183199,True
6499,Fibroblast_CTF_S2,IEC_Colonocyte_NOS,SLC3A2,SLC40A1,,,,,,79.03139,0.03896103896103896,0.047197554946198116,79.03138732910156,True
6509,Fibroblast_CTF_S2,IEC_Colonocyte_NOS,CD36,CD36,,,,,,556.1858,0.003996003996003996,0.006635293540375551,556.185791015625,True
6536,Fibroblast_CTF_S2,IEC_Colonocyte_NOS,ABCC3,SLC22A4,,,,,,10.538437,0.01898101898101898,0.024981696337195054,0.26629984042118743,True
6541,Fibroblast_CTF_S2,IEC_Colonocyte_NOS,SLC9A1,SLC9A3,,,,,,152.38403,0.001998001998001998,0.0036867514955164363,2.2339658684073807,True
6543,Fibroblast_CTF_S2,IEC_Colonocyte_NOS,SLC9A3,SLC9A3,,,,,,48.758175,0.013986013986013986,0.019174490868415238,0.3550610205539222,True
6545,Fibroblast_CTF_S2,IEC_Colonocyte_NOS,SLC26A2,SLC26A3,,,,,,261.05103,0.000999000999000999,0.001987915414338615,0.8909570621238105,True
6546,Fibroblast_CTF_S2,IEC_Colonocyte_NOS,SLC26A2,SLC26A2,,,,,,363.53238,0.001998001998001998,0.0036867514955164363,1.2407219624211558,True
6547,Fibroblast_CTF_S2,IEC_Colonocyte_NOS,SLC26A3,SLC26A3,,,,,,281.20862,0.000999000999000999,0.001987915414338615,1.05981163002717,True
6562,Fibroblast_CTF_S2,IEC_Goblet,SLC12A2,SLC12A2,,,,,,161.37769,0.03496503496503497,0.04286693387348539,0.837066756961105,True
6563,Fibroblast_CTF_S2,IEC_Goblet,SLC12A2,SLC5A3,,,,,,67.17777,0.006993006993006993,0.010628636274710604,0.34845139830999017,True
6564,Fibroblast_CTF_S2,IEC_Goblet,SLC12A2,SLC1A5,,,,,,74.309944,0.011988011988011988,0.016798268670290453,0.3854460035858189,True
6583,Fibroblast_CTF_S2,IEC_Goblet,ABCC3,SLC16A1,,,,,,14.92754,0.00999000999000999,0.014381453498712027,2.6956227338421863,True
6608,Fibroblast_CTF_S2,IEC_Goblet_2,SLC16A1,SLC16A1,,,,,,8.122349,0.01898101898101898,0.024981696337195054,1.7941438367756055,True
6619,Fibroblast_CTF_S2,IEC_Goblet_2,SLC16A9,SLC16A9,,,,,,11.157197,0.022977022977022976,0.029558525635186975,1.7220785108458831,True
6623,Fibroblast_CTF_S2,IEC_Goblet_2,SLC12A2,SLC1A5,,,,,,40.86001,0.03696303696303696,0.0450303953953589,0.4440422271231415,True
6626,Fibroblast_CTF_S2,IEC_Goblet_2,SLC5A1,SLC5A1,,,,,,14.736913,0.03196803196803197,0.039590865715606674,0.7587977168633108,True
6680,Fibroblast_CTF_S2,IEC_ISC,SLC12A2,SLC12A2,,,,,,286.8568,0.006993006993006993,0.010628636274710604,0.8481997406875398,True
6681,Fibroblast_CTF_S2,IEC_ISC,SLC12A2,SLC5A3,,,,,,78.018486,0.03996003996003996,0.048275167936074365,0.23069091252202373,True
6682,Fibroblast_CTF_S2,IEC_ISC,SLC12A2,SLC1A5,,,,,,100.1147,0.004995004995004995,0.008017454733795056,0.29602665663484423,True
6725,Fibroblast_CTF_S2,IEC_ISC,SCNN1A,SCNN1A,,,,,,24.08833,0.04095904095904096,0.04936615658104176,0.27249445034805664,True
6729,Fibroblast_CTF_S2,IEC_Tuft,SLC22A5,SLC22A5,,,,,,16.455723,0.000999000999000999,0.001987915414338615,2.381491730060595,True
6840,Fibroblast_CTF_S2,MAST,SLC26A2,SLC26A3,,,,,,17.143745,0.00999000999000999,0.014381453498712027,1.5414300194570345,True
6842,Fibroblast_CTF_S2,MAST,SLC26A3,SLC26A3,,,,,,14.10696,0.007992007992007992,0.011900967772682266,0.7072424372195036,True
6938,Fibroblast_CTF_S2,MNP_macrophage,ABCB1,ABCC3,,,,,,15.015396,0.011988011988011988,0.016798268670290453,0.5359586224580288,True
6975,Fibroblast_CTF_S2,Muscularis_mucosa,SLC12A2,SLC12A2,,,,,,23.50302,0.005994005994005994,0.009338571612560345,2.2926459836555,True
7034,Fibroblast_CTF_S2,Myofibroblast,SLC12A2,SLC12A2,,,,,,20.04857,0.023976023976023976,0.030700844635044248,1.0248230592039387,True
7061,Fibroblast_CTF_S2,Myofibroblast,TAP1,TAP1,,,,,,36.43663,0.004995004995004995,0.008017454733795056,1.0721504659541363,True
7071,Fibroblast_CTF_S2,Myofibroblast,CLCN3,CLCN3,,,,,,22.365175,0.014985014985014986,0.020321527531834246,0.39441038225560193,True
7142,Fibroblast_CTF_S2,Plasma,SLC22A5,SLC22A5,,,,,,21.18332,0.006993006993006993,0.010628636274710604,0.4875724759129538,True
7146,Fibroblast_CTF_S2,Plasma,SLC39A8,SLC39A8,,,,,,23.094074,0.007992007992007992,0.011900967772682266,0.667369718893119,True
7154,Fibroblast_CTF_S2,Plasma,SLC12A2,SLC1A5,,,,,,62.248947,0.011988011988011988,0.016798268670290453,0.7631227190229608,True
7171,Fibroblast_CTF_S2,Plasma,CD38,CD38,,,,,,20.664463,0.027972027972027972,0.035147164284440466,1.6155650917368483,True
7217,Fibroblast_CTF_S2,T_CD4,CD36,CD36,,,,,,46.361027,0.007992007992007992,0.011900967772682266,46.361026763916016,True
7258,Fibroblast_CTF_S2,T_CD8,SLCO2B1,SLCO2B1,,,,,,17.16981,0.004995004995004995,0.008017454733795056,1.1136792888077016,True
7308,Fibroblast_CTF_S2,T_CD8,SLC9A1,SLC9A3,,,,,,16.689363,0.027972027972027972,0.035147164284440466,16.689363479614258,True
7312,Fibroblast_CTF_S2,T_CD8,SLC26A2,SLC26A3,,,,,,42.481457,0.000999000999000999,0.001987915414338615,1.092846798155935,True
7313,Fibroblast_CTF_S2,T_CD8,SLC26A2,SLC26A2,,,,,,60.343456,0.001998001998001998,0.0036867514955164363,1.552351496568043,True
7335,Fibroblast_CTF_S2,T_gd_and_ambiguous,CD36,CD36,,,,,,25.505753,0.012987012987012988,0.017977837749189464,25.505752563476562,True
7866,Fibroblast_cCF_S1,Fibroblast_cCF_S1,CD36,CD36,,,,,,91.33344,0.03896103896103896,0.047197554946198116,1.1352839482462125,True
7867,Fibroblast_cCF_S1,Fibroblast_cCF_S1,CPT1A,CPT1A,,,,,,71.87136,0.03596403596403597,0.04394629181912343,0.2042057080413409,True
7907,Fibroblast_cCF_S1,Fibroblast_submucosal_S3,SLCO2B1,SLCO2B1,,,,,,36.400967,0.02097902097902098,0.027297186589221988,2.217331682548954,True
7930,Fibroblast_cCF_S1,Fibroblast_submucosal_S3,ABCA1,ABCA1,,,,,,22.558767,0.03196803196803197,0.039590865715606674,1.9388234018127233,True
7946,Fibroblast_cCF_S1,Fibroblast_submucosal_S3,TAP1,TAP1,,,,,,22.558767,0.002997002997002997,0.005220240459052042,1.9388234018127233,True
8015,Fibroblast_cCF_S1,IEC_BEST4_OTOP2,CLCN3,CLCN3,,,,,,15.454467,0.003996003996003996,0.006635293540375551,0.7621739998364985,True
8032,Fibroblast_cCF_S1,IEC_CT_absorptive_colonocyte,SLC40A1,SLC40A1,,,,,,16.123291,0.027972027972027972,0.035147164284440466,1.7582008461732148,True
8076,Fibroblast_cCF_S1,IEC_CT_absorptive_colonocyte,SLC9A1,SLC9A1,,,,,,53.909767,0.01098901098901099,0.015596599830109368,2.731379339754896,True
8092,Fibroblast_cCF_S1,IEC_Colonocyte_NOS,SLC3A2,SLC40A1,,,,,,125.25102,0.03296703296703297,0.04068393636738961,1.9014007437685478,True
8120,Fibroblast_cCF_S1,IEC_Colonocyte_NOS,ABCB1,SLC16A1,,,,,,29.893797,0.00999000999000999,0.014381453498712027,0.5372793974787456,True
8128,Fibroblast_cCF_S1,IEC_Colonocyte_NOS,ABCB1,SLC22A5,,,,,,46.75728,0.001998001998001998,0.0036867514955164363,0.8403657272392063,True
8148,Fibroblast_cCF_S1,IEC_Goblet,SLC3A1,SLC3A1,,,,,,18.135057,0.000999000999000999,0.001987915414338615,0.8029008759692987,True
8166,Fibroblast_cCF_S1,IEC_Goblet,ABCA1,ABCA1,,,,,,17.904503,0.024975024975024976,0.03180855992625551,0.19680840634753025,True
8236,Fibroblast_cCF_S1,IEC_Goblet_2,ABCB1,ABCC3,,,,,,15.529351,0.016983016983016984,0.022679115737574616,1.6313384717893984,True
8246,Fibroblast_cCF_S1,IEC_Goblet_2,ABCB1,SLC22A5,,,,,,18.491243,0.006993006993006993,0.010628636274710604,1.9424814490289695,True
8422,Fibroblast_cCF_S1,MAST,AQP7,AQP7,,,,,,18.59189,0.008991008991008992,0.013153868164529146,1.8481456303812451,True
8428,Fibroblast_cCF_S1,MAST,CLCN3,CLCN3,,,,,,21.963905,0.003996003996003996,0.006635293540375551,1.8391754865641845,True
8572,Fibroblast_cCF_S1,Muscularis_mucosa,SLC1A5,SLC5A3,,,,,,26.42521,0.007992007992007992,0.011900967772682266,1.2654404148967942,True
8628,Fibroblast_cCF_S1,Myofibroblast,SLC12A2,SLC5A3,,,,,,15.953,0.01098901098901099,0.015596599830109368,2.284342819304627,True
8747,Fibroblast_cCF_S1,Plasma,SLC12A2,SLC1A5,,,,,,65.01379,0.01098901098901099,0.015596599830109368,0.4770094730606916,True
8863,Fibroblast_cCF_S1,T_CD8,SLC12A2,SLC12A2,,,,,,22.703043,0.027972027972027972,0.035147164284440466,0.2924914267471132,True
8865,Fibroblast_cCF_S1,T_CD8,SLC12A2,SLC1A5,,,,,,22.882757,0.008991008991008992,0.013153868164529146,0.29480674913118166,True
8890,Fibroblast_cCF_S1,T_CD8,TAP1,TAP1,,,,,,38.008896,0.014985014985014986,0.020321527531834246,0.7015889437278282,True
8992,Fibroblast_submucosal_S3,IEC_Colonocyte_NOS,ABCA1,ABCA1,,,,,,15.51645,0.023976023976023976,0.030700844635044248,1.6864536182794825,True
9047,Fibroblast_submucosal_S3,IEC_Goblet,CPT1A,CPT1A,,,,,,17.78029,0.023976023976023976,0.030700844635044248,0.7025425622656782,True
9122,Fibroblast_submucosal_S3,IEC_Goblet_2,ABCG2,SLC16A1,,,,,,16.937307,0.004995004995004995,0.008017454733795056,1.3160168719540366,True
9159,Fibroblast_submucosal_S3,IEC_ISC,SLC12A2,SLC5A3,,,,,,26.2197,0.012987012987012988,0.017977837749189464,0.8054998632122015,True
9164,Fibroblast_submucosal_S3,IEC_ISC,CD36,CD36,,,,,,41.82074,0.024975024975024976,0.03180855992625551,41.82073974609375,True
9264,Fibroblast_submucosal_S3,MNP_mDC,SLCO2B1,SLCO2B1,,,,,,42.402172,0.008991008991008992,0.013153868164529146,0.5978465730576119,True
9277,Fibroblast_submucosal_S3,MNP_mDC,SLC12A2,SLC5A3,,,,,,15.568525,0.024975024975024976,0.03180855992625551,1.1002828445980775,True
9278,Fibroblast_submucosal_S3,MNP_mDC,SLC12A2,SLC1A5,,,,,,15.756065,0.01998001998001998,0.026134989066571357,1.113536964707627,True
9636,Fibroblast_submucosal_S3,T_CD4,CD36,CD36,,,,,,17.211037,0.03796203796203796,0.046126104498243274,17.211036682128906,True
9637,Fibroblast_submucosal_S3,T_CD4,CPT1A,CPT1A,,,,,,17.211037,0.03996003996003996,0.048275167936074365,2.3470677870011207,True
9716,Fibroblast_submucosal_S3,T_CD8,TAP1,TAP1,,,,,,20.662426,0.001998001998001998,0.0036867514955164363,1.8896775480543984,True
9790,IEC_BEST4_OTOP2,IEC_BEST4_OTOP2,SLC26A2,SLC26A3,,,,,,127.92117,0.027972027972027972,0.035147164284440466,0.42508755059385256,True
9792,IEC_BEST4_OTOP2,IEC_BEST4_OTOP2,SLC26A3,SLC26A3,,,,,,128.22406,0.014985014985014986,0.020321527531834246,0.7168784046391324,True
9796,IEC_BEST4_OTOP2,IEC_CT_absorptive_colonocyte,SLC16A1,SLC22A5,,,,,,45.95651,0.004995004995004995,0.008017454733795056,1.4826666895203715,True
9835,IEC_BEST4_OTOP2,IEC_CT_absorptive_colonocyte,AQP7,AQP8,,,,,,233.08144,0.000999000999000999,0.001987915414338615,20.61758251935871,True
9853,IEC_BEST4_OTOP2,IEC_Colonocyte_NOS,SLC16A1,SLC16A1,,,,,,32.057793,0.011988011988011988,0.016798268670290453,0.8360547341367233,True
9887,IEC_BEST4_OTOP2,IEC_Colonocyte_NOS,ABCC3,SLC16A1,,,,,,62.11151,0.026973026973026972,0.03404894369734925,0.3023309609604175,True
9894,IEC_BEST4_OTOP2,IEC_Colonocyte_NOS,AQP7,AQP8,,,,,,29.50815,0.022977022977022976,0.029558525635186975,1.7401263401763127,True
9899,IEC_BEST4_OTOP2,IEC_Colonocyte_NOS,ABCC3,SLC22A4,,,,,,42.73612,0.001998001998001998,0.0036867514955164363,0.2080202439520244,True
9904,IEC_BEST4_OTOP2,IEC_Colonocyte_NOS,SLC9A1,SLC9A3,,,,,,88.34781,0.00999000999000999,0.014381453498712027,1.5058913043563626,True
9908,IEC_BEST4_OTOP2,IEC_Colonocyte_NOS,SLC26A2,SLC26A3,,,,,,374.50885,0.000999000999000999,0.001987915414338615,1.0062844885366915,True
9909,IEC_BEST4_OTOP2,IEC_Colonocyte_NOS,SLC26A2,SLC26A2,,,,,,716.43896,0.000999000999000999,0.001987915414338615,1.92503172386329,True
9910,IEC_BEST4_OTOP2,IEC_Colonocyte_NOS,SLC26A3,SLC26A3,,,,,,260.1321,0.000999000999000999,0.001987915414338615,0.9845859829842545,True
10016,IEC_BEST4_OTOP2,IEC_Goblet_2,ABCB1,SLC22A5,,,,,,9.169828,0.014985014985014986,0.020321527531834246,0.9395391404169702,True
10043,IEC_BEST4_OTOP2,IEC_ISC,SLC12A2,SLC12A2,,,,,,128.61122,0.001998001998001998,0.0036867514955164363,1.384044198880527,True
10044,IEC_BEST4_OTOP2,IEC_ISC,SLC12A2,SLC5A3,,,,,,32.9626,0.012987012987012988,0.017977837749189464,0.3547256283239485,True
10629,IEC_BEST4_OTOP2,T_CD8,SLC3A2,SLC40A1,,,,,,20.696356,0.002997002997002997,0.005220240459052042,20.69635581970215,True
10682,IEC_CT_absorptive_colonocyte,IEC_CT_absorptive_colonocyte,SLC22A5,SLC22A5,,,,,,4267.9844,0.002997002997002997,0.005220240459052042,0.32274324043508623,True
10685,IEC_CT_absorptive_colonocyte,IEC_CT_absorptive_colonocyte,SLC3A1,SLC3A1,,,,,,1193.2579,0.000999000999000999,0.001987915414338615,0.19881807508259303,True
10686,IEC_CT_absorptive_colonocyte,IEC_CT_absorptive_colonocyte,SLC39A8,SLC39A8,,,,,,28.935331,0.026973026973026972,0.03404894369734925,0.06386965802516464,True
10687,IEC_CT_absorptive_colonocyte,IEC_CT_absorptive_colonocyte,SLC40A1,SLC40A1,,,,,,1030.8903,0.006993006993006993,0.010628636274710604,0.08022964635561403,True
10690,IEC_CT_absorptive_colonocyte,IEC_CT_absorptive_colonocyte,SLC16A9,SLC16A9,,,,,,1339.9052,0.001998001998001998,0.0036867514955164363,0.3449196011490318,True
10691,IEC_CT_absorptive_colonocyte,IEC_CT_absorptive_colonocyte,SLC22A4,SLC22A5,,,,,,459.06537,0.013986013986013986,0.019174490868415238,0.22552086804108007,True
10698,IEC_CT_absorptive_colonocyte,IEC_CT_absorptive_colonocyte,CD36,CD36,,,,,,15044.298,0.005994005994005994,0.009338571612560345,78.43925297548817,True
10701,IEC_CT_absorptive_colonocyte,IEC_CT_absorptive_colonocyte,CD36,MSR1,,,,,,21.757013,0.01998001998001998,0.026134989066571357,0.11343858574919706,True
10704,IEC_CT_absorptive_colonocyte,IEC_CT_absorptive_colonocyte,ABCG2,ABCG2,,,,,,6156.518,0.000999000999000999,0.001987915414338615,0.41910877120838574,True
10705,IEC_CT_absorptive_colonocyte,IEC_CT_absorptive_colonocyte,ABCB1,ABCB1,,,,,,4970.724,0.000999000999000999,0.001987915414338615,0.35410841121814585,True
10706,IEC_CT_absorptive_colonocyte,IEC_CT_absorptive_colonocyte,ABCB1,ABCG2,,,,,,5417.389,0.000999000999000999,0.001987915414338615,0.3859282916773957,True
10710,IEC_CT_absorptive_colonocyte,IEC_CT_absorptive_colonocyte,SLC15A1,SLC15A1,,,,,,298.75204,0.008991008991008992,0.013153868164529146,0.11840527480537123,True
10719,IEC_CT_absorptive_colonocyte,IEC_CT_absorptive_colonocyte,TAP1,TAP1,,,,,,2351.9473,0.001998001998001998,0.0036867514955164363,0.269845825821103,True
10720,IEC_CT_absorptive_colonocyte,IEC_CT_absorptive_colonocyte,AQP7,AQP8,,,,,,84917.06,0.000999000999000999,0.001987915414338615,11.297787850562118,True
10722,IEC_CT_absorptive_colonocyte,IEC_CT_absorptive_colonocyte,AQP5,AQP9,,,,,,11237.377,0.000999000999000999,0.001987915414338615,11237.376953125,True
10723,IEC_CT_absorptive_colonocyte,IEC_CT_absorptive_colonocyte,AQP7,AQP7,,,,,,1593.2,0.017982017982017984,0.02385156906528712,0.2119672362885347,True
10724,IEC_CT_absorptive_colonocyte,IEC_CT_absorptive_colonocyte,ABCB1,SLC22A5,,,,,,4689.3237,0.000999000999000999,0.001987915414338615,0.3340617856535674,True
10726,IEC_CT_absorptive_colonocyte,IEC_CT_absorptive_colonocyte,ABCC3,SLC22A5,,,,,,4908.7134,0.000999000999000999,0.001987915414338615,1.1837228908261348,True
10730,IEC_CT_absorptive_colonocyte,IEC_CT_absorptive_colonocyte,SLC9A1,SLC9A3,,,,,,61432.977,0.000999000999000999,0.001987915414338615,9.146750883468544,True
10736,IEC_CT_absorptive_colonocyte,IEC_CT_absorptive_colonocyte,SLC26A3,SLC26A3,,,,,,70010.414,0.000999000999000999,0.001987915414338615,0.9413252441482398,True
10737,IEC_CT_absorptive_colonocyte,IEC_CT_absorptive_colonocyte,SCNN1A,SCNN1A,,,,,,9266.012,0.000999000999000999,0.001987915414338615,0.47264344339446235,True
10740,IEC_CT_absorptive_colonocyte,IEC_Colonocyte_NOS,SLC16A1,SLC22A5,,,,,,177.23642,0.015984015984015984,0.021512523074455513,0.4395298615106552,True
10746,IEC_CT_absorptive_colonocyte,IEC_Colonocyte_NOS,SLC40A1,SLC40A1,,,,,,119.81504,0.004995004995004995,0.008017454733795056,0.15073335375799415,True
10747,IEC_CT_absorptive_colonocyte,IEC_Colonocyte_NOS,SLC3A2,SLC40A1,,,,,,458.4345,0.000999000999000999,0.001987915414338615,3.447139850368802,True
10763,IEC_CT_absorptive_colonocyte,IEC_Colonocyte_NOS,ABCG2,ABCG2,,,,,,244.4395,0.000999000999000999,0.001987915414338615,0.5894920192401979,True
10764,IEC_CT_absorptive_colonocyte,IEC_Colonocyte_NOS,ABCB1,ABCB1,,,,,,339.51038,0.000999000999000999,0.001987915414338615,0.587950127141593,True
10765,IEC_CT_absorptive_colonocyte,IEC_Colonocyte_NOS,ABCB1,ABCG2,,,,,,221.21457,0.000999000999000999,0.001987915414338615,0.38309030658925536,True
10766,IEC_CT_absorptive_colonocyte,IEC_Colonocyte_NOS,SLC20A2,SLC20A2,,,,,,66.07251,0.005994005994005994,0.009338571612560345,0.2457748265298687,True
10767,IEC_CT_absorptive_colonocyte,IEC_Colonocyte_NOS,ABCC3,ABCG2,,,,,,63.959183,0.000999000999000999,0.001987915414338615,0.1328529858514223,True
10769,IEC_CT_absorptive_colonocyte,IEC_Colonocyte_NOS,SLC15A1,SLC15A1,,,,,,18.676449,0.005994005994005994,0.009338571612560345,0.23946302722343685,True
10779,IEC_CT_absorptive_colonocyte,IEC_Colonocyte_NOS,AQP7,AQP8,,,,,,4232.8047,0.000999000999000999,0.001987915414338615,10.659866001419564,True
10781,IEC_CT_absorptive_colonocyte,IEC_Colonocyte_NOS,AQP5,AQP9,,,,,,748.8453,0.000999000999000999,0.001987915414338615,748.8452758789062,True
10787,IEC_CT_absorptive_colonocyte,IEC_Colonocyte_NOS,ABCB1,SLC15A1,,,,,,42.212227,0.005994005994005994,0.009338571612560345,0.07310140104670339,True
10788,IEC_CT_absorptive_colonocyte,IEC_Colonocyte_NOS,CLCN3,CLCN3,,,,,,236.16187,0.007992007992007992,0.011900967772682266,0.3640933265412264,True
10789,IEC_CT_absorptive_colonocyte,IEC_Colonocyte_NOS,SLC9A1,SLC9A3,,,,,,5175.046,0.000999000999000999,0.001987915414338615,8.219727034613332,True
10790,IEC_CT_absorptive_colonocyte,IEC_Colonocyte_NOS,SLC9A1,SLC9A1,,,,,,969.21844,0.000999000999000999,0.001987915414338615,1.539447419350021,True
10791,IEC_CT_absorptive_colonocyte,IEC_Colonocyte_NOS,SLC9A3,SLC9A3,,,,,,237.38396,0.007992007992007992,0.011900967772682266,0.05063574510444084,True
10793,IEC_CT_absorptive_colonocyte,IEC_Colonocyte_NOS,SLC26A2,SLC26A3,,,,,,6621.396,0.000999000999000999,0.001987915414338615,1.4001227859484684,True
10794,IEC_CT_absorptive_colonocyte,IEC_Colonocyte_NOS,SLC26A2,SLC26A2,,,,,,7374.81,0.000999000999000999,0.001987915414338615,1.5594354440016296,True
10795,IEC_CT_absorptive_colonocyte,IEC_Colonocyte_NOS,SLC26A3,SLC26A3,,,,,,6721.01,0.000999000999000999,0.001987915414338615,1.3619410323322207,True
10796,IEC_CT_absorptive_colonocyte,IEC_Colonocyte_NOS,SCNN1A,SCNN1A,,,,,,855.8641,0.000999000999000999,0.001987915414338615,0.8491534909873192,True
10797,IEC_CT_absorptive_colonocyte,IEC_Goblet,SLC16A1,SLC16A1,,,,,,15.100325,0.004995004995004995,0.008017454733795056,1.5909767767806684,True
10799,IEC_CT_absorptive_colonocyte,IEC_Goblet,SLC16A1,SLC22A5,,,,,,12.719105,0.01098901098901099,0.015596599830109368,1.3400904152948503,True
10800,IEC_CT_absorptive_colonocyte,IEC_Goblet,SLC22A5,SLC22A5,,,,,,33.25521,0.003996003996003996,0.006635293540375551,0.8788263113573214,True
10807,IEC_CT_absorptive_colonocyte,IEC_Goblet,SLC16A9,SLC22A5,,,,,,11.07789,0.008991008991008992,0.013153868164529146,2.2003806160874175,True
10808,IEC_CT_absorptive_colonocyte,IEC_Goblet,SLC16A9,SLC16A9,,,,,,12.719105,0.013986013986013986,0.019174490868415238,2.5263719518979277,True
10834,IEC_CT_absorptive_colonocyte,IEC_Goblet,ABCB1,SLC16A1,,,,,,15.303354,0.02197802197802198,0.028431313118136667,1.4655431478366738,True
10842,IEC_CT_absorptive_colonocyte,IEC_Goblet,ABCB1,SLC22A5,,,,,,13.727834,0.029970029970029972,0.03737377323807049,1.3146616315393957,True
10853,IEC_CT_absorptive_colonocyte,IEC_Goblet,SLC26A2,SLC26A2,,,,,,67.1959,0.003996003996003996,0.006635293540375551,0.9586605348913172,True
10911,IEC_CT_absorptive_colonocyte,MAST,SLC26A2,SLC26A3,,,,,,21.542381,0.023976023976023976,0.030700844635044248,0.41118022772039764,True
10912,IEC_CT_absorptive_colonocyte,MAST,SLC26A2,SLC26A2,,,,,,25.162254,0.022977022977022976,0.029558525635186975,0.4802728783391747,True
10932,IEC_CT_absorptive_colonocyte,MNP_mDC,SLC1A5,SLC5A3,,,,,,12.481255,0.006993006993006993,0.010628636274710604,2.588244519825376,True
10935,IEC_CT_absorptive_colonocyte,MNP_mDC,CPT1A,CPT1A,,,,,,13.479595,0.001998001998001998,0.0036867514955164363,0.502574090241442,True
10974,IEC_CT_absorptive_colonocyte,MNP_macrophage,SLC16A1,SLC16A1,,,,,,16.962389,0.03896103896103896,0.047197554946198116,0.31446413201494616,True
10994,IEC_CT_absorptive_colonocyte,MNP_macrophage,CPT1A,CPT1A,,,,,,38.630344,0.001998001998001998,0.0036867514955164363,0.14515210087131172,True
10999,IEC_CT_absorptive_colonocyte,MNP_macrophage,ABCG2,ABCG2,,,,,,19.840536,0.002997002997002997,0.005220240459052042,0.19848736296988206,True
11008,IEC_CT_absorptive_colonocyte,MNP_macrophage,ABCC3,SLC16A1,,,,,,17.690857,0.024975024975024976,0.03180855992625551,0.26466505911035115,True
11015,IEC_CT_absorptive_colonocyte,MNP_macrophage,AQP7,AQP8,,,,,,228.11346,0.000999000999000999,0.001987915414338615,6.542879922179786,True
11017,IEC_CT_absorptive_colonocyte,MNP_macrophage,AQP5,AQP9,,,,,,31.147163,0.00999000999000999,0.014381453498712027,31.14716339111328,True
11029,IEC_CT_absorptive_colonocyte,MNP_macrophage,SLC26A2,SLC26A3,,,,,,109.63735,0.004995004995004995,0.008017454733795056,0.17055688180192324,True
11031,IEC_CT_absorptive_colonocyte,MNP_macrophage,SLC26A3,SLC26A3,,,,,,140.47424,0.006993006993006993,0.010628636274710604,0.19867986873343696,True
11032,IEC_CT_absorptive_colonocyte,MNP_macrophage,SCNN1A,SCNN1A,,,,,,9.835934,0.03796203796203796,0.046126104498243274,0.06109932743033508,True
11057,IEC_CT_absorptive_colonocyte,Myofibroblast,ABCA1,ABCA1,,,,,,15.357024,0.016983016983016984,0.022679115737574616,1.7345056605556217,True
11261,IEC_CT_absorptive_colonocyte,T_CD4,SLC9A1,SLC9A3,,,,,,22.49912,0.01898101898101898,0.024981696337195054,1.0757568440720426,True
11262,IEC_CT_absorptive_colonocyte,T_CD4,SLC9A1,SLC9A1,,,,,,14.981086,0.004995004995004995,0.008017454733795056,0.71629490603808,True
11266,IEC_CT_absorptive_colonocyte,T_CD4,SLC26A2,SLC26A2,,,,,,77.93464,0.001998001998001998,0.0036867514955164363,0.6735897393757755,True
11277,IEC_CT_absorptive_colonocyte,T_CD8,SLC40A1,SLC40A1,,,,,,26.26002,0.023976023976023976,0.030700844635044248,0.4652010905713095,True
11310,IEC_CT_absorptive_colonocyte,T_CD8,AQP7,AQP8,,,,,,498.21133,0.000999000999000999,0.001987915414338615,28.079999126970314,True
11312,IEC_CT_absorptive_colonocyte,T_CD8,AQP5,AQP9,,,,,,43.308643,0.008991008991008992,0.013153868164529146,43.30864334106445,True
11315,IEC_CT_absorptive_colonocyte,T_CD8,ABCC3,SLC22A4,,,,,,11.197763,0.01998001998001998,0.026134989066571357,0.22090990257156087,True
11320,IEC_CT_absorptive_colonocyte,T_CD8,SLC9A1,SLC9A3,,,,,,354.98636,0.000999000999000999,0.001987915414338615,13.151186706617532,True
11324,IEC_CT_absorptive_colonocyte,T_CD8,SLC26A2,SLC26A3,,,,,,317.19415,0.000999000999000999,0.001987915414338615,0.679842785007806,True
11325,IEC_CT_absorptive_colonocyte,T_CD8,SLC26A2,SLC26A2,,,,,,296.90433,0.001998001998001998,0.0036867514955164363,0.6363555664985023,True
11326,IEC_CT_absorptive_colonocyte,T_CD8,SLC26A3,SLC26A3,,,,,,379.10934,0.000999000999000999,0.001987915414338615,0.7424477806524228,True
11328,IEC_Colonocyte_NOS,IEC_Colonocyte_NOS,SLC16A1,SLC16A1,,,,,,1115.9404,0.000999000999000999,0.001987915414338615,0.12867876209925713,True
11329,IEC_Colonocyte_NOS,IEC_Colonocyte_NOS,SLCO2B1,SLCO2B1,,,,,,873.09955,0.03396603396603397,0.04178318361585294,0.10164058788243865,True
11330,IEC_Colonocyte_NOS,IEC_Colonocyte_NOS,SLC16A1,SLC22A5,,,,,,1681.7847,0.000999000999000999,0.001987915414338615,0.19392609447112766,True
11331,IEC_Colonocyte_NOS,IEC_Colonocyte_NOS,SLC22A5,SLC22A5,,,,,,2098.8765,0.000999000999000999,0.001987915414338615,0.1630371159637893,True
11337,IEC_Colonocyte_NOS,IEC_Colonocyte_NOS,SLC3A2,SLC40A1,,,,,,1153.0096,0.000999000999000999,0.001987915414338615,0.8078237794626646,True
11338,IEC_Colonocyte_NOS,IEC_Colonocyte_NOS,SLC16A9,SLC22A5,,,,,,205.16957,0.028971028971028972,0.0362793891251374,0.15303556094263104,True
11347,IEC_Colonocyte_NOS,IEC_Colonocyte_NOS,CD36,CD36,,,,,,17721.387,0.005994005994005994,0.009338571612560345,54.76164038060908,True
11353,IEC_Colonocyte_NOS,IEC_Colonocyte_NOS,ABCG2,ABCG2,,,,,,46.28551,0.011988011988011988,0.016798268670290453,0.1751813466511918,True
11358,IEC_Colonocyte_NOS,IEC_Colonocyte_NOS,ABCC3,ABCC3,,,,,,1552.9921,0.002997002997002997,0.005220240459052042,0.14345736767230532,True
11362,IEC_Colonocyte_NOS,IEC_Colonocyte_NOS,ABCC3,SLC16A1,,,,,,1252.6818,0.000999000999000999,0.001987915414338615,0.11571625651393856,True
11365,IEC_Colonocyte_NOS,IEC_Colonocyte_NOS,ABCB1,SLC16A1,,,,,,296.2799,0.03196803196803197,0.039590865715606674,0.16075631627334314,True
11366,IEC_Colonocyte_NOS,IEC_Colonocyte_NOS,ABCG2,SLC22A4,,,,,,110.80601,0.000999000999000999,0.001987915414338615,0.41937844401730723,True
11369,IEC_Colonocyte_NOS,IEC_Colonocyte_NOS,AQP7,AQP8,,,,,,1166.8368,0.000999000999000999,0.001987915414338615,0.5355100141964633,True
11373,IEC_Colonocyte_NOS,IEC_Colonocyte_NOS,ABCB1,SLC22A5,,,,,,432.05115,0.026973026973026972,0.03404894369734925,0.23442342600161448,True
11374,IEC_Colonocyte_NOS,IEC_Colonocyte_NOS,ABCC3,SLC22A4,,,,,,199.76845,0.01098901098901099,0.015596599830109368,0.018453575078853004,True
11376,IEC_Colonocyte_NOS,IEC_Colonocyte_NOS,ABCG2,SLC22A5,,,,,,1670.4089,0.000999000999000999,0.001987915414338615,6.322161738276675,True
11378,IEC_Colonocyte_NOS,IEC_Colonocyte_NOS,CLCN3,CLCN3,,,,,,1591.3115,0.011988011988011988,0.016798268670290453,0.15010598656533622,True
11379,IEC_Colonocyte_NOS,IEC_Colonocyte_NOS,SLC9A1,SLC9A3,,,,,,10833.298,0.000999000999000999,0.001987915414338615,1.1639423260016288,True
11380,IEC_Colonocyte_NOS,IEC_Colonocyte_NOS,SLC9A1,SLC9A1,,,,,,3110.9312,0.000999000999000999,0.001987915414338615,0.3342421200915895,True
11381,IEC_Colonocyte_NOS,IEC_Colonocyte_NOS,SLC9A3,SLC9A3,,,,,,1361.5303,0.000999000999000999,0.001987915414338615,0.06621962354204253,True
11383,IEC_Colonocyte_NOS,IEC_Colonocyte_NOS,SLC26A2,SLC26A3,,,,,,19021.148,0.000999000999000999,0.001987915414338615,0.3350733735888932,True
11384,IEC_Colonocyte_NOS,IEC_Colonocyte_NOS,SLC26A2,SLC26A2,,,,,,35835.54,0.000999000999000999,0.001987915414338615,0.6312728701688541,True
11385,IEC_Colonocyte_NOS,IEC_Colonocyte_NOS,SLC26A3,SLC26A3,,,,,,12556.46,0.000999000999000999,0.001987915414338615,0.5649787933163642,True
11386,IEC_Colonocyte_NOS,IEC_Colonocyte_NOS,SCNN1A,SCNN1A,,,,,,1462.6829,0.03796203796203796,0.046126104498243274,0.1406232901130781,True
11401,IEC_Colonocyte_NOS,IEC_Goblet,SLC12A2,SLC5A3,,,,,,367.11496,0.002997002997002997,0.005220240459052042,0.1894475313530581,True
11403,IEC_Colonocyte_NOS,IEC_Goblet,SLC12A2,SLC5A1,,,,,,228.30396,0.005994005994005994,0.009338571612560345,0.11781492293600841,True
11415,IEC_Colonocyte_NOS,IEC_Goblet,SLC20A2,SLC20A2,,,,,,20.168829,0.02097902097902098,0.027297186589221988,0.1768181117458256,True
11430,IEC_Colonocyte_NOS,IEC_Goblet,AQP5,AQP9,,,,,,13.990929,0.029970029970029972,0.03737377323807049,13.990928649902344,True
11439,IEC_Colonocyte_NOS,IEC_Goblet,SLC9A1,SLC9A1,,,,,,45.71801,0.025974025974025976,0.03294500925611429,0.07503905194999777,True
11443,IEC_Colonocyte_NOS,IEC_Goblet,SLC26A2,SLC26A2,,,,,,631.7087,0.000999000999000999,0.001987915414338615,0.2547787070521801,True
11459,IEC_Colonocyte_NOS,IEC_Goblet_2,SLC12A2,SLC12A2,,,,,,1029.2109,0.02097902097902098,0.027297186589221988,0.7590957863144442,True
11462,IEC_Colonocyte_NOS,IEC_Goblet_2,SLC12A2,SLC5A1,,,,,,268.28918,0.016983016983016984,0.022679115737574616,0.1978770163633851,True
11463,IEC_Colonocyte_NOS,IEC_Goblet_2,SLC1A5,SLC5A3,,,,,,242.56526,0.007992007992007992,0.011900967772682266,0.40883769252314617,True
11465,IEC_Colonocyte_NOS,IEC_Goblet_2,CD36,CD36,,,,,,2205.2932,0.014985014985014986,0.020321527531834246,113.84795968937586,True
11466,IEC_Colonocyte_NOS,IEC_Goblet_2,CPT1A,CPT1A,,,,,,395.0061,0.03896103896103896,0.047197554946198116,0.16273158389581593,True
11512,IEC_Colonocyte_NOS,IEC_ISC,SLC39A8,SLC39A8,,,,,,159.2929,0.02097902097902098,0.027297186589221988,0.24560044549221724,True
11518,IEC_Colonocyte_NOS,IEC_ISC,SLC12A2,SLC12A2,,,,,,2451.223,0.000999000999000999,0.001987915414338615,0.8145952912555938,True
11519,IEC_Colonocyte_NOS,IEC_ISC,SLC12A2,SLC5A3,,,,,,623.0239,0.000999000999000999,0.001987915414338615,0.207044555678761,True
11520,IEC_Colonocyte_NOS,IEC_ISC,SLC12A2,SLC1A5,,,,,,423.7331,0.03496503496503497,0.04286693387348539,0.14081582807714357,True
11521,IEC_Colonocyte_NOS,IEC_ISC,SLC12A2,SLC5A1,,,,,,440.40295,0.000999000999000999,0.001987915414338615,0.14635558953411218,True
11534,IEC_Colonocyte_NOS,IEC_ISC,ABCC3,ABCG2,,,,,,15.819415,0.024975024975024976,0.03180855992625551,0.03681324634565674,True
11695,IEC_Colonocyte_NOS,MAST,SLC12A2,SLC12A2,,,,,,28.841291,0.03996003996003996,0.048275167936074365,0.39197474483836603,True
11708,IEC_Colonocyte_NOS,MAST,ABCB1,ABCB1,,,,,,14.085604,0.026973026973026972,0.03404894369734925,0.8144959291750304,True
11723,IEC_Colonocyte_NOS,MAST,AQP7,AQP8,,,,,,12.087638,0.016983016983016984,0.022679115737574616,1.160476914228,True
11737,IEC_Colonocyte_NOS,MAST,SLC26A2,SLC26A3,,,,,,143.49467,0.000999000999000999,0.001987915414338615,0.5025539345106361,True
11738,IEC_Colonocyte_NOS,MAST,SLC26A2,SLC26A2,,,,,,94.50767,0.002997002997002997,0.005220240459052042,0.33098928771716607,True
11739,IEC_Colonocyte_NOS,MAST,SLC26A3,SLC26A3,,,,,,111.69887,0.000999000999000999,0.001987915414338615,0.8010531746245437,True
11749,IEC_Colonocyte_NOS,MNP_mDC,SLC40A1,SLC40A1,,,,,,12.146485,0.04095904095904096,0.04936615658104176,12.146485328674316,True
11801,IEC_Colonocyte_NOS,MNP_macrophage,SLCO2B1,SLCO2B1,,,,,,233.65417,0.025974025974025976,0.03294500925611429,1.4836105667505668,True
11835,IEC_Colonocyte_NOS,MNP_macrophage,ABCB1,ABCC3,,,,,,13.474734,0.025974025974025976,0.03294500925611429,0.26714735712824944,True
11936,IEC_Colonocyte_NOS,Myofibroblast,SLC5A1,SLC5A1,,,,,,16.424555,0.03496503496503497,0.04286693387348539,0.16035152746872228,True
11985,IEC_Colonocyte_NOS,Pericyte,SLC40A1,SLC40A1,,,,,,17.057251,0.03496503496503497,0.04286693387348539,1.045438262500453,True
12036,IEC_Colonocyte_NOS,Plasma,SLC16A1,SLC16A1,,,,,,35.973457,0.00999000999000999,0.014381453498712027,0.10657291440494018,True
12062,IEC_Colonocyte_NOS,Plasma,ABCB1,ABCB1,,,,,,16.37962,0.03296703296703297,0.04068393636738961,0.21355979535175645,True
12103,IEC_Colonocyte_NOS,T_CD4,SLC40A1,SLC40A1,,,,,,18.217707,0.01998001998001998,0.026134989066571357,0.28921643746857656,True
12154,IEC_Colonocyte_NOS,T_CD8,SLC16A1,SLC16A1,,,,,,48.246822,0.011988011988011988,0.016798268670290453,0.2998716532050618,True
12157,IEC_Colonocyte_NOS,T_CD8,SLC22A5,SLC22A5,,,,,,98.49223,0.008991008991008992,0.013153868164529146,0.41736161953390705,True
12165,IEC_Colonocyte_NOS,T_CD8,SLC16A9,SLC16A9,,,,,,32.06015,0.007992007992007992,0.011900967772682266,0.7679395452697179,True
12173,IEC_Colonocyte_NOS,T_CD8,CD36,CD36,,,,,,708.96014,0.000999000999000999,0.001987915414338615,35.58042497582368,True
12199,IEC_Colonocyte_NOS,T_CD8,ABCB1,SLC22A5,,,,,,33.988636,0.023976023976023976,0.030700844635044248,0.582137979321635,True
12202,IEC_Colonocyte_NOS,T_CD8,ABCG2,SLC22A5,,,,,,86.0453,0.01098901098901099,0.015596599830109368,12.713879217541784,True
12205,IEC_Colonocyte_NOS,T_CD8,SLC9A1,SLC9A3,,,,,,369.42538,0.000999000999000999,0.001987915414338615,2.1182289779747596,True
12206,IEC_Colonocyte_NOS,T_CD8,SLC9A1,SLC9A1,,,,,,105.46207,0.003996003996003996,0.006635293540375551,0.604703453026984,True
12209,IEC_Colonocyte_NOS,T_CD8,SLC26A2,SLC26A3,,,,,,365.51782,0.000999000999000999,0.001987915414338615,0.32563557396453335,True
12210,IEC_Colonocyte_NOS,T_CD8,SLC26A2,SLC26A2,,,,,,793.31396,0.000999000999000999,0.001987915414338615,0.7067541787011485,True
12211,IEC_Colonocyte_NOS,T_CD8,SLC26A3,SLC26A3,,,,,,296.11136,0.000999000999000999,0.001987915414338615,0.6088619988763384,True
12285,IEC_Goblet,IEC_Goblet,SLC12A2,SLC12A2,,,,,,5316.4023,0.000999000999000999,0.001987915414338615,0.3838457913491471,True
12286,IEC_Goblet,IEC_Goblet,SLC12A2,SLC5A3,,,,,,1179.3523,0.000999000999000999,0.001987915414338615,0.08514957778842767,True
12287,IEC_Goblet,IEC_Goblet,SLC12A2,SLC1A5,,,,,,1258.6531,0.03896103896103896,0.047197554946198116,0.0908751171974787,True
12336,IEC_Goblet,IEC_Goblet_2,SLC16A1,SLC1A1,,,,,,14.951376,0.006993006993006993,0.010628636274710604,0.09719469749176242,True
12349,IEC_Goblet,IEC_Goblet_2,SLC5A1,SLC5A1,,,,,,63.24945,0.03596403596403597,0.04394629181912343,0.24364155256837428,True
12387,IEC_Goblet,IEC_Goblet_2,SLC26A2,SLC26A2,,,,,,85.6333,0.028971028971028972,0.0362793891251374,0.37196961912869325,True
12403,IEC_Goblet,IEC_ISC,SLC12A2,SLC12A2,,,,,,7755.385,0.000999000999000999,0.001987915414338615,0.8792980879263804,True
12404,IEC_Goblet,IEC_ISC,SLC12A2,SLC5A3,,,,,,1752.6581,0.03796203796203796,0.046126104498243274,0.19871469256959673,True
12410,IEC_Goblet,IEC_ISC,CPT1A,CPT1A,,,,,,1031.2891,0.03996003996003996,0.048275167936074365,0.16589223608092019,True
12419,IEC_Goblet,IEC_ISC,ABCC3,ABCG2,,,,,,16.037046,0.013986013986013986,0.019174490868415238,0.016285448427053584,True
12467,IEC_Goblet,IEC_Tuft,SLC5A1,SLC5A1,,,,,,32.586876,0.01098901098901099,0.015596599830109368,1.0158260240230959,True
12521,IEC_Goblet,MAST,SLC12A2,SLC12A2,,,,,,50.69134,0.004995004995004995,0.008017454733795056,0.4581871813516472,True
12527,IEC_Goblet,MAST,CD36,CD36,,,,,,50.915073,0.028971028971028972,0.0362793891251374,50.91507339477539,True
12633,IEC_Goblet,MNP_macrophage,SLC39A8,SLC39A8,,,,,,20.475319,0.005994005994005994,0.009338571612560345,0.39539778915678153,True
12649,IEC_Goblet,MNP_macrophage,MSR1,MSR1,,,,,,15.702056,0.024975024975024976,0.03180855992625551,0.82912824012959,True
12934,IEC_Goblet,T_CD4,SLC12A2,SLC12A2,,,,,,110.00011,0.000999000999000999,0.001987915414338615,0.44288315691887964,True
12937,IEC_Goblet,T_CD4,SLC12A2,SLC5A1,,,,,,37.716583,0.016983016983016984,0.022679115737574616,0.15185475671800763,True
12971,IEC_Goblet,T_CD4,CLCN3,CLCN3,,,,,,35.59976,0.004995004995004995,0.008017454733795056,0.9415332897236901,True
12993,IEC_Goblet,T_CD8,SLC12A2,SLC12A2,,,,,,203.76746,0.00999000999000999,0.014381453498712027,0.49199596405799495,True
13036,IEC_Goblet,T_CD8,SLC26A2,SLC26A2,,,,,,41.618984,0.028971028971028972,0.0362793891251374,0.6279410943371153,True
13053,IEC_Goblet,T_gd_and_ambiguous,SLC12A2,SLC5A3,,,,,,66.11319,0.03196803196803197,0.039590865715606674,0.4236601441968864,True
13115,IEC_Goblet_2,IEC_Goblet_2,SLC1A5,SLC5A3,,,,,,155.79431,0.014985014985014986,0.020321527531834246,0.2797045573041841,True
13118,IEC_Goblet_2,IEC_Goblet_2,CPT1A,CPT1A,,,,,,431.9317,0.000999000999000999,0.001987915414338615,0.2046169140297437,True
13128,IEC_Goblet_2,IEC_Goblet_2,ABCC3,ABCC3,,,,,,96.197876,0.01098901098901099,0.015596599830109368,0.22204887142846377,True
13229,IEC_Goblet_2,IEC_Tuft,SLC12A2,SLC12A2,,,,,,145.76167,0.024975024975024976,0.03180855992625551,1.004940695532884,True
13264,IEC_Goblet_2,IEC_Tuft,ABCG2,SLC22A5,,,,,,15.525915,0.03696303696303696,0.0450303953953589,15.525915145874023,True
13270,IEC_Goblet_2,IEC_Tuft,SLC6A9,SLC6A9,,,,,,10.733618,0.006993006993006993,0.010628636274710604,1.7512526213229627,True
13406,IEC_Goblet_2,MNP_macrophage,SLC12A2,SLC12A2,,,,,,30.76265,0.000999000999000999,0.001987915414338615,0.29207816746993076,True
13407,IEC_Goblet_2,MNP_macrophage,SLC12A2,SLC5A3,,,,,,49.789238,0.007992007992007992,0.011900967772682266,0.4727274668163765,True
13417,IEC_Goblet_2,MNP_macrophage,ABCA1,ABCA1,,,,,,17.467163,0.04095904095904096,0.04936615658104176,1.0022690509936278,True
13443,IEC_Goblet_2,MNP_macrophage,CLCN3,CLCN3,,,,,,13.963521,0.04095904095904096,0.04936615658104176,0.8052574895826708,True
13467,IEC_Goblet_2,Muscularis_mucosa,SLC12A2,SLC1A5,,,,,,42.273495,0.02197802197802198,0.028431313118136667,0.6221458970980317,True
13637,IEC_Goblet_2,Plasma,SLC40A1,SLC40A1,,,,,,22.638338,0.01098901098901099,0.015596599830109368,1.4667318203810147,True
13649,IEC_Goblet_2,Plasma,CPT1A,CPT1A,,,,,,42.62448,0.006993006993006993,0.010628636274710604,0.15506919666075888,True
13669,IEC_Goblet_2,Plasma,TAP1,TAP1,,,,,,26.204763,0.03396603396603397,0.04178318361585294,0.31996895210356574,True
13708,IEC_Goblet_2,T_CD4,CPT1A,CPT1A,,,,,,30.588776,0.03396603396603397,0.04178318361585294,0.3209740735101598,True
13754,IEC_Goblet_2,T_CD8,SLC39A8,SLC39A8,,,,,,22.007944,0.022977022977022976,0.029558525635186975,0.8026648442126528,True
13758,IEC_Goblet_2,T_CD8,SLC16A9,SLC16A9,,,,,,22.635971,0.004995004995004995,0.008017454733795056,1.0127937075437827,True
13825,IEC_Goblet_2,T_gd_and_ambiguous,CD36,CD36,,,,,,93.38107,0.002997002997002997,0.005220240459052042,93.38107299804688,True
13873,IEC_ISC,IEC_ISC,SLC40A1,SLC40A1,,,,,,159.57379,0.025974025974025976,0.03294500925611429,0.06413525054570476,True
13874,IEC_ISC,IEC_ISC,SLC3A2,SLC40A1,,,,,,208.986,0.028971028971028972,0.0362793891251374,0.09820637506404285,True
13878,IEC_ISC,IEC_ISC,SLC12A2,SLC12A2,,,,,,13921.339,0.002997002997002997,0.005220240459052042,0.4695584878898083,True
13911,IEC_ISC,IEC_ISC,ABCC3,SLC22A4,,,,,,56.77262,0.026973026973026972,0.03404894369734925,0.019275442435148813,True
13982,IEC_ISC,IEC_NOS2_DUOX2_colonocyte,SCNN1A,SCNN1A,,,,,,19.82435,0.011988011988011988,0.016798268670290453,2.5197399258146307,True
13996,IEC_ISC,IEC_Tuft,SLC12A2,SLC12A2,,,,,,379.33194,0.02197802197802198,0.028431313118136667,0.8486725718231768,True
14034,IEC_ISC,IEC_Tuft,SLC9A1,SLC9A3,,,,,,16.157309,0.002997002997002997,0.005220240459052042,0.4311439059167118,True
14055,IEC_ISC,MAST,SLC12A2,SLC12A2,,,,,,73.276825,0.006993006993006993,0.010628636274710604,0.3322479446589345,True
14159,IEC_ISC,MNP_mDC,SCNN1A,SCNN1A,,,,,,15.163972,0.007992007992007992,0.011900967772682266,0.3484754513638866,True
14194,IEC_ISC,MNP_macrophage,ABCC3,SLC16A1,,,,,,18.284807,0.01898101898101898,0.024981696337195054,0.6450154109381746,True
14232,IEC_ISC,Muscularis_mucosa,SLC12A2,SLC12A2,,,,,,61.50362,0.029970029970029972,0.03737377323807049,0.6222283352305729,True
14330,IEC_ISC,Myofibroblast,SLC9A1,SLC9A1,,,,,,22.817104,0.005994005994005994,0.009338571612560345,0.40784582051210383,True
14453,IEC_ISC,Plasma,SLC26A3,SLC26A3,,,,,,19.801308,0.001998001998001998,0.0036867514955164363,1.3818104137720104,True
14468,IEC_ISC,T_CD4,SLC12A2,SLC12A2,,,,,,132.81758,0.001998001998001998,0.0036867514955164363,0.4098807075562512,True
14527,IEC_ISC,T_CD8,SLC12A2,SLC12A2,,,,,,391.00815,0.001998001998001998,0.0036867514955164363,0.5632995134106098,True
14532,IEC_ISC,T_CD8,SLC5A1,SLC5A1,,,,,,35.206882,0.007992007992007992,0.011900967772682266,0.27467751675892954,True
14572,IEC_ISC,T_CD8,SCNN1A,SCNN1A,,,,,,32.368004,0.03696303696303696,0.0450303953953589,0.36231724338135024,True
14586,IEC_ISC,T_gd_and_ambiguous,SLC12A2,SLC12A2,,,,,,218.14597,0.022977022977022976,0.029558525635186975,0.7256484459298748,True
14690,IEC_NOS2_DUOX2_colonocyte,T_CD8,SCNN1A,SCNN1A,,,,,,21.65566,0.00999000999000999,0.014381453498712027,1.734110530491827,True
14749,IEC_Tuft,IEC_Tuft,SCNN1A,SCNN1A,,,,,,32.04754,0.014985014985014986,0.020321527531834246,0.7726224725908015,True
14888,IEC_Tuft,MNP_macrophage,CPT1A,CPT1A,,,,,,17.827417,0.005994005994005994,0.009338571612560345,17.827417373657227,True
15595,MAST,Myofibroblast,CD36,CD36,,,,,,39.17109,0.023976023976023976,0.030700844635044248,39.17108917236328,True
15697,MAST,Plasma,SLC22A5,SLC22A5,,,,,,17.551504,0.012987012987012988,0.017977837749189464,0.32330620776974794,True
15732,MAST,Plasma,ABCG2,SLC22A4,,,,,,22.43884,0.006993006993006993,0.010628636274710604,22.438840866088867,True
15813,MAST,T_CD8,SLCO2B1,SLCO2B1,,,,,,22.95039,0.002997002997002997,0.005220240459052042,0.28713076220565126,True
15853,MAST,T_CD8,AQP7,AQP8,,,,,,29.922256,0.000999000999000999,0.001987915414338615,29.922256469726562,True
15869,MAST,T_CD8,SLC26A3,SLC26A3,,,,,,31.752815,0.000999000999000999,0.001987915414338615,2.4031603591083774,True
15938,MNP_mDC,MNP_mDC,SLC40A1,SLC40A1,,,,,,17.336128,0.03896103896103896,0.047197554946198116,0.27590049630555175,True
15947,MNP_mDC,MNP_mDC,SLC1A5,SLC5A3,,,,,,17.336128,0.013986013986013986,0.019174490868415238,0.49404862036165353,True
16009,MNP_mDC,MNP_macrophage,CPT1A,CPT1A,,,,,,14.949562,0.03996003996003996,0.048275167936074365,0.5712844133195962,True
16281,MNP_mDC,Plasma,SLC26A2,SLC26A2,,,,,,15.440176,0.01898101898101898,0.024981696337195054,1.992547765683373,True
16301,MNP_mDC,T_CD4,SLC1A5,SLC5A3,,,,,,21.17838,0.002997002997002997,0.005220240459052042,0.4465720637576544,True
16481,MNP_macrophage,MNP_macrophage,CPT1A,CPT1A,,,,,,62.0995,0.03396603396603397,0.04178318361585294,0.1619440956818027,True
16482,MNP_macrophage,MNP_macrophage,FABP5,FABP5,,,,,,224.86041,0.001998001998001998,0.0036867514955164363,0.9911707346740508,True
16501,MNP_macrophage,MNP_macrophage,TAP1,TAP1,,,,,,53.251774,0.01898101898101898,0.024981696337195054,0.28096379028073126,True
16552,MNP_macrophage,Muscularis_mucosa,CD38,CD38,,,,,,27.612926,0.003996003996003996,0.006635293540375551,1.9928010623351935,True
16655,MNP_macrophage,Pericyte,SLC1A5,SLC5A3,,,,,,23.308662,0.016983016983016984,0.022679115737574616,1.8402323967676026,True
16661,MNP_macrophage,Pericyte,MSR1,MSR1,,,,,,31.335882,0.01998001998001998,0.026134989066571357,0.3953938035413144,True
16699,MNP_macrophage,Plasma,SLC16A1,SLC22A5,,,,,,22.020565,0.014985014985014986,0.020321527531834246,0.2528109497503726,True
16717,MNP_macrophage,Plasma,CPT1A,CPT1A,,,,,,38.034054,0.03896103896103896,0.047197554946198116,0.22522898476047676,True
16737,MNP_macrophage,Plasma,TAP1,TAP1,,,,,,53.41686,0.012987012987012988,0.017977837749189464,0.46336533390882473,True
16745,MNP_macrophage,Plasma,ABCG2,SLC22A5,,,,,,14.964704,0.026973026973026972,0.03404894369734925,14.964703559875488,True
16812,MNP_macrophage,T_CD4,SLC26A2,SLC26A2,,,,,,20.87319,0.001998001998001998,0.0036867514955164363,1.674143076796801,True
16816,MNP_macrophage,T_CD8,SLCO2B1,SLCO2B1,,,,,,38.501637,0.03196803196803197,0.039590865715606674,0.09464535734886949,True
16836,MNP_macrophage,T_CD8,FABP5,FABP5,,,,,,18.987446,0.011988011988011988,0.016798268670290453,0.21376412838453732,True
16895,MNP_macrophage,T_gd_and_ambiguous,FABP5,FABP5,,,,,,20.578074,0.007992007992007992,0.011900967772682266,20.578073501586914,True
16949,Muscularis_mucosa,Muscularis_mucosa,SLC12A2,SLC5A1,,,,,,25.349243,0.015984015984015984,0.021512523074455513,0.310992087623688,True
17262,Muscularis_mucosa,T_CD8,ABCC3,SLC16A1,,,,,,23.030258,0.000999000999000999,0.001987915414338615,1.1919326259131704,True
17386,Myofibroblast,Myofibroblast,TAP1,TAP1,,,,,,22.563992,0.03796203796203796,0.046126104498243274,0.5277701225189394,True
17424,Myofibroblast,Pericyte,CD36,CD36,,,,,,22.775335,0.03196803196803197,0.039590865715606674,22.77533531188965,True
17488,Myofibroblast,Plasma,ABCA1,ABCA1,,,,,,25.281738,0.025974025974025976,0.03294500925611429,0.12529446877547679,True
17596,Myofibroblast,T_CD8,SLC12A2,SLC5A3,,,,,,18.719372,0.017982017982017984,0.02385156906528712,1.9595389927919844,True
17991,Plasma,Plasma,SLC26A2,SLC26A3,,,,,,28.902262,0.030969030969030968,0.03845648285624155,0.0736502911383651,True
18095,Plasma,T_CD8,AQP7,AQP8,,,,,,15.803445,0.017982017982017984,0.02385156906528712,1.027355527127057,True
18189,T_CD4,T_CD4,SLC1A5,SLC5A3,,,,,,22.618093,0.00999000999000999,0.014381453498712027,0.9108671822935277,True
18196,T_CD4,T_CD4,ABCA1,ABCA1,,,,,,40.023342,0.011988011988011988,0.016798268670290453,0.5152844369555611,True
18352,T_CD8,T_CD8,SLC22A5,SLC22A5,,,,,,39.220154,0.016983016983016984,0.022679115737574616,0.41392639625821637,True
18364,T_CD8,T_CD8,SLC12A2,SLC1A5,,,,,,46.112602,0.028971028971028972,0.0362793891251374,0.15474856030537676,True
18368,T_CD8,T_CD8,CD36,CD36,,,,,,223.19801,0.003996003996003996,0.006635293540375551,7.270234826253116,True
18402,T_CD8,T_CD8,SLC9A3,SLC9A3,,,,,,32.593403,0.016983016983016984,0.022679115737574616,0.46600927033959894,True
